field_filter,hobby_coding,hobby_gaming,hobby_reading,hobby_writing,hobby_music,hobby_drawing_art,hobby_sports,hobby_cooking,hobby_photography,hobby_travel,hobby_science_experiments,hobby_volunteering,hobby_debating,hobby_robotics,hobby_fashion,hobby_business_trading,grade_math,grade_science,grade_lang,grade_social,grade_cs,score_analytical,score_numeric,score_verbal,score_creative,score_social,top_career_1,top_career_2,top_career_3,top_career_4,top_career_5
all,0,0,0,0,0,1,0,0,0,0,1,0,0,1,0,1,97,89,62,56,80,96,97,62,78,66,Data Analyst,Data Scientist,Cybersecurity Analyst,Database Administrator,Systems Analyst
Defense,1,0,0,0,0,0,1,0,0,0,0,0,0,0,0,0,63,73,76,87,67,88,65,80,63,77,Defense Scientist,Navy Officer,Army Officer,Air Force Officer,Coast Guard Officer
all,0,0,1,1,0,0,0,0,0,0,0,0,1,0,1,0,55,67,72,97,70,74,77,91,81,92,Accountant,Chartered Accountant (CA),Marketing Manager,Human Resource Manager,Operations Manager
Forensics,0,0,1,0,1,0,0,0,0,0,1,0,0,0,0,0,57,85,48,60,69,60,64,56,67,68,Criminologist,Forensic Scientist,Crime Scene Investigator,Forensic Psychologist,Digital Forensics Analyst
all,1,0,1,1,0,1,0,0,0,0,0,0,0,0,0,0,65,61,71,68,64,75,57,76,58,65,Public Relations Manager,IT Project Manager,Animator,Film Director,Video Editor
Law & Government,0,0,0,1,1,0,0,0,0,0,0,0,1,0,0,0,38,54,59,93,47,70,39,67,32,85,Social Welfare Officer,Lawyer / Advocate,Judge,Legal Advisor,Public Prosecutor
all,0,0,1,0,1,0,0,1,0,0,0,0,0,0,0,0,87,70,64,76,72,86,74,71,61,75,Public Relations Manager,IT Project Manager,Training Manager,Accountant,Chartered Accountant (CA)
all,0,0,1,0,0,0,0,0,0,0,0,0,1,0,0,0,80,87,58,44,100,89,87,66,88,31,Financial Analyst,Business Analyst,Risk Analyst,Credit Analyst,Data Analyst
Aviation,0,0,0,0,0,0,0,0,0,1,0,0,0,1,1,0,86,47,89,93,64,94,72,88,41,75,Aircraft Maintenance Engineer,Pilot,Commercial Pilot,Air Traffic Controller,Flight Dispatcher
Law & Government,0,0,0,0,0,1,1,0,0,0,0,0,1,1,0,0,63,69,74,99,56,76,67,90,66,78,Social Welfare Officer,Lawyer / Advocate,Judge,Legal Advisor,Public Prosecutor
Aviation,0,1,0,0,0,0,0,0,0,0,0,0,1,0,0,0,82,60,61,78,60,71,79,68,46,78,Aircraft Maintenance Engineer,Pilot,Commercial Pilot,Air Traffic Controller,Flight Dispatcher
all,0,0,0,1,0,0,0,1,0,0,0,0,1,0,0,0,36,21,54,79,75,66,16,71,73,65,Graphic Designer,Fashion Designer,Interior Designer,Social Media Manager,VFX Artist
all,0,0,0,1,0,0,0,1,0,0,0,0,0,0,0,0,48,59,75,72,61,53,46,81,61,79,Social Worker,School Teacher,Professor,Special Education Teacher,Social Welfare Officer
Education,0,0,0,0,0,0,1,0,0,0,0,1,0,0,0,0,65,73,91,91,63,58,58,77,69,94,School Teacher,Professor,Special Education Teacher,Training Manager,College Lecturer
Defense,1,0,0,1,0,0,0,0,0,1,0,0,0,0,0,0,50,45,52,64,71,50,58,44,67,100,Navy Officer,Army Officer,Air Force Officer,Defense Scientist,Coast Guard Officer
all,0,0,1,0,1,0,0,0,0,0,0,1,0,0,0,1,57,70,55,77,75,72,67,52,61,87,Accountant,Chartered Accountant (CA),Marketing Manager,Human Resource Manager,Operations Manager
Fashion,0,0,0,1,0,1,0,0,0,0,0,0,0,0,0,0,58,60,90,78,78,60,49,82,81,73,Cosmetologist,Fashion Designer,Textile Designer,Makeup Artist,Fashion Stylist
Biotech,0,0,1,0,0,0,0,0,1,0,1,0,0,0,0,0,72,50,39,70,93,92,48,40,79,60,Food Technologist,Biotechnologist,Microbiologist,Geneticist,Marine Biologist
Research,0,0,1,1,0,0,1,0,0,0,0,0,0,0,0,0,78,50,72,68,85,97,63,67,58,43,Research Scientist,Data Scientist,Research Analyst,Laboratory Researcher,Scientific Writer
Space Science,0,0,1,0,0,0,0,0,0,0,0,0,0,1,0,0,100,80,42,58,79,87,77,53,69,66,Space Scientist,ISRO Scientist,DRDO Scientist,Astronomer,Aerospace Engineer
Engineering,0,0,0,0,0,1,0,0,0,1,0,0,0,1,0,0,81,86,52,53,68,61,96,46,84,62,Civil Engineer,Mechanical Engineer,Electrical Engineer,Electronics Engineer,Chemical Engineer
Research,0,0,1,0,0,1,0,0,1,0,1,0,0,0,0,0,73,60,83,71,70,83,76,71,77,65,Research Scientist,Data Scientist,Research Analyst,Laboratory Researcher,Scientific Writer
all,0,1,0,0,0,0,1,0,0,0,0,0,0,0,0,0,50,88,38,95,50,44,70,64,83,89,IT Support Specialist,Technical Consultant,Ethical Hacker,Game Tester,Esports Player
Hospitality,1,0,0,0,0,0,0,0,1,1,0,0,0,0,0,0,44,45,75,69,47,50,43,68,59,62,Wedding Planner,Hotel Manager,Event Manager,Airline Manager,NGO Program Manager
all,0,0,0,0,0,0,1,0,0,0,0,1,0,1,0,0,70,71,81,56,57,81,57,67,65,69,IT Project Manager,Software Developer,Web Developer,Mobile App Developer,Game Developer
all,0,1,0,0,0,0,0,0,0,1,0,0,0,1,0,0,90,92,90,78,87,82,92,89,77,66,IT Project Manager,Network Engineer,Cloud Engineer,AI Engineer,Machine Learning Engineer
all,1,1,0,0,0,0,0,0,0,0,0,0,0,1,0,0,70,68,54,41,68,72,54,55,57,35,Software Developer,Web Developer,Mobile App Developer,Data Analyst,Data Scientist
Healthcare,0,0,0,0,0,0,1,0,0,1,0,1,0,0,0,0,56,49,72,61,72,72,63,63,62,87,Doctor,Nurse,Pharmacist,Medical Lab Technologist,Medical Researcher
Fashion,0,0,0,1,0,1,0,0,1,0,0,0,0,0,0,1,45,71,52,43,81,54,68,60,74,67,Cosmetologist,Fashion Designer,Textile Designer,Makeup Artist,Fashion Stylist
Aviation,0,1,0,0,0,0,1,0,0,1,0,0,0,0,0,0,73,50,81,57,46,68,76,85,19,65,Aircraft Maintenance Engineer,Pilot,Commercial Pilot,Air Traffic Controller,Flight Dispatcher
Education,0,0,0,1,0,0,1,0,0,0,0,1,0,1,0,0,68,80,74,83,48,71,92,84,44,82,Training Manager,School Teacher,Professor,Special Education Teacher,College Lecturer
all,0,0,1,0,0,0,0,1,0,0,1,0,0,0,0,0,67,36,48,59,48,74,50,54,40,81,Doctor,Nurse,Pharmacist,Medical Lab Technologist,Medical Researcher
Education,0,0,0,1,0,0,0,0,1,0,0,1,0,0,0,0,70,68,72,90,69,66,71,78,100,81,Training Manager,School Teacher,Professor,Special Education Teacher,Curriculum Developer
all,0,0,1,0,0,0,0,0,0,0,1,1,1,0,0,0,56,44,67,58,73,85,36,73,75,53,Investment Banker,Auditor,Management Consultant,Banking Officer,Digital Marketing Specialist
Hospitality,1,0,0,0,0,0,0,1,0,1,0,0,0,0,1,0,41,51,68,67,59,58,51,72,58,78,Wedding Planner,Hotel Manager,Event Manager,Airline Manager,NGO Program Manager
all,1,0,0,0,0,1,0,0,0,0,0,0,0,0,0,0,72,91,38,43,72,39,74,49,94,56,UI/UX Designer,IT Support Specialist,Technical Consultant,Ethical Hacker,Game Tester
all,0,0,1,0,0,0,0,0,0,0,1,0,1,0,0,0,56,62,98,65,89,93,61,85,71,54,Accountant,Chartered Accountant (CA),Marketing Manager,Human Resource Manager,Operations Manager
Law & Government,0,0,0,1,0,0,0,0,0,1,0,0,1,0,0,0,63,49,96,82,41,70,55,89,31,90,Social Welfare Officer,Lawyer / Advocate,Judge,Legal Advisor,Public Prosecutor
Hospitality,0,0,0,0,0,0,0,0,0,1,1,0,0,0,0,0,27,51,100,87,42,39,67,92,45,90,Hotel Manager,Event Manager,Airline Manager,Wedding Planner,NGO Program Manager
Business & Finance,1,0,0,0,1,0,0,0,0,1,0,0,0,0,0,1,69,70,88,53,76,73,76,68,71,74,Accountant,Chartered Accountant (CA),Marketing Manager,Human Resource Manager,Operations Manager
Biotech,0,0,0,0,1,0,1,1,0,0,1,0,0,0,0,0,78,56,66,78,60,93,62,85,60,75,Tourism Manager,Real Estate Manager,Biomedical Engineer,Agricultural Scientist,Environmental Scientist
Sports / Fitness,0,0,0,1,0,0,0,0,0,1,0,0,0,0,0,0,46,72,65,94,59,36,56,61,78,86,Sports Coach,Fitness Trainer,Yoga Instructor,Sports Physiotherapist,Sports Psychologist
Business & Finance,0,0,1,1,0,0,0,0,0,0,0,0,1,0,0,0,70,82,88,80,48,60,92,74,72,76,Accountant,Chartered Accountant (CA),Marketing Manager,Human Resource Manager,Operations Manager
all,0,0,0,0,1,0,0,0,0,0,0,1,0,0,0,0,72,64,83,88,71,77,74,84,40,71,Public Relations Manager,IT Project Manager,Training Manager,Accountant,Chartered Accountant (CA)
all,0,1,0,1,1,0,0,0,0,0,0,0,0,0,0,0,47,72,72,38,94,65,50,60,100,60,Graphic Designer,Animator,Film Director,Video Editor,Journalist
Fashion,0,0,0,1,0,1,0,0,0,0,0,0,0,0,1,0,32,70,62,86,69,37,37,74,99,73,Fashion Designer,Textile Designer,Makeup Artist,Cosmetologist,Fashion Stylist
Design,0,0,0,1,0,0,0,0,1,0,0,0,0,0,1,0,55,75,87,91,62,54,57,87,85,79,Architect,Urban Planner,Interior Designer,Industrial Designer,Graphic Designer
Forensics,0,0,1,0,0,0,0,1,0,0,1,0,0,0,0,0,87,81,65,60,62,73,76,53,70,70,Criminologist,Forensic Scientist,Crime Scene Investigator,Forensic Psychologist,Digital Forensics Analyst
all,0,1,0,1,0,0,0,0,0,0,1,0,0,0,0,0,68,55,60,65,77,85,72,55,57,80,Software Developer,Web Developer,Mobile App Developer,Game Developer,Software Tester / QA Engineer
Research,0,0,1,1,0,1,0,0,0,0,0,0,0,1,0,0,84,85,93,88,68,84,94,85,63,67,Research Scientist,Data Scientist,Research Analyst,Laboratory Researcher,Scientific Writer
Media & Creative,0,0,0,1,0,0,0,0,1,0,1,0,0,0,0,0,72,91,80,57,75,54,63,70,97,69,Public Relations Manager,Graphic Designer,Animator,Film Director,Video Editor
Business & Finance,0,1,1,0,0,0,0,0,0,0,0,1,1,0,0,0,64,46,77,77,62,62,66,75,68,64,Accountant,Chartered Accountant (CA),Marketing Manager,Human Resource Manager,Operations Manager
Marine,0,0,0,0,0,0,0,0,0,1,0,0,1,0,0,0,65,49,64,57,40,56,56,68,33,47,Ship Captain,Marine Engineer,Marine Biologist,Naval Architect,Oceanographer
all,0,0,0,1,0,0,0,0,0,0,1,0,1,0,0,1,74,88,56,72,78,74,72,62,61,74,Accountant,Chartered Accountant (CA),Marketing Manager,Human Resource Manager,Operations Manager
all,0,0,1,0,0,1,0,0,0,0,1,0,0,0,0,1,51,48,90,62,46,61,70,80,33,53,Accountant,Chartered Accountant (CA),Marketing Manager,Human Resource Manager,Operations Manager
Science,0,0,1,0,0,0,0,0,0,0,1,0,0,0,0,1,100,73,20,32,62,80,96,40,44,58,Physicist,Chemist,Mathematician,Statistician,Geologist
all,0,1,1,0,0,0,0,0,0,0,1,0,0,0,0,0,58,69,86,62,56,63,80,85,75,35,Network Engineer,Cloud Engineer,AI Engineer,Machine Learning Engineer,DevOps Engineer
all,0,0,1,0,0,0,0,0,0,0,0,0,1,0,0,0,78,76,65,67,51,73,89,80,58,43,Accountant,Chartered Accountant (CA),Marketing Manager,Human Resource Manager,Operations Manager
IT & Computer,1,0,0,0,0,0,0,0,0,0,1,0,0,1,0,0,60,91,32,47,87,74,72,38,85,50,Software Developer,Web Developer,Mobile App Developer,Network Engineer,Cloud Engineer
Defense,1,0,0,0,0,0,1,0,0,0,0,0,0,0,0,0,76,66,50,56,61,77,58,58,51,49,Navy Officer,Army Officer,Air Force Officer,Defense Scientist,Coast Guard Officer
Marine,1,0,0,1,0,0,0,0,1,1,0,0,0,0,0,0,66,100,92,87,55,72,76,93,82,87,Marine Engineer,Ship Captain,Marine Biologist,Naval Architect,Oceanographer
all,0,0,0,1,0,0,0,0,0,0,1,0,0,0,1,0,74,65,33,29,81,91,81,40,85,49,Network Engineer,Cloud Engineer,AI Engineer,Machine Learning Engineer,DevOps Engineer
Research,0,0,1,0,0,0,0,0,1,0,1,0,0,1,0,0,68,55,100,82,72,81,65,89,65,78,Research Scientist,Data Scientist,Research Analyst,Laboratory Researcher,Scientific Writer
all,0,0,0,0,0,0,0,0,0,1,0,0,0,0,1,0,65,68,76,80,63,52,58,79,91,82,Social Worker,School Teacher,Professor,Special Education Teacher,Social Welfare Officer
Sports / Fitness,0,0,0,0,0,0,0,0,0,1,0,0,0,1,0,0,59,80,55,57,65,51,65,52,69,70,Sports Coach,Fitness Trainer,Yoga Instructor,Sports Physiotherapist,Sports Psychologist
Space Science,1,0,0,0,1,0,0,0,0,0,1,0,0,0,0,0,89,87,61,43,67,77,98,78,58,54,Space Scientist,ISRO Scientist,DRDO Scientist,Astronomer,Aerospace Engineer
Healthcare,0,0,0,0,0,0,0,0,0,0,1,1,0,0,0,0,48,48,57,73,69,62,70,78,47,87,Doctor,Nurse,Pharmacist,Medical Lab Technologist,Medical Researcher
all,0,0,0,1,0,0,0,0,0,0,0,1,0,0,0,0,36,55,77,72,73,57,30,82,98,55,Graphic Designer,Fashion Designer,Interior Designer,Social Media Manager,VFX Artist
Biotech,0,0,0,0,0,0,0,1,0,0,1,0,0,0,1,0,83,78,47,59,69,95,71,51,64,61,Biomedical Engineer,Agricultural Scientist,Food Technologist,Biotechnologist,Microbiologist
all,0,0,0,0,0,1,0,1,0,0,0,0,0,0,0,0,42,63,52,72,43,31,67,57,75,73,Graphic Designer,Animator,Film Director,Video Editor,Journalist
Marine,0,0,0,0,1,0,1,0,0,1,1,0,0,0,0,0,77,99,87,99,75,78,91,80,92,80,Marine Engineer,Ship Captain,Marine Biologist,Naval Architect,Oceanographer
Defense,0,0,0,0,0,0,1,1,0,1,0,0,0,0,0,0,78,75,60,72,50,58,93,62,46,89,Defense Scientist,Navy Officer,Army Officer,Air Force Officer,Coast Guard Officer
all,0,1,0,0,0,0,1,0,0,1,0,0,0,0,1,0,89,69,61,65,62,82,96,70,47,71,IT Project Manager,Data Analyst,Data Scientist,Cybersecurity Analyst,Network Engineer
Healthcare,0,0,0,0,1,1,1,0,0,0,0,0,1,0,0,0,52,67,75,61,55,74,52,68,62,75,Doctor,Nurse,Pharmacist,Medical Lab Technologist,Medical Researcher
Fashion,0,0,0,0,0,1,0,0,0,0,0,0,0,1,0,0,62,75,86,71,79,59,62,71,93,81,Fashion Designer,Textile Designer,Makeup Artist,Cosmetologist,Fashion Stylist
all,0,0,0,0,0,0,1,0,0,1,1,0,0,0,0,0,73,50,54,81,73,83,57,68,61,77,Doctor,Nurse,Pharmacist,Medical Lab Technologist,Medical Researcher
Research,0,0,1,1,0,0,0,0,0,1,0,0,0,0,0,0,88,80,71,69,93,100,75,67,67,50,Research Scientist,Data Scientist,Research Analyst,Laboratory Researcher,Scientific Writer
Fashion,0,1,0,0,0,0,0,0,1,0,0,0,0,1,1,0,66,61,74,61,84,70,49,69,83,71,Cosmetologist,Fashion Designer,Textile Designer,Makeup Artist,Fashion Stylist
Defense,0,0,0,0,0,0,1,0,0,1,0,1,0,0,0,0,70,50,70,88,70,62,74,66,51,59,Navy Officer,Army Officer,Air Force Officer,Defense Scientist,Coast Guard Officer
Space Science,1,0,0,0,0,0,0,0,0,0,1,0,0,0,0,0,85,78,48,44,77,87,74,56,68,49,Space Scientist,ISRO Scientist,DRDO Scientist,Astronomer,Aerospace Engineer
Aviation,1,1,0,0,0,0,0,0,0,1,0,0,0,0,1,0,65,24,69,59,47,75,72,79,24,58,Aircraft Maintenance Engineer,Pilot,Commercial Pilot,Air Traffic Controller,Flight Dispatcher
all,0,0,0,0,0,0,0,0,0,0,1,1,0,0,0,0,72,40,44,55,70,63,73,44,44,34,Network Engineer,Cloud Engineer,AI Engineer,Machine Learning Engineer,DevOps Engineer
Media & Creative,0,0,0,1,0,0,0,1,1,0,0,0,0,0,0,0,77,58,96,85,65,76,52,100,73,89,Public Relations Manager,Animator,Film Director,Video Editor,Journalist
all,0,0,0,0,1,0,1,0,1,0,0,0,0,0,0,0,54,78,71,76,57,50,54,69,91,83,Graphic Designer,Animator,Film Director,Video Editor,Journalist
Science,0,0,1,0,0,0,0,0,0,0,1,0,0,0,0,0,100,64,65,52,82,81,91,62,68,46,Physicist,Chemist,Mathematician,Statistician,Geologist
Marine,0,1,0,0,0,0,1,0,0,1,0,0,0,0,0,0,70,71,58,93,37,71,58,69,40,88,Ship Captain,Marine Engineer,Marine Biologist,Naval Architect,Oceanographer
Space Science,0,1,0,0,0,0,0,0,0,0,1,0,0,1,0,0,66,65,46,47,89,74,75,53,86,58,Astronomer,Space Scientist,ISRO Scientist,DRDO Scientist,Aerospace Engineer
all,0,0,0,0,1,1,0,0,0,0,0,0,0,0,0,0,50,69,54,79,78,56,76,54,90,65,Animator,Film Director,Video Editor,Journalist,Content Writer
all,0,0,1,1,0,0,0,0,0,0,0,0,0,0,0,1,58,44,73,78,63,60,67,66,51,75,Accountant,Chartered Accountant (CA),Marketing Manager,Human Resource Manager,Operations Manager
all,1,0,0,1,0,0,0,0,0,1,0,0,0,0,0,0,97,82,75,93,85,93,66,67,77,68,Software Developer,Web Developer,Mobile App Developer,Game Developer,Software Tester / QA Engineer
all,0,0,0,1,1,0,0,0,0,0,0,0,0,1,0,0,39,51,62,56,54,44,34,73,87,52,Graphic Designer,Fashion Designer,Interior Designer,Social Media Manager,VFX Artist
Science,0,0,0,0,0,1,0,0,1,0,1,0,0,0,0,1,57,89,93,76,50,57,78,89,95,51,Physicist,Chemist,Mathematician,Statistician,Geologist
all,1,0,1,0,0,0,0,1,0,0,1,0,0,0,0,0,62,80,45,47,82,81,54,56,79,55,Software Developer,Web Developer,Mobile App Developer,Game Developer,Software Tester / QA Engineer
Business & Finance,0,0,1,0,0,1,0,0,0,0,0,0,0,0,0,1,78,53,69,67,88,80,71,71,51,76,Accountant,Chartered Accountant (CA),Marketing Manager,Human Resource Manager,Operations Manager
Space Science,1,0,0,0,0,0,0,0,0,0,1,0,0,0,0,0,100,90,68,72,88,95,94,74,70,72,Space Scientist,ISRO Scientist,DRDO Scientist,Astronomer,Aerospace Engineer
all,0,0,0,1,0,0,0,0,0,0,1,0,0,1,0,0,81,95,76,40,91,84,79,75,90,41,Network Engineer,Cloud Engineer,AI Engineer,Machine Learning Engineer,DevOps Engineer
Engineering,0,0,0,0,0,0,0,0,0,0,0,0,0,1,1,0,57,55,55,49,66,70,75,64,59,26,Civil Engineer,Mechanical Engineer,Electrical Engineer,Electronics Engineer,Chemical Engineer
all,0,1,0,0,0,0,0,0,1,0,0,0,0,1,0,0,69,77,60,60,93,88,78,62,73,66,Software Developer,Web Developer,Mobile App Developer,Network Engineer,Cloud Engineer
all,0,0,0,0,1,0,0,0,0,0,1,0,0,0,1,0,45,61,70,75,62,39,53,81,82,77,Graphic Designer,Fashion Designer,Interior Designer,Social Media Manager,VFX Artist
Sports / Fitness,0,0,1,0,0,0,0,0,0,1,0,1,1,0,0,0,71,74,74,82,47,35,78,68,67,90,Sports Coach,Fitness Trainer,Yoga Instructor,Sports Physiotherapist,Sports Psychologist
Forensics,0,1,1,0,0,0,1,0,0,0,1,0,0,0,0,0,78,59,78,95,70,67,81,82,55,86,Criminologist,Forensic Scientist,Crime Scene Investigator,Forensic Psychologist,Digital Forensics Analyst
all,0,1,1,0,0,0,1,0,0,0,0,1,0,0,0,0,65,67,73,71,42,53,75,66,61,80,IT Project Manager,IT Support Specialist,Technical Consultant,Ethical Hacker,Game Tester
Design,0,0,0,1,0,1,0,0,1,0,1,0,0,0,0,0,49,63,47,76,74,55,34,54,98,65,Interior Designer,Industrial Designer,Graphic Designer,Architect,Urban Planner
all,0,0,0,0,0,0,1,0,1,1,0,0,0,0,0,0,73,41,83,77,56,50,55,80,43,54,Animator,Film Director,Video Editor,Journalist,Content Writer
Business & Finance,0,0,0,0,1,0,0,1,0,0,0,0,1,1,0,0,50,67,50,51,59,44,80,52,64,64,Investment Banker,Auditor,Management Consultant,Banking Officer,Digital Marketing Specialist
all,0,0,0,0,0,1,0,0,0,0,1,0,0,0,0,0,85,87,91,76,57,57,86,80,65,64,Public Relations Manager,IT Project Manager,Training Manager,Accountant,Chartered Accountant (CA)
Education,0,1,0,1,1,0,0,0,1,0,0,0,0,0,0,0,50,69,71,89,64,82,52,79,59,79,School Teacher,Professor,Special Education Teacher,Training Manager,College Lecturer
all,0,0,1,1,1,0,0,0,0,0,0,0,0,0,0,0,62,80,91,69,83,72,72,87,85,88,Public Relations Manager,IT Project Manager,Training Manager,Accountant,Chartered Accountant (CA)
all,0,0,0,1,0,1,0,0,0,1,0,1,0,0,0,0,74,41,67,76,51,61,59,79,51,84,Public Relations Manager,Doctor,Nurse,Pharmacist,Medical Lab Technologist
Education,0,0,0,0,0,0,0,0,0,0,0,1,0,1,0,1,47,37,84,100,64,64,46,85,61,91,School Teacher,Professor,Special Education Teacher,Training Manager,College Lecturer
Fashion,0,1,0,0,0,1,0,0,1,1,0,0,0,0,0,0,44,87,98,73,50,46,67,87,82,63,Cosmetologist,Fashion Designer,Textile Designer,Makeup Artist,Fashion Stylist
Marine,0,0,0,1,0,0,1,0,0,1,0,0,0,1,0,0,83,73,80,79,65,64,87,76,58,72,Marine Engineer,Ship Captain,Marine Biologist,Naval Architect,Oceanographer
Healthcare,0,0,0,0,0,0,0,1,0,0,0,0,1,0,1,0,50,53,74,53,86,65,69,78,72,76,Doctor,Nurse,Pharmacist,Medical Lab Technologist,Medical Researcher
Science,0,0,0,0,1,0,0,0,0,0,1,0,0,0,0,0,78,74,47,69,64,71,95,43,50,60,Physicist,Chemist,Mathematician,Statistician,Geologist
Fashion,0,0,0,1,0,0,0,0,1,0,0,0,0,0,0,0,41,76,60,67,71,40,69,71,84,71,Fashion Designer,Textile Designer,Makeup Artist,Cosmetologist,Fashion Stylist
Defense,0,1,0,0,0,0,0,0,0,1,0,0,0,0,0,0,78,76,66,68,56,81,82,64,54,68,Defense Scientist,Navy Officer,Army Officer,Air Force Officer,Coast Guard Officer
all,0,0,0,0,0,0,0,1,0,1,0,0,0,1,0,0,70,82,72,79,70,44,68,85,96,76,IT Project Manager,UI/UX Designer,Social Worker,School Teacher,Professor
all,0,0,0,0,0,0,1,0,1,1,0,0,1,0,0,0,50,90,50,60,67,61,69,55,55,76,Accountant,Chartered Accountant (CA),Investment Banker,Marketing Manager,Human Resource Manager
all,0,1,0,1,0,0,0,0,0,1,0,1,0,0,0,0,80,54,47,45,46,61,68,61,34,60,IT Project Manager,Public Relations Manager,IT Support Specialist,Technical Consultant,Ethical Hacker
Research,1,0,1,1,0,0,0,0,0,0,0,0,0,0,1,0,85,56,77,66,69,82,83,89,71,51,Research Scientist,Data Scientist,Research Analyst,Laboratory Researcher,Scientific Writer
Space Science,0,0,0,0,0,0,0,1,0,0,1,0,0,1,0,0,99,82,75,57,88,80,83,77,71,51,Space Scientist,ISRO Scientist,DRDO Scientist,Astronomer,Aerospace Engineer
all,0,0,1,0,1,0,0,1,0,0,0,1,0,0,0,0,70,57,57,76,52,49,58,59,57,63,Animator,Film Director,Video Editor,Journalist,Content Writer
all,0,0,0,1,1,0,0,0,0,1,0,1,0,0,0,0,27,92,75,82,83,63,54,74,83,84,Public Relations Manager,Animator,Film Director,Video Editor,Journalist
Design,0,0,0,0,1,1,0,0,1,0,0,0,0,0,0,0,77,79,64,61,82,67,50,61,81,63,Architect,Urban Planner,Interior Designer,Industrial Designer,Graphic Designer
Defense,0,0,0,0,0,0,1,0,0,0,0,1,0,1,0,0,69,87,73,73,80,57,77,69,74,76,Navy Officer,Army Officer,Air Force Officer,Defense Scientist,Coast Guard Officer
Media & Creative,0,0,0,0,0,0,1,0,1,0,0,0,0,0,0,0,50,75,88,55,67,50,76,90,89,46,Public Relations Manager,Graphic Designer,Animator,Film Director,Video Editor
Design,0,0,0,0,0,0,0,1,1,0,0,0,0,1,1,0,57,66,67,71,83,84,48,75,87,64,Architect,Urban Planner,Interior Designer,Industrial Designer,Graphic Designer
all,0,0,1,1,0,0,1,0,0,0,1,0,0,0,0,0,83,71,71,72,62,94,73,63,42,92,Public Relations Manager,IT Project Manager,Training Manager,Accountant,Chartered Accountant (CA)
IT & Computer,0,1,0,0,0,1,0,0,0,0,0,0,1,1,0,0,59,56,59,47,87,88,66,51,56,40,Software Developer,Web Developer,Mobile App Developer,Network Engineer,Cloud Engineer
all,0,0,0,0,1,0,0,0,0,1,0,0,0,0,0,0,55,67,47,46,67,70,72,59,62,69,Public Relations Manager,IT Project Manager,Training Manager,Accountant,Chartered Accountant (CA)
all,1,0,0,0,0,0,0,0,1,0,0,0,0,1,1,0,86,96,67,70,74,77,90,71,84,62,IT Project Manager,Network Engineer,Cloud Engineer,AI Engineer,Machine Learning Engineer
Space Science,1,0,0,0,0,0,0,0,0,0,1,0,0,0,1,0,100,100,66,53,88,91,96,62,87,28,Space Scientist,ISRO Scientist,DRDO Scientist,Astronomer,Aerospace Engineer
all,0,0,1,0,0,1,0,0,1,0,0,0,0,0,1,0,54,64,88,84,60,42,45,76,79,70,Graphic Designer,Fashion Designer,Interior Designer,Social Media Manager,VFX Artist
all,0,0,0,0,0,0,0,0,1,1,0,0,0,0,1,0,71,64,68,73,88,69,44,69,100,66,Graphic Designer,Fashion Designer,Interior Designer,Social Media Manager,VFX Artist
Fashion,0,0,0,0,0,1,0,1,1,0,0,0,0,0,1,0,59,66,87,71,81,77,30,78,84,60,Fashion Designer,Textile Designer,Makeup Artist,Cosmetologist,Fashion Stylist
IT & Computer,0,1,0,0,0,0,1,0,0,1,0,0,0,0,1,0,75,76,77,62,68,75,86,76,51,47,Network Engineer,Cloud Engineer,AI Engineer,Machine Learning Engineer,DevOps Engineer
Sports / Fitness,0,0,1,0,0,0,1,0,0,0,1,0,0,0,0,0,55,77,90,68,69,70,64,91,68,76,Sports Coach,Fitness Trainer,Yoga Instructor,Sports Physiotherapist,Sports Psychologist
Sports / Fitness,0,0,1,0,0,0,1,0,0,0,0,0,0,0,0,0,60,56,87,76,50,65,51,76,49,86,Sports Coach,Fitness Trainer,Yoga Instructor,Sports Physiotherapist,Sports Psychologist
all,0,0,1,0,0,0,0,1,0,0,1,0,0,0,0,0,83,86,92,70,64,75,95,76,69,70,IT Project Manager,Training Manager,Accountant,Chartered Accountant (CA),Marketing Manager
Media & Creative,0,0,0,0,1,0,0,1,0,0,0,1,1,0,0,0,32,50,72,44,48,39,39,58,84,51,Graphic Designer,Fashion Designer,Interior Designer,Social Media Manager,VFX Artist
all,0,0,1,0,0,0,1,1,0,0,0,0,1,0,0,0,68,50,92,87,71,74,71,88,59,85,Accountant,Chartered Accountant (CA),Marketing Manager,Human Resource Manager,Operations Manager
Business & Finance,1,0,1,0,0,0,0,1,0,0,0,0,0,0,1,0,78,70,100,100,63,82,74,100,62,71,Accountant,Chartered Accountant (CA),Marketing Manager,Human Resource Manager,Operations Manager
Research,0,0,1,1,0,0,0,0,0,0,0,0,1,0,0,1,82,77,56,48,92,86,70,54,91,62,Research Scientist,Data Scientist,Research Analyst,Laboratory Researcher,Scientific Writer
Forensics,0,0,1,0,0,0,0,0,1,0,1,0,0,0,1,0,93,71,53,53,94,88,83,65,72,45,Forensic Scientist,Criminologist,Crime Scene Investigator,Forensic Psychologist,Digital Forensics Analyst
Media & Creative,0,0,0,1,0,0,0,1,1,0,0,0,1,0,0,0,66,77,100,81,93,73,44,82,100,73,Public Relations Manager,Graphic Designer,Fashion Designer,Interior Designer,Social Media Manager
Education,0,0,1,0,0,0,1,0,0,0,0,1,0,0,0,0,71,66,83,100,74,55,52,87,79,95,School Teacher,Professor,Special Education Teacher,Training Manager,College Lecturer
Engineering,1,0,0,0,0,0,0,0,0,1,0,0,0,1,0,0,73,82,84,29,58,59,88,68,77,48,Civil Engineer,Mechanical Engineer,Electrical Engineer,Electronics Engineer,Chemical Engineer
IT & Computer,0,1,0,0,0,0,0,0,1,0,1,0,0,0,0,0,59,64,72,64,91,76,85,81,48,52,IT Project Manager,Network Engineer,Cloud Engineer,AI Engineer,Machine Learning Engineer
Business & Finance,0,0,1,0,0,0,0,0,0,0,0,0,1,1,1,0,55,83,83,82,66,57,53,75,59,69,Accountant,Chartered Accountant (CA),Investment Banker,Marketing Manager,Human Resource Manager
Biotech,0,0,0,0,0,0,0,1,0,0,1,1,0,0,1,0,58,60,61,82,66,62,69,70,66,50,Food Technologist,Biotechnologist,Microbiologist,Geneticist,Marine Biologist
all,0,0,1,1,0,0,0,0,0,0,1,0,1,0,0,0,83,85,89,81,76,94,89,90,78,50,Financial Analyst,Business Analyst,Risk Analyst,Credit Analyst,Accountant
Forensics,0,0,1,0,0,0,0,0,0,0,1,0,0,1,0,0,82,61,64,51,61,84,67,46,61,36,Forensic Scientist,Criminologist,Crime Scene Investigator,Forensic Psychologist,Digital Forensics Analyst
Education,0,0,0,1,0,1,0,0,0,0,0,1,0,1,0,0,61,33,74,59,50,80,39,74,43,97,School Teacher,Professor,Special Education Teacher,Training Manager,College Lecturer
IT & Computer,0,1,0,0,0,0,1,0,0,0,1,0,1,0,0,0,78,44,83,63,72,95,55,69,68,48,Software Developer,Web Developer,Mobile App Developer,Game Developer,Software Tester / QA Engineer
Business & Finance,1,0,1,0,0,0,0,0,0,0,0,0,0,0,0,1,67,72,35,58,84,78,74,53,71,90,Accountant,Chartered Accountant (CA),Marketing Manager,Human Resource Manager,Operations Manager
Biotech,0,1,0,0,0,0,0,1,0,0,1,0,0,0,0,0,82,73,43,64,70,74,81,49,73,88,Biomedical Engineer,Tourism Manager,Real Estate Manager,Food Technologist,Biotechnologist
all,0,0,0,1,0,1,0,0,0,0,0,1,0,0,0,0,82,71,93,84,44,66,66,84,43,79,Public Relations Manager,Doctor,Nurse,Pharmacist,Medical Lab Technologist
all,0,0,1,0,0,0,0,0,0,0,0,1,0,0,0,0,87,82,43,53,96,92,70,32,76,41,Software Developer,Web Developer,Mobile App Developer,Game Developer,Software Tester / QA Engineer
Education,0,1,1,1,0,0,0,0,1,0,0,0,0,0,0,0,37,65,72,78,35,51,64,80,49,78,School Teacher,Professor,Special Education Teacher,Training Manager,College Lecturer
Research,0,0,0,1,0,0,1,0,0,0,1,0,0,0,0,0,94,66,50,52,75,91,64,59,73,64,Research Scientist,Data Scientist,Research Analyst,Laboratory Researcher,Scientific Writer
Engineering,1,0,0,0,1,0,0,0,0,0,0,0,0,1,0,0,83,87,34,46,91,68,99,38,86,39,Civil Engineer,Mechanical Engineer,Electrical Engineer,Electronics Engineer,Chemical Engineer
all,1,0,1,0,0,0,0,1,0,0,0,0,0,0,1,0,70,50,57,44,62,71,51,55,83,50,IT Support Specialist,Technical Consultant,Ethical Hacker,Game Tester,Esports Player
Biotech,0,0,0,1,0,0,0,0,0,0,1,1,0,0,0,0,84,88,78,71,82,70,75,74,70,50,Tourism Manager,Real Estate Manager,Biomedical Engineer,Food Technologist,Biotechnologist
IT & Computer,0,0,0,0,0,0,0,0,0,1,1,0,0,1,0,0,96,59,34,28,49,85,98,47,21,39,Data Analyst,Data Scientist,Cybersecurity Analyst,Network Engineer,Cloud Engineer
Sports / Fitness,0,0,0,0,0,0,1,0,0,1,0,0,0,1,0,0,48,41,36,65,62,66,70,39,48,83,Sports Coach,Fitness Trainer,Yoga Instructor,Sports Physiotherapist,Sports Psychologist
Marine,0,0,0,0,0,0,1,0,0,0,0,1,0,1,0,0,85,76,45,55,88,89,75,50,84,46,Marine Engineer,Ship Captain,Marine Biologist,Naval Architect,Oceanographer
Science,0,0,1,0,0,0,0,0,0,1,1,0,0,0,0,1,86,88,44,58,83,100,77,40,93,74,Physicist,Chemist,Mathematician,Statistician,Geologist
IT & Computer,0,0,0,0,1,0,0,0,0,0,1,0,0,0,0,0,68,56,64,70,52,54,80,61,55,57,IT Support Specialist,Technical Consultant,Ethical Hacker,Game Tester,Esports Player
all,0,0,0,0,1,1,0,1,0,0,1,0,0,0,0,0,78,75,76,73,83,82,80,75,70,67,Public Relations Manager,IT Project Manager,Training Manager,Accountant,Chartered Accountant (CA)
Science,0,1,1,0,0,0,0,0,0,0,1,0,1,0,0,0,91,100,40,35,74,82,99,41,56,27,Physicist,Chemist,Mathematician,Statistician,Geologist
all,0,0,0,0,1,0,0,0,0,1,0,0,1,0,0,0,55,37,74,82,60,51,53,67,51,82,Investment Banker,Auditor,Management Consultant,Banking Officer,Digital Marketing Specialist
all,1,1,0,0,0,0,0,0,0,0,1,1,0,0,0,0,100,61,66,43,83,86,78,63,51,55,Software Developer,Web Developer,Mobile App Developer,Data Analyst,Data Scientist
Sports / Fitness,0,1,0,1,0,0,1,0,0,0,0,0,0,0,0,0,47,53,72,74,65,44,47,74,75,72,Sports Coach,Fitness Trainer,Yoga Instructor,Sports Physiotherapist,Sports Psychologist
all,0,0,0,0,0,1,1,0,1,0,1,0,0,0,0,0,74,65,52,67,88,83,80,58,77,63,Public Relations Manager,Network Engineer,Cloud Engineer,AI Engineer,Machine Learning Engineer
Defense,1,1,0,1,0,0,1,0,0,0,0,0,0,0,0,0,68,81,66,52,63,76,74,57,66,62,Navy Officer,Army Officer,Air Force Officer,Defense Scientist,Coast Guard Officer
Law & Government,0,0,1,0,1,0,0,0,0,0,0,0,0,0,0,0,66,52,69,68,75,69,42,74,58,65,Social Welfare Officer,Lawyer / Advocate,Judge,Legal Advisor,Public Prosecutor
all,1,0,0,0,0,1,0,0,0,0,0,0,0,0,1,0,60,89,69,76,73,55,66,71,100,59,UI/UX Designer,IT Support Specialist,Technical Consultant,Ethical Hacker,Game Tester
Law & Government,0,1,1,1,0,0,0,0,0,0,0,0,0,0,0,0,72,47,98,74,67,99,50,93,56,54,Social Welfare Officer,Lawyer / Advocate,Judge,Legal Advisor,Public Prosecutor
all,0,0,1,0,0,1,0,0,1,0,0,0,0,0,0,0,53,68,52,49,38,81,68,49,40,50,Animator,Film Director,Video Editor,Journalist,Content Writer
Research,0,0,0,0,1,0,1,0,0,0,1,0,0,0,0,1,100,79,90,44,81,100,99,77,68,53,Research Scientist,Data Scientist,Research Analyst,Laboratory Researcher,Scientific Writer
Law & Government,0,0,1,0,0,0,1,0,0,0,0,0,0,0,1,0,59,72,99,77,62,84,63,100,52,52,Social Welfare Officer,Lawyer / Advocate,Judge,Legal Advisor,Public Prosecutor
all,0,0,0,0,0,1,0,0,0,0,0,1,0,0,1,0,59,73,95,78,79,64,70,95,74,67,Public Relations Manager,IT Project Manager,Training Manager,Accountant,Chartered Accountant (CA)
Space Science,0,0,0,0,0,0,1,0,0,0,1,0,0,1,0,0,80,79,53,50,53,80,89,47,80,44,Space Scientist,ISRO Scientist,DRDO Scientist,Astronomer,Aerospace Engineer
IT & Computer,1,0,0,0,0,0,0,0,1,0,1,0,0,1,0,0,89,82,28,33,75,91,93,41,66,49,Network Engineer,Cloud Engineer,AI Engineer,Machine Learning Engineer,DevOps Engineer
all,0,0,0,0,0,1,0,0,0,0,1,0,1,0,0,0,61,74,67,81,100,79,62,53,89,97,Accountant,Chartered Accountant (CA),Investment Banker,Marketing Manager,Human Resource Manager
all,0,0,0,0,0,0,0,1,0,0,1,1,0,1,0,0,89,71,24,35,70,85,83,33,67,54,Network Engineer,Cloud Engineer,AI Engineer,Machine Learning Engineer,DevOps Engineer
all,0,0,0,0,0,0,1,0,1,1,0,1,0,0,0,0,52,70,71,100,63,45,71,68,61,81,Public Relations Manager,Animator,Film Director,Video Editor,Journalist
all,0,1,1,0,0,0,0,0,0,0,0,0,0,0,0,1,77,81,73,59,68,76,79,56,79,67,Network Engineer,Cloud Engineer,AI Engineer,Machine Learning Engineer,DevOps Engineer
IT & Computer,0,0,1,1,0,0,0,0,0,0,1,0,0,1,0,0,90,69,76,71,78,93,76,94,69,53,IT Project Manager,Software Developer,Web Developer,Mobile App Developer,Game Developer
IT & Computer,1,1,0,0,0,0,0,0,0,1,0,0,0,0,0,0,74,61,75,75,74,87,64,72,70,41,Software Developer,Web Developer,Mobile App Developer,Game Developer,Software Tester / QA Engineer
all,0,0,0,1,1,0,1,0,0,0,0,1,0,0,0,0,56,56,69,79,44,63,41,76,71,66,Animator,Film Director,Video Editor,Journalist,Content Writer
all,0,0,1,0,1,0,0,0,0,0,0,0,0,0,0,0,66,71,53,82,76,78,58,82,77,77,Public Relations Manager,Doctor,Nurse,Pharmacist,Medical Lab Technologist
all,0,0,0,0,0,0,1,0,0,0,1,0,0,1,0,0,89,64,35,37,69,86,74,39,38,46,Network Engineer,Cloud Engineer,AI Engineer,Machine Learning Engineer,DevOps Engineer
all,0,0,0,0,0,0,0,0,0,0,0,0,1,1,0,1,79,64,92,100,65,77,75,88,60,80,Accountant,Chartered Accountant (CA),Marketing Manager,Human Resource Manager,Operations Manager
all,0,1,0,0,1,0,0,0,0,0,1,0,0,0,0,0,91,53,60,44,59,85,79,64,64,64,Software Developer,Web Developer,Mobile App Developer,Network Engineer,Cloud Engineer
Design,0,0,0,0,0,0,0,0,1,0,0,0,0,1,1,0,54,70,72,69,59,45,57,65,94,87,Interior Designer,Industrial Designer,Graphic Designer,Architect,Urban Planner
Hospitality,0,0,0,0,1,0,0,1,0,0,0,1,0,0,0,0,61,65,86,70,61,36,51,79,78,92,Wedding Planner,Hotel Manager,Event Manager,Airline Manager,NGO Program Manager
Forensics,1,0,1,0,0,0,0,0,0,0,1,0,0,0,0,0,63,68,73,71,71,78,70,64,74,82,Forensic Scientist,Criminologist,Crime Scene Investigator,Forensic Psychologist,Digital Forensics Analyst
all,1,1,0,0,0,0,0,0,0,0,1,0,0,0,0,0,71,69,53,65,61,61,90,59,64,76,IT Project Manager,Network Engineer,Cloud Engineer,AI Engineer,Machine Learning Engineer
Media & Creative,0,0,0,0,1,0,1,0,1,0,0,0,0,0,0,0,42,77,57,46,69,55,62,66,96,53,Graphic Designer,Animator,Film Director,Video Editor,Journalist
Space Science,1,0,0,0,0,0,0,1,0,0,1,0,0,0,0,0,91,67,66,63,87,85,86,72,64,51,Space Scientist,ISRO Scientist,DRDO Scientist,Astronomer,Aerospace Engineer
Design,0,0,0,0,0,1,0,0,0,1,0,0,1,0,0,0,68,66,49,68,72,69,71,70,92,53,Architect,Urban Planner,Interior Designer,Industrial Designer,Graphic Designer
all,0,1,0,0,0,0,0,1,0,0,0,0,0,1,0,0,84,46,60,48,62,76,74,62,46,52,Network Engineer,Cloud Engineer,AI Engineer,Machine Learning Engineer,DevOps Engineer
Engineering,1,0,0,0,0,0,0,0,0,0,1,1,0,0,0,0,80,88,73,49,75,88,89,66,63,47,Civil Engineer,Mechanical Engineer,Electrical Engineer,Electronics Engineer,Chemical Engineer
all,1,0,0,0,0,0,1,0,0,1,0,0,0,1,0,0,65,76,87,77,42,68,100,68,52,89,IT Project Manager,Network Engineer,Cloud Engineer,AI Engineer,Machine Learning Engineer
Business & Finance,1,0,0,0,0,0,0,0,0,0,0,0,1,0,0,1,37,81,63,70,67,54,69,70,83,70,Accountant,Chartered Accountant (CA),Marketing Manager,Human Resource Manager,Operations Manager
Marine,0,0,0,0,0,0,0,0,0,1,1,0,0,0,1,1,71,75,88,65,79,70,82,75,60,58,Marine Engineer,Ship Captain,Marine Biologist,Naval Architect,Oceanographer
all,0,0,0,1,0,0,0,1,0,0,0,0,1,0,1,0,57,38,57,63,56,85,50,70,32,54,Investment Banker,Auditor,Management Consultant,Banking Officer,Digital Marketing Specialist
all,0,0,0,0,1,0,0,1,0,1,0,0,0,0,0,0,44,58,92,86,96,65,38,75,100,82,Social Worker,School Teacher,Professor,Special Education Teacher,Social Welfare Officer
all,0,1,0,0,1,0,0,0,0,1,0,0,0,0,0,0,53,50,69,54,59,54,67,71,76,59,IT Support Specialist,Technical Consultant,Ethical Hacker,Game Tester,Esports Player
Science,0,0,1,0,0,0,0,0,0,0,1,1,0,0,0,0,100,100,95,51,98,93,96,82,91,37,Physicist,Chemist,Mathematician,Statistician,Geologist
Aviation,0,1,0,0,0,1,0,0,0,1,0,0,0,0,0,1,92,62,51,69,64,91,100,63,28,64,Aircraft Maintenance Engineer,Pilot,Commercial Pilot,Air Traffic Controller,Flight Dispatcher
all,0,0,1,0,1,0,0,0,0,0,0,0,0,1,0,1,55,73,70,59,62,58,77,70,50,67,IT Project Manager,Accountant,Chartered Accountant (CA),Marketing Manager,Human Resource Manager
all,0,0,0,0,0,0,0,1,0,0,1,0,1,0,0,0,91,69,60,28,82,86,92,59,69,29,Financial Analyst,Business Analyst,Risk Analyst,Credit Analyst,Data Analyst
Engineering,1,0,0,0,0,0,0,0,0,0,1,0,1,1,0,0,60,80,55,45,58,60,75,51,56,57,Civil Engineer,Mechanical Engineer,Electrical Engineer,Electronics Engineer,Chemical Engineer
Space Science,0,1,0,0,0,0,0,0,0,0,1,0,0,1,0,0,97,81,41,42,100,91,90,45,76,41,Space Scientist,ISRO Scientist,DRDO Scientist,Astronomer,Aerospace Engineer
Hospitality,0,0,0,0,1,0,0,1,0,0,0,0,0,0,1,0,24,54,73,63,77,48,45,64,77,79,Wedding Planner,Hotel Manager,Event Manager,Airline Manager,NGO Program Manager
all,0,0,0,1,0,0,1,0,0,1,1,0,0,0,0,0,65,84,73,57,73,72,72,63,64,68,Public Relations Manager,IT Project Manager,Training Manager,Accountant,Chartered Accountant (CA)
all,0,0,0,0,0,0,0,0,0,1,0,0,0,0,0,1,56,33,60,69,50,54,52,71,37,69,Accountant,Chartered Accountant (CA),Marketing Manager,Human Resource Manager,Operations Manager
IT & Computer,1,0,1,0,0,0,0,0,0,0,0,0,0,0,0,0,57,68,63,48,72,69,65,57,94,41,Software Developer,Web Developer,Mobile App Developer,Game Developer,Software Tester / QA Engineer
all,1,0,1,0,0,0,0,0,0,0,1,0,0,0,0,0,65,56,70,57,53,74,56,72,59,52,IT Support Specialist,Technical Consultant,Ethical Hacker,Game Tester,Esports Player
Biotech,0,1,0,0,0,0,0,1,0,0,1,1,0,0,0,0,77,67,60,50,79,79,67,61,64,48,Biomedical Engineer,Agricultural Scientist,Food Technologist,Biotechnologist,Microbiologist
all,0,0,0,1,0,0,0,0,0,1,0,1,0,0,0,0,73,92,75,63,82,78,62,73,78,70,Public Relations Manager,IT Project Manager,Training Manager,Accountant,Chartered Accountant (CA)
Hospitality,0,0,0,1,1,1,0,0,0,0,0,0,0,0,0,0,54,53,60,79,52,44,59,64,66,84,Wedding Planner,Hotel Manager,Event Manager,Airline Manager,NGO Program Manager
Space Science,0,0,0,1,0,0,0,0,0,0,1,0,0,1,0,1,80,59,63,38,62,92,81,67,56,55,Space Scientist,ISRO Scientist,DRDO Scientist,Astronomer,Aerospace Engineer
Sports / Fitness,0,0,0,0,0,0,0,0,0,0,0,0,1,0,0,0,24,53,52,78,62,45,32,61,62,83,Sports Coach,Fitness Trainer,Yoga Instructor,Sports Physiotherapist,Sports Psychologist
all,0,1,0,0,0,0,0,1,0,0,0,0,0,0,1,0,55,69,78,77,90,89,40,83,96,71,Social Worker,School Teacher,Professor,Special Education Teacher,Social Welfare Officer
Aviation,0,0,0,0,0,0,1,0,0,1,0,1,0,0,0,0,71,73,59,73,72,71,66,63,67,68,Aircraft Maintenance Engineer,Pilot,Commercial Pilot,Air Traffic Controller,Flight Dispatcher
all,0,0,1,1,0,0,1,0,1,0,0,0,0,0,0,0,90,100,57,70,78,77,92,66,72,40,Public Relations Manager,Network Engineer,Cloud Engineer,AI Engineer,Machine Learning Engineer
all,0,0,0,1,0,0,1,0,0,1,1,0,0,0,0,0,66,79,34,69,69,71,64,54,68,86,Public Relations Manager,Animator,Film Director,Video Editor,Journalist
Sports / Fitness,0,0,0,0,0,0,1,0,1,0,0,0,0,0,0,0,68,58,75,70,93,80,58,59,60,70,Sports Coach,Fitness Trainer,Yoga Instructor,Sports Physiotherapist,Sports Psychologist
Business & Finance,0,0,0,0,0,0,0,1,0,0,0,0,1,0,0,0,62,64,77,86,60,61,69,73,69,87,Accountant,Chartered Accountant (CA),Marketing Manager,Human Resource Manager,Operations Manager
Research,0,0,1,0,0,0,0,0,0,0,1,0,0,0,0,1,59,82,80,92,78,65,75,68,77,71,Research Scientist,Data Scientist,Research Analyst,Laboratory Researcher,Scientific Writer
all,0,0,0,0,1,0,0,0,1,0,1,0,0,0,0,1,39,62,59,63,57,56,30,67,90,53,Graphic Designer,Fashion Designer,Interior Designer,Social Media Manager,VFX Artist
Science,1,0,1,0,0,0,1,0,0,0,0,0,0,0,0,0,94,59,33,46,81,87,64,35,64,75,Physicist,Chemist,Mathematician,Statistician,Geologist
all,0,0,0,0,0,0,1,0,0,0,0,0,0,0,0,1,77,55,74,69,72,93,68,65,52,85,Accountant,Chartered Accountant (CA),Marketing Manager,Human Resource Manager,Operations Manager
Healthcare,0,0,0,0,0,0,0,1,0,0,0,0,0,1,0,0,77,84,55,39,78,66,62,63,71,74,Doctor,Nurse,Pharmacist,Medical Lab Technologist,Medical Researcher
all,0,0,1,0,0,0,0,1,0,0,1,0,0,0,0,0,86,73,49,79,70,70,67,55,83,69,IT Project Manager,Training Manager,Accountant,Chartered Accountant (CA),Marketing Manager
Law & Government,0,0,1,0,0,0,0,0,0,0,0,1,1,0,0,0,89,61,80,64,71,69,77,84,60,70,Social Welfare Officer,Lawyer / Advocate,Judge,Legal Advisor,Public Prosecutor
Education,0,0,0,0,0,1,0,0,0,0,0,1,0,0,0,0,56,76,71,71,73,73,69,69,74,78,Training Manager,School Teacher,Professor,Special Education Teacher,Curriculum Developer
Fashion,0,0,0,0,0,1,1,0,1,0,0,0,1,0,0,0,36,93,88,66,80,44,72,87,94,60,Fashion Designer,Textile Designer,Makeup Artist,Cosmetologist,Fashion Stylist
Media & Creative,0,0,0,1,0,1,0,0,0,1,0,0,0,0,0,0,69,85,54,64,80,62,66,65,75,70,Public Relations Manager,Animator,Film Director,Video Editor,Journalist
Education,0,0,0,1,0,0,0,0,0,0,0,1,1,0,0,1,77,47,68,73,70,79,53,71,67,95,School Teacher,Professor,Special Education Teacher,Training Manager,College Lecturer
Forensics,0,1,1,1,0,0,0,0,0,1,0,0,0,0,0,0,93,88,88,45,71,86,83,73,75,52,Forensic Scientist,Criminologist,Crime Scene Investigator,Forensic Psychologist,Digital Forensics Analyst
Marine,0,0,0,0,0,0,1,0,0,1,1,1,0,0,0,0,75,57,36,47,55,72,81,51,41,42,Marine Engineer,Ship Captain,Marine Biologist,Naval Architect,Oceanographer
all,1,0,0,0,0,0,0,1,0,0,0,0,0,1,0,0,84,72,82,44,55,80,86,68,59,70,IT Project Manager,Network Engineer,Cloud Engineer,AI Engineer,Machine Learning Engineer
Fashion,0,0,0,0,0,0,0,0,0,0,1,0,0,1,1,0,54,81,61,66,66,52,75,64,89,79,Fashion Designer,Textile Designer,Makeup Artist,Cosmetologist,Fashion Stylist
Sports / Fitness,0,0,0,0,0,0,0,0,0,1,0,0,1,0,0,1,80,47,100,89,67,66,56,85,42,78,Sports Coach,Fitness Trainer,Yoga Instructor,Sports Physiotherapist,Sports Psychologist
all,1,0,0,0,0,1,0,0,1,0,0,0,0,0,0,0,39,67,90,81,56,44,37,84,78,69,Graphic Designer,Fashion Designer,Interior Designer,Social Media Manager,VFX Artist
Law & Government,0,0,1,0,0,0,0,0,1,0,0,0,1,0,0,1,68,45,69,60,73,76,29,79,58,78,Social Welfare Officer,Lawyer / Advocate,Judge,Legal Advisor,Public Prosecutor
Healthcare,0,0,1,0,0,0,1,1,0,0,0,0,0,0,0,0,70,97,57,66,92,87,86,76,87,73,Doctor,Nurse,Pharmacist,Medical Lab Technologist,Medical Researcher
all,0,0,0,0,0,0,0,1,0,0,0,0,1,0,1,1,58,54,56,58,65,79,60,61,58,69,Accountant,Chartered Accountant (CA),Marketing Manager,Human Resource Manager,Operations Manager
all,0,0,0,0,0,0,1,1,1,1,0,0,0,0,0,0,45,56,75,73,69,59,50,80,73,83,Social Worker,School Teacher,Professor,Special Education Teacher,Social Welfare Officer
Design,0,1,1,0,0,0,0,0,0,0,0,0,0,0,1,0,14,52,81,71,57,36,11,73,87,78,Interior Designer,Industrial Designer,Graphic Designer,Architect,Urban Planner
Marine,0,0,0,0,1,0,1,0,1,0,0,1,0,0,0,0,67,47,70,62,50,63,61,74,51,49,Ship Captain,Marine Engineer,Marine Biologist,Naval Architect,Oceanographer
Hospitality,0,0,0,1,0,0,0,1,0,1,0,1,0,0,0,0,35,47,87,76,51,52,31,77,50,95,Wedding Planner,Hotel Manager,Event Manager,Airline Manager,NGO Program Manager
Education,0,0,1,1,0,0,0,0,1,0,0,1,0,0,0,0,70,78,87,78,53,61,75,83,62,70,Training Manager,School Teacher,Professor,Special Education Teacher,College Lecturer
Education,0,0,1,0,0,0,0,0,0,0,0,1,0,1,0,0,53,66,58,91,58,65,72,58,56,90,Training Manager,School Teacher,Professor,Special Education Teacher,College Lecturer
Sports / Fitness,0,0,0,0,0,0,1,0,0,0,1,0,0,0,0,0,35,71,55,59,33,6,81,56,58,77,Sports Coach,Fitness Trainer,Yoga Instructor,Sports Physiotherapist,Sports Psychologist
all,0,1,1,1,0,0,0,0,0,0,0,0,0,0,0,0,56,61,69,69,66,73,44,79,66,78,Social Worker,School Teacher,Professor,Special Education Teacher,Social Welfare Officer
Aviation,0,1,0,0,0,1,0,0,1,1,0,0,0,0,0,0,74,72,86,67,69,71,74,89,71,68,Aircraft Maintenance Engineer,Pilot,Commercial Pilot,Air Traffic Controller,Flight Dispatcher
all,0,0,1,0,0,0,1,0,0,0,0,0,0,1,0,0,44,40,59,56,73,56,40,59,72,76,IT Support Specialist,Technical Consultant,Ethical Hacker,Game Tester,Esports Player
Aviation,0,1,0,0,0,0,0,0,0,1,0,0,1,0,1,0,83,54,81,73,69,81,72,82,69,89,Aircraft Maintenance Engineer,Pilot,Commercial Pilot,Air Traffic Controller,Flight Dispatcher
all,0,0,0,1,0,1,0,0,0,0,0,0,0,0,0,0,74,69,66,91,77,72,66,73,80,89,Public Relations Manager,Doctor,Nurse,Pharmacist,Medical Lab Technologist
Healthcare,0,0,0,0,0,0,0,1,1,0,0,1,0,0,0,0,71,63,70,71,60,81,74,66,67,79,Doctor,Nurse,Pharmacist,Medical Lab Technologist,Medical Researcher
all,0,0,0,0,0,1,0,0,1,0,0,0,1,0,0,0,57,57,82,74,83,75,35,82,75,53,Graphic Designer,Animator,Film Director,Video Editor,Journalist
all,1,1,0,0,0,1,1,0,0,0,0,0,0,0,0,0,60,66,56,66,81,76,51,57,74,76,IT Support Specialist,Technical Consultant,Ethical Hacker,Game Tester,Esports Player
all,0,0,0,0,0,0,0,0,0,1,1,1,0,0,0,0,74,48,75,65,62,63,65,66,67,64,IT Project Manager,Training Manager,Accountant,Chartered Accountant (CA),Marketing Manager
Biotech,0,0,0,0,0,0,0,1,0,0,1,0,0,0,0,0,88,60,81,56,80,93,69,72,62,61,Tourism Manager,Real Estate Manager,Biomedical Engineer,Agricultural Scientist,Environmental Scientist
Healthcare,0,0,0,1,0,0,1,0,0,0,0,0,0,0,0,0,88,34,88,80,47,85,63,90,23,79,Doctor,Nurse,Pharmacist,Medical Lab Technologist,Medical Researcher
all,0,0,0,0,0,0,0,0,0,0,0,0,1,0,1,0,56,55,91,58,60,65,64,80,50,67,Accountant,Chartered Accountant (CA),Marketing Manager,Human Resource Manager,Operations Manager
Sports / Fitness,0,0,1,0,1,0,1,0,0,1,0,0,0,0,0,0,58,47,46,84,34,58,61,51,51,97,Sports Coach,Fitness Trainer,Yoga Instructor,Sports Physiotherapist,Sports Psychologist
Design,0,0,0,0,0,0,0,0,1,1,0,0,0,1,0,0,82,59,42,77,66,78,45,64,73,78,Architect,Urban Planner,Interior Designer,Industrial Designer,Graphic Designer
Research,0,0,0,1,0,0,1,0,0,0,1,0,0,1,0,0,79,66,70,75,81,86,83,83,58,92,Research Scientist,Data Scientist,Research Analyst,Laboratory Researcher,Scientific Writer
all,0,1,0,0,0,0,1,0,0,1,1,0,0,0,0,0,71,45,74,100,46,63,78,63,34,100,IT Project Manager,Training Manager,Accountant,Chartered Accountant (CA),Marketing Manager
Sports / Fitness,0,0,0,0,0,0,0,0,0,1,1,0,0,0,1,0,80,79,67,77,76,78,71,74,74,86,Sports Coach,Fitness Trainer,Yoga Instructor,Sports Physiotherapist,Sports Psychologist
Education,0,0,1,1,0,0,1,1,0,0,0,0,0,0,0,0,58,67,96,90,67,61,53,72,88,83,School Teacher,Professor,Special Education Teacher,College Lecturer,Academic Counselor
Design,1,0,0,0,0,1,0,0,1,0,0,0,0,0,0,0,50,83,51,55,51,51,59,47,88,53,Architect,Urban Planner,Interior Designer,Industrial Designer,Graphic Designer
all,0,0,1,1,0,1,0,0,0,0,0,0,0,0,0,0,46,64,88,66,92,63,43,86,95,73,Social Worker,School Teacher,Professor,Special Education Teacher,Social Welfare Officer
Business & Finance,0,0,0,0,0,1,1,0,0,1,0,0,1,0,0,0,83,57,44,71,73,93,74,49,44,54,Financial Analyst,Business Analyst,Risk Analyst,Credit Analyst,Accountant
Sports / Fitness,0,0,0,0,0,0,1,0,0,0,0,0,0,0,1,0,54,75,41,70,65,59,64,51,70,72,Sports Coach,Fitness Trainer,Yoga Instructor,Sports Physiotherapist,Sports Psychologist
Marine,0,0,1,0,0,0,1,0,0,1,0,1,0,0,0,0,66,72,59,39,73,74,62,62,46,59,Ship Captain,Marine Engineer,Marine Biologist,Naval Architect,Oceanographer
all,0,0,0,1,0,0,1,1,0,0,0,1,0,0,0,0,88,31,71,94,49,83,53,75,45,89,Public Relations Manager,Doctor,Nurse,Pharmacist,Medical Lab Technologist
Marine,0,0,0,0,0,0,1,1,0,1,0,0,0,1,0,0,55,50,74,78,49,62,68,71,55,78,Ship Captain,Marine Engineer,Marine Biologist,Naval Architect,Oceanographer
Law & Government,0,0,1,1,0,0,1,0,0,0,0,0,0,0,0,0,66,65,60,63,71,76,66,68,65,57,Lawyer / Advocate,Judge,Legal Advisor,Public Prosecutor,Civil Services Officer
Aviation,0,1,0,0,0,0,0,0,0,1,0,0,0,0,1,0,62,49,97,72,27,57,77,89,33,52,Pilot,Commercial Pilot,Air Traffic Controller,Flight Dispatcher,Aircraft Maintenance Engineer
Business & Finance,0,0,1,0,0,0,0,0,0,0,0,0,1,0,1,1,73,78,84,66,78,66,90,69,63,59,Accountant,Chartered Accountant (CA),Marketing Manager,Human Resource Manager,Operations Manager
all,0,1,1,0,0,0,0,0,0,0,1,0,0,1,0,0,92,70,51,83,73,83,81,61,61,76,Network Engineer,Cloud Engineer,AI Engineer,Machine Learning Engineer,DevOps Engineer
all,0,1,0,0,0,0,0,0,0,1,1,0,0,0,1,0,77,72,82,56,43,77,75,74,55,71,IT Project Manager,Training Manager,Accountant,Chartered Accountant (CA),Marketing Manager
all,0,0,1,0,0,0,0,1,0,1,1,0,0,0,0,0,90,56,89,71,95,84,75,74,85,62,IT Project Manager,Training Manager,Accountant,Chartered Accountant (CA),Marketing Manager
all,0,0,0,0,0,0,0,0,0,0,0,0,1,0,1,0,58,61,97,78,31,55,81,96,44,68,Accountant,Chartered Accountant (CA),Marketing Manager,Human Resource Manager,Operations Manager
Research,0,0,0,0,0,0,0,0,0,0,1,1,0,0,1,0,87,84,56,73,77,100,79,57,63,52,Research Scientist,Data Scientist,Research Analyst,Laboratory Researcher,Scientific Writer
all,0,0,0,1,0,0,1,1,0,0,0,0,0,0,1,0,75,76,75,49,90,84,80,64,67,31,Software Developer,Web Developer,Mobile App Developer,Game Developer,Software Tester / QA Engineer
all,0,0,0,1,0,0,0,0,1,0,1,0,0,0,0,0,89,64,87,70,42,70,92,75,43,46,Public Relations Manager,IT Project Manager,Training Manager,Accountant,Chartered Accountant (CA)
Education,0,1,0,0,0,0,1,0,0,0,1,1,0,0,0,0,77,62,84,88,68,84,64,83,59,85,Training Manager,School Teacher,Professor,Special Education Teacher,Curriculum Developer
Business & Finance,0,0,1,0,0,0,0,0,0,0,0,0,0,0,0,1,75,65,71,63,56,67,78,78,70,67,Accountant,Chartered Accountant (CA),Marketing Manager,Human Resource Manager,Operations Manager
Aviation,0,1,0,0,0,0,0,0,0,1,1,0,0,0,1,0,76,94,82,82,79,70,79,91,89,68,Aircraft Maintenance Engineer,Pilot,Commercial Pilot,Air Traffic Controller,Flight Dispatcher
all,0,0,1,0,0,0,0,0,1,0,1,0,0,1,0,0,96,93,56,55,76,89,68,54,84,62,Software Developer,Web Developer,Mobile App Developer,Game Developer,Software Tester / QA Engineer
Space Science,0,1,1,0,0,0,0,0,0,0,1,1,0,0,0,0,100,66,86,73,68,84,97,92,56,66,Space Scientist,ISRO Scientist,DRDO Scientist,Astronomer,Aerospace Engineer
Design,0,0,0,0,0,1,0,0,0,0,1,0,0,0,1,0,37,78,66,65,61,42,41,69,100,69,Interior Designer,Industrial Designer,Graphic Designer,Architect,Urban Planner
Education,0,0,1,0,0,0,0,0,0,0,0,0,1,0,0,0,72,73,80,89,84,87,67,83,75,87,Training Manager,School Teacher,Professor,Special Education Teacher,Curriculum Developer
all,0,1,0,0,0,0,0,0,1,1,0,0,0,0,1,0,66,75,70,61,93,86,82,76,67,72,IT Project Manager,Public Relations Manager,Training Manager,Accountant,Chartered Accountant (CA)
Sports / Fitness,0,0,0,0,0,0,0,1,0,1,0,0,0,0,0,0,64,76,100,95,36,55,69,93,74,73,Sports Coach,Fitness Trainer,Yoga Instructor,Sports Physiotherapist,Sports Psychologist
Marine,1,0,0,0,0,0,1,0,0,1,0,0,0,0,0,0,73,67,15,20,56,77,76,34,55,63,Marine Engineer,Ship Captain,Marine Biologist,Naval Architect,Oceanographer
all,0,0,0,0,1,0,0,0,1,1,0,0,0,0,1,0,73,58,71,62,73,63,66,68,76,55,Animator,Film Director,Video Editor,Journalist,Content Writer
Sports / Fitness,0,1,0,0,0,0,0,0,1,1,0,0,0,0,0,0,72,56,61,72,65,89,63,56,73,87,Sports Coach,Fitness Trainer,Yoga Instructor,Sports Physiotherapist,Sports Psychologist
IT & Computer,1,0,0,0,0,0,0,1,0,0,0,0,0,1,0,0,96,74,61,79,69,72,72,51,63,74,Software Developer,Web Developer,Mobile App Developer,Network Engineer,Cloud Engineer
Law & Government,0,0,0,1,0,0,0,0,0,0,0,0,1,1,0,0,56,51,73,77,47,58,79,81,57,63,Social Welfare Officer,Lawyer / Advocate,Judge,Legal Advisor,Public Prosecutor
all,0,1,1,0,0,0,0,0,0,0,1,0,0,0,0,0,78,56,62,89,75,84,65,64,62,75,Software Developer,Web Developer,Mobile App Developer,Game Developer,Software Tester / QA Engineer
Aviation,0,0,1,0,0,0,0,0,0,1,0,0,0,0,1,0,63,51,91,78,89,92,56,78,53,67,Pilot,Commercial Pilot,Air Traffic Controller,Aircraft Maintenance Engineer,Flight Dispatcher
Hospitality,0,0,0,0,1,0,0,0,0,1,0,0,0,0,0,0,46,66,100,84,71,52,65,95,71,91,Hotel Manager,Event Manager,Airline Manager,Wedding Planner,NGO Program Manager
all,0,0,1,1,0,1,0,0,0,0,0,0,0,1,0,0,57,64,65,92,85,76,70,80,86,79,Public Relations Manager,IT Project Manager,Training Manager,Accountant,Chartered Accountant (CA)
IT & Computer,1,0,0,0,0,1,0,1,0,0,0,0,0,1,0,0,60,66,86,67,71,72,84,77,64,56,IT Project Manager,Network Engineer,Cloud Engineer,AI Engineer,Machine Learning Engineer
all,0,0,0,1,0,0,1,0,0,0,0,1,0,0,0,0,96,53,46,54,79,93,81,55,58,55,Network Engineer,Cloud Engineer,AI Engineer,Machine Learning Engineer,DevOps Engineer
Hospitality,1,0,0,0,0,0,0,1,0,0,0,0,0,0,0,1,42,40,95,86,65,51,56,92,55,76,Hotel Manager,Event Manager,Airline Manager,Wedding Planner,NGO Program Manager
all,0,0,0,0,1,0,1,0,0,0,0,0,0,0,1,1,37,70,51,51,64,59,14,59,96,44,Graphic Designer,Fashion Designer,Interior Designer,Social Media Manager,VFX Artist
Media & Creative,0,1,0,1,0,1,0,0,0,0,0,0,0,0,0,0,98,93,79,70,81,75,69,80,94,80,Public Relations Manager,Graphic Designer,Animator,Film Director,Video Editor
Media & Creative,0,0,0,0,1,0,0,0,0,0,0,0,0,0,0,1,58,74,69,53,70,59,43,60,97,57,Graphic Designer,Fashion Designer,Interior Designer,Social Media Manager,VFX Artist
Space Science,0,0,0,0,0,0,0,0,0,0,1,0,0,1,0,1,86,86,100,68,90,99,87,84,58,54,Space Scientist,ISRO Scientist,DRDO Scientist,Astronomer,Aerospace Engineer
Media & Creative,1,0,0,1,0,0,0,0,0,0,0,0,0,0,0,0,61,61,69,68,66,68,57,71,75,80,Public Relations Manager,Animator,Film Director,Video Editor,Journalist
Aviation,0,1,0,0,0,0,0,0,0,1,0,0,0,0,0,0,58,88,68,78,76,69,78,72,77,63,Aircraft Maintenance Engineer,Pilot,Commercial Pilot,Air Traffic Controller,Flight Dispatcher
Science,0,0,1,0,0,0,0,0,0,0,1,0,0,1,0,0,77,94,30,43,84,76,95,31,74,66,Physicist,Chemist,Mathematician,Statistician,Geologist
Biotech,0,0,0,0,0,1,0,1,0,0,1,1,0,0,0,0,66,68,60,52,81,59,62,58,86,50,Food Technologist,Biotechnologist,Microbiologist,Geneticist,Marine Biologist
all,0,0,0,0,0,0,0,0,0,0,0,1,1,0,0,1,76,72,56,64,64,66,78,57,65,88,Accountant,Chartered Accountant (CA),Marketing Manager,Human Resource Manager,Operations Manager
all,0,0,0,0,0,0,1,1,0,0,1,0,0,0,0,1,49,64,94,66,55,56,71,82,60,76,Accountant,Chartered Accountant (CA),Marketing Manager,Human Resource Manager,Operations Manager
Education,0,0,1,0,0,0,0,0,0,0,0,0,0,0,1,0,68,58,87,74,49,73,60,83,52,78,School Teacher,Professor,Special Education Teacher,Training Manager,College Lecturer
Sports / Fitness,0,1,0,0,0,0,1,0,0,1,0,0,0,0,0,0,76,75,41,63,74,83,60,46,67,98,Sports Coach,Fitness Trainer,Yoga Instructor,Sports Physiotherapist,Sports Psychologist
all,1,0,1,1,0,1,0,0,0,0,0,0,0,0,0,0,22,76,76,100,44,51,46,85,66,80,Social Worker,School Teacher,Professor,Special Education Teacher,Social Welfare Officer
Research,0,0,1,0,1,0,0,0,0,0,0,0,0,0,0,0,80,65,62,50,100,71,78,66,89,52,Research Scientist,Data Scientist,Research Analyst,Laboratory Researcher,Scientific Writer
all,0,0,0,0,0,1,1,0,0,1,0,1,0,0,0,0,36,74,62,80,53,16,61,63,91,71,Graphic Designer,Fashion Designer,Interior Designer,Social Media Manager,VFX Artist
Design,0,0,0,0,0,1,0,0,0,0,0,0,0,0,1,1,72,69,76,55,100,91,62,70,82,73,Architect,Urban Planner,Interior Designer,Industrial Designer,Graphic Designer
all,1,0,0,1,0,0,0,0,0,0,0,1,0,0,0,0,58,61,100,66,53,60,46,79,58,61,IT Support Specialist,Technical Consultant,Ethical Hacker,Game Tester,Esports Player
Media & Creative,0,1,0,0,0,0,0,0,1,0,0,0,0,0,1,0,66,93,100,80,79,74,72,91,89,42,Public Relations Manager,Graphic Designer,Animator,Film Director,Video Editor
Design,1,0,0,0,1,0,0,0,1,0,0,0,0,0,1,0,56,84,52,52,100,75,74,57,92,57,Architect,Urban Planner,Interior Designer,Industrial Designer,Graphic Designer
all,0,0,0,0,0,0,1,0,0,1,1,1,0,0,0,0,71,58,82,100,64,70,66,77,43,100,Doctor,Nurse,Pharmacist,Medical Lab Technologist,Medical Researcher
Science,0,0,1,0,0,0,0,0,1,0,1,1,0,0,0,0,84,63,49,64,59,68,91,58,77,59,Physicist,Chemist,Mathematician,Statistician,Geologist
all,0,0,0,1,0,0,1,0,0,0,0,0,1,0,0,1,94,41,77,56,52,75,74,71,29,55,Accountant,Chartered Accountant (CA),Marketing Manager,Human Resource Manager,Operations Manager
Biotech,0,0,0,0,0,0,0,1,0,0,1,0,0,0,1,0,66,75,71,67,60,70,77,61,78,67,Tourism Manager,Real Estate Manager,Biomedical Engineer,Food Technologist,Biotechnologist
all,0,0,0,0,1,0,1,0,0,0,0,0,0,0,0,0,75,75,70,69,63,56,100,68,78,69,Public Relations Manager,IT Project Manager,Training Manager,Accountant,Chartered Accountant (CA)
Science,0,0,0,0,0,1,0,0,0,0,1,0,0,0,0,0,79,75,63,85,63,76,82,69,48,90,Physicist,Chemist,Mathematician,Statistician,Geologist
all,0,0,0,0,0,0,0,1,0,1,0,1,0,0,0,0,74,78,50,76,56,89,89,55,41,65,Data Analyst,Data Scientist,Cybersecurity Analyst,Database Administrator,Systems Analyst
Business & Finance,0,0,1,0,0,0,0,0,0,0,0,0,0,0,1,1,76,38,100,80,66,82,80,95,36,71,Accountant,Chartered Accountant (CA),Marketing Manager,Human Resource Manager,Operations Manager
Sports / Fitness,0,1,0,0,0,0,1,0,0,1,0,0,0,0,0,0,65,90,52,70,48,45,70,65,68,68,Sports Coach,Fitness Trainer,Yoga Instructor,Sports Physiotherapist,Sports Psychologist
Fashion,0,0,0,0,0,0,0,0,1,0,0,0,0,0,1,0,62,68,49,48,87,65,49,47,93,65,Cosmetologist,Fashion Designer,Textile Designer,Makeup Artist,Fashion Stylist
all,0,0,1,0,0,0,0,0,1,0,0,1,0,0,1,0,48,65,66,71,66,46,65,67,77,70,Animator,Film Director,Video Editor,Journalist,Content Writer
Research,0,0,1,1,0,1,0,0,0,1,0,0,0,0,0,0,70,86,60,64,66,74,93,65,71,59,Research Scientist,Data Scientist,Research Analyst,Laboratory Researcher,Scientific Writer
all,0,0,1,0,0,0,1,0,0,1,0,1,0,0,0,0,91,59,76,77,43,67,83,72,40,73,IT Project Manager,Training Manager,Accountant,Chartered Accountant (CA),Marketing Manager
Sports / Fitness,0,0,0,0,0,0,1,0,0,1,0,0,1,0,0,0,59,62,60,85,43,36,61,81,70,69,Sports Coach,Fitness Trainer,Yoga Instructor,Sports Physiotherapist,Sports Psychologist
Media & Creative,0,0,0,1,1,0,0,0,1,0,0,0,0,0,0,0,59,91,92,79,96,68,84,84,100,60,Public Relations Manager,Graphic Designer,Animator,Film Director,Video Editor
all,0,0,0,1,0,0,1,0,1,0,0,1,0,0,0,0,69,57,74,96,63,70,65,73,45,100,Public Relations Manager,Doctor,Nurse,Pharmacist,Medical Lab Technologist
Biotech,0,0,0,1,1,0,0,0,0,1,1,0,0,0,0,0,73,80,79,56,64,68,67,57,59,76,Tourism Manager,Real Estate Manager,Food Technologist,Biotechnologist,Microbiologist
Design,1,0,0,0,0,0,0,0,1,0,0,0,0,0,1,0,43,60,79,90,49,54,47,82,83,74,Architect,Urban Planner,Interior Designer,Industrial Designer,Graphic Designer
Marine,0,0,0,0,0,0,0,1,1,1,0,0,0,0,0,0,61,59,73,73,47,52,78,68,54,68,Ship Captain,Marine Engineer,Marine Biologist,Naval Architect,Oceanographer
all,0,0,1,1,1,0,0,0,0,0,0,0,0,0,0,0,100,79,70,86,84,85,90,72,60,55,Public Relations Manager,Data Analyst,Data Scientist,Cybersecurity Analyst,Network Engineer
Biotech,0,0,0,0,0,0,0,1,1,0,1,0,0,1,0,0,58,65,55,63,85,71,61,50,69,64,Food Technologist,Biotechnologist,Microbiologist,Geneticist,Marine Biologist
all,1,0,0,1,0,0,0,0,0,0,0,1,1,0,0,0,41,67,96,77,34,39,73,80,57,70,IT Project Manager,Accountant,Chartered Accountant (CA),Marketing Manager,Human Resource Manager
Space Science,1,0,0,0,0,0,0,0,0,0,0,0,1,1,0,1,80,84,66,60,75,87,95,75,77,79,Space Scientist,ISRO Scientist,DRDO Scientist,Astronomer,Aerospace Engineer
all,0,0,1,0,0,1,0,0,0,0,1,1,0,0,0,0,88,57,44,42,73,78,80,48,44,44,Network Engineer,Cloud Engineer,AI Engineer,Machine Learning Engineer,DevOps Engineer
Marine,0,0,1,0,0,0,1,0,0,1,0,0,0,0,0,0,63,46,63,62,49,71,62,61,47,57,Ship Captain,Marine Engineer,Marine Biologist,Naval Architect,Oceanographer
IT & Computer,0,1,0,0,0,0,0,1,0,0,0,0,0,1,0,0,80,76,47,46,83,94,66,46,68,44,Software Developer,Web Developer,Mobile App Developer,Network Engineer,Cloud Engineer
all,0,0,0,0,0,0,1,0,0,0,0,0,0,0,1,0,67,48,82,70,62,57,54,89,73,62,Social Worker,School Teacher,Professor,Special Education Teacher,Social Welfare Officer
Defense,1,1,0,0,1,0,0,0,0,1,0,0,0,0,0,0,77,65,55,84,69,63,75,62,60,85,Navy Officer,Army Officer,Air Force Officer,Defense Scientist,Coast Guard Officer
Fashion,0,0,0,0,0,0,0,0,1,1,0,0,0,0,1,0,40,75,56,50,79,46,64,70,100,58,Fashion Designer,Textile Designer,Makeup Artist,Cosmetologist,Fashion Stylist
all,0,0,1,0,0,0,0,1,0,0,1,0,0,0,0,0,50,47,40,43,68,62,76,50,35,54,Network Engineer,Cloud Engineer,AI Engineer,Machine Learning Engineer,DevOps Engineer
Engineering,0,0,1,0,1,0,0,0,0,0,1,0,0,0,0,0,93,63,57,51,73,85,100,51,63,45,Civil Engineer,Mechanical Engineer,Electrical Engineer,Electronics Engineer,Chemical Engineer
Design,0,0,0,1,0,0,0,0,1,0,0,0,0,0,1,1,74,73,74,70,75,68,49,78,80,57,Architect,Urban Planner,Interior Designer,Industrial Designer,Graphic Designer
Science,1,0,1,0,0,0,0,0,0,0,0,0,0,0,0,0,84,52,79,77,73,84,85,65,59,47,Physicist,Chemist,Mathematician,Statistician,Geologist
Defense,1,0,0,1,0,1,0,0,0,1,0,0,0,0,0,0,72,40,44,66,43,87,69,45,30,75,Defense Scientist,Navy Officer,Army Officer,Air Force Officer,Coast Guard Officer
all,1,1,0,0,0,0,0,0,0,0,0,0,0,1,0,0,68,64,85,61,67,72,58,79,59,43,Software Developer,Web Developer,Mobile App Developer,Network Engineer,Cloud Engineer
Business & Finance,0,0,0,0,0,0,0,0,1,0,1,0,1,0,0,1,60,46,64,67,39,55,63,67,38,69,Accountant,Chartered Accountant (CA),Marketing Manager,Human Resource Manager,Operations Manager
Media & Creative,0,0,0,0,0,1,1,0,1,0,0,0,1,0,0,0,62,72,99,77,78,51,60,94,88,66,Public Relations Manager,Animator,Film Director,Video Editor,Journalist
Space Science,1,0,0,0,0,0,0,0,0,0,0,1,0,1,0,0,91,76,43,43,91,100,76,45,79,49,Space Scientist,ISRO Scientist,DRDO Scientist,Astronomer,Aerospace Engineer
Aviation,0,1,0,0,0,0,1,0,0,1,0,0,0,0,0,0,82,81,63,72,57,81,78,59,38,78,Aircraft Maintenance Engineer,Pilot,Commercial Pilot,Air Traffic Controller,Flight Dispatcher
all,0,0,1,0,1,1,0,0,0,0,1,0,0,0,0,0,60,90,80,91,93,85,73,62,92,66,Public Relations Manager,Graphic Designer,Animator,Film Director,Video Editor
Research,0,0,0,1,0,0,0,0,1,1,0,0,0,0,0,1,70,44,58,49,51,90,66,55,42,52,Research Scientist,Data Scientist,Research Analyst,Laboratory Researcher,Scientific Writer
all,0,0,0,0,1,1,0,1,0,0,0,0,0,0,0,0,42,54,88,99,91,82,37,93,100,65,Graphic Designer,Fashion Designer,Interior Designer,Social Media Manager,VFX Artist
all,1,0,0,1,0,0,0,0,1,0,0,0,0,0,1,0,50,100,57,55,77,62,66,64,95,59,Graphic Designer,Animator,Film Director,Video Editor,Journalist
all,0,0,1,1,0,0,0,0,0,0,1,0,0,0,0,0,89,100,77,67,80,83,90,68,90,74,Public Relations Manager,IT Project Manager,Training Manager,Accountant,Chartered Accountant (CA)
all,1,0,0,1,0,0,0,0,1,0,0,0,0,0,0,0,56,37,100,92,57,48,53,90,57,75,Animator,Film Director,Video Editor,Journalist,Content Writer
Marine,0,0,1,0,0,0,1,0,0,1,0,0,0,0,0,0,76,71,56,54,73,85,71,50,63,59,Marine Engineer,Ship Captain,Marine Biologist,Naval Architect,Oceanographer
Marine,0,0,0,0,0,1,0,0,0,1,0,0,0,0,0,0,66,70,87,78,56,67,79,77,57,73,Marine Engineer,Ship Captain,Marine Biologist,Naval Architect,Oceanographer
all,1,0,0,0,0,0,0,0,0,0,1,0,0,0,0,1,78,79,31,47,72,93,85,45,68,60,Network Engineer,Cloud Engineer,AI Engineer,Machine Learning Engineer,DevOps Engineer
Defense,1,0,0,0,0,0,1,0,0,1,0,1,0,0,0,0,85,60,100,74,73,89,74,100,40,63,Defense Scientist,Navy Officer,Army Officer,Air Force Officer,Coast Guard Officer
all,0,0,1,0,0,0,0,1,0,1,1,0,0,0,0,0,100,82,99,55,94,98,93,87,71,35,Data Analyst,Data Scientist,Cybersecurity Analyst,Database Administrator,Systems Analyst
all,1,0,0,0,0,0,1,0,0,1,1,0,0,0,0,0,80,54,58,60,62,50,91,68,26,85,IT Project Manager,Doctor,Nurse,Pharmacist,Medical Lab Technologist
Fashion,0,0,0,0,0,0,1,0,1,0,0,0,0,1,0,1,68,50,67,64,46,49,64,54,81,77,Cosmetologist,Fashion Designer,Textile Designer,Makeup Artist,Fashion Stylist
Design,0,1,0,0,0,1,0,0,0,0,0,0,0,1,1,0,73,79,56,68,75,63,65,68,92,81,Architect,Urban Planner,Interior Designer,Industrial Designer,Graphic Designer
Marine,0,0,0,1,0,0,1,0,0,1,0,0,0,0,1,0,77,54,82,47,86,65,57,69,55,58,Ship Captain,Marine Engineer,Marine Biologist,Naval Architect,Oceanographer
Education,1,0,0,0,0,0,0,0,0,0,0,1,0,0,0,0,63,40,65,85,65,63,64,86,39,87,Training Manager,School Teacher,Professor,Special Education Teacher,College Lecturer
all,1,1,0,0,1,0,1,0,0,0,0,0,0,0,0,0,64,67,68,73,66,57,65,80,90,69,IT Project Manager,Public Relations Manager,UI/UX Designer,IT Support Specialist,Technical Consultant
Science,0,0,1,1,0,0,0,0,0,0,1,0,0,0,0,0,92,72,45,67,84,77,78,49,72,58,Physicist,Chemist,Mathematician,Statistician,Geologist
all,0,1,1,0,0,0,0,0,1,0,1,0,0,0,0,0,72,77,52,55,81,78,86,58,84,44,Network Engineer,Cloud Engineer,AI Engineer,Machine Learning Engineer,DevOps Engineer
Design,0,0,0,0,0,0,0,0,1,0,0,0,1,0,1,1,72,59,89,63,82,75,62,86,76,64,Architect,Urban Planner,Interior Designer,Industrial Designer,Graphic Designer
Engineering,1,0,0,0,1,0,0,0,0,0,1,0,0,1,0,0,73,71,30,44,66,79,76,49,60,54,Civil Engineer,Mechanical Engineer,Electrical Engineer,Electronics Engineer,Chemical Engineer
all,1,0,1,1,0,0,0,0,1,0,0,0,0,0,0,0,58,35,93,84,48,67,64,79,31,79,Public Relations Manager,Doctor,Nurse,Pharmacist,Medical Lab Technologist
Healthcare,0,0,0,0,0,0,1,0,0,0,1,0,1,0,0,1,65,71,86,85,90,91,87,78,65,100,Doctor,Nurse,Pharmacist,Medical Lab Technologist,Medical Researcher
Law & Government,0,0,1,0,0,0,0,0,1,0,0,0,1,0,0,1,62,52,90,86,57,59,69,83,33,83,Social Welfare Officer,Lawyer / Advocate,Judge,Legal Advisor,Public Prosecutor
all,0,1,1,0,0,0,0,1,1,0,0,0,0,0,0,0,76,80,50,67,65,78,74,54,72,53,Network Engineer,Cloud Engineer,AI Engineer,Machine Learning Engineer,DevOps Engineer
Business & Finance,0,0,0,1,0,0,0,0,0,0,0,0,1,0,0,1,57,67,73,50,67,47,81,64,54,52,Investment Banker,Auditor,Management Consultant,Banking Officer,Digital Marketing Specialist
Education,0,0,1,1,0,0,0,0,0,0,0,0,0,0,0,1,70,37,86,78,52,58,65,87,49,79,School Teacher,Professor,Special Education Teacher,Training Manager,College Lecturer
Healthcare,1,1,0,0,0,0,0,1,1,0,0,0,0,0,0,0,50,72,49,65,82,69,66,70,72,68,Doctor,Nurse,Pharmacist,Medical Lab Technologist,Medical Researcher
Business & Finance,0,0,1,0,0,1,0,0,0,0,0,0,1,0,0,1,56,68,71,45,50,62,83,75,49,64,Accountant,Chartered Accountant (CA),Marketing Manager,Human Resource Manager,Operations Manager
Fashion,0,0,0,0,0,1,0,0,1,0,0,0,0,0,1,0,64,81,63,70,74,64,77,76,83,85,Cosmetologist,Fashion Designer,Textile Designer,Makeup Artist,Fashion Stylist
all,0,0,1,0,0,0,0,0,0,0,1,0,1,1,0,0,70,58,51,46,87,94,67,54,77,54,Software Developer,Web Developer,Mobile App Developer,Game Developer,Software Tester / QA Engineer
all,0,0,0,0,0,0,0,0,0,1,0,0,1,0,0,0,49,66,79,90,71,60,44,71,89,88,Social Worker,School Teacher,Professor,Special Education Teacher,Social Welfare Officer
Hospitality,0,0,0,0,0,1,0,1,0,1,0,0,0,0,0,1,90,79,83,62,70,73,95,77,61,71,Hotel Manager,Event Manager,Airline Manager,NGO Program Manager,Wedding Planner
all,1,0,0,0,0,0,0,0,1,1,1,0,0,0,0,0,57,54,65,82,84,97,38,60,56,88,Social Worker,School Teacher,Professor,Special Education Teacher,Social Welfare Officer
all,1,0,0,1,0,0,0,0,0,1,0,0,0,1,0,0,82,67,94,67,77,87,71,75,68,79,IT Project Manager,Software Developer,Web Developer,Mobile App Developer,Game Developer
all,0,0,0,1,0,0,0,1,0,0,0,0,0,0,0,0,85,61,45,49,77,95,68,58,54,74,Public Relations Manager,Software Developer,Web Developer,Mobile App Developer,Game Developer
IT & Computer,0,1,0,1,0,0,1,0,0,0,0,0,0,0,0,0,87,78,37,38,82,94,83,35,74,56,Network Engineer,Cloud Engineer,AI Engineer,Machine Learning Engineer,DevOps Engineer
Education,0,0,1,0,1,0,0,1,1,0,0,0,0,0,0,0,83,62,96,90,67,78,57,77,61,87,School Teacher,Professor,Special Education Teacher,Training Manager,Curriculum Developer
Engineering,0,1,0,0,0,0,0,0,0,0,1,0,0,1,0,1,74,74,55,65,81,71,77,51,80,54,Civil Engineer,Mechanical Engineer,Electrical Engineer,Electronics Engineer,Chemical Engineer
all,0,0,1,0,0,0,0,0,0,0,1,0,1,1,0,0,75,62,92,75,74,91,88,76,44,53,Data Analyst,Data Scientist,Cybersecurity Analyst,Database Administrator,Systems Analyst
all,0,1,1,1,0,0,0,0,0,0,1,0,0,0,0,0,57,52,57,83,54,63,72,60,37,92,IT Project Manager,Public Relations Manager,Doctor,Nurse,Pharmacist
all,1,1,0,0,0,0,0,0,0,1,0,0,0,0,0,0,64,54,61,56,53,71,83,55,57,65,Network Engineer,Cloud Engineer,AI Engineer,Machine Learning Engineer,DevOps Engineer
Marine,0,0,0,0,0,0,1,1,0,1,0,0,0,0,0,1,80,59,42,30,61,92,75,57,63,47,Marine Engineer,Ship Captain,Marine Biologist,Naval Architect,Oceanographer
Business & Finance,0,0,1,0,1,0,0,0,0,0,0,0,0,0,1,0,69,95,79,46,74,58,97,77,70,55,Accountant,Chartered Accountant (CA),Marketing Manager,Human Resource Manager,Operations Manager
Aviation,0,1,0,0,1,0,0,0,0,0,0,0,1,1,0,0,65,70,62,81,70,53,71,69,56,77,Pilot,Commercial Pilot,Air Traffic Controller,Flight Dispatcher,Aircraft Maintenance Engineer
all,1,0,0,1,0,0,0,0,0,0,1,0,0,0,0,0,71,67,57,48,58,80,68,65,64,48,Software Developer,Web Developer,Mobile App Developer,Game Developer,Software Tester / QA Engineer
Science,0,0,1,0,0,1,0,0,0,0,1,0,0,1,0,0,85,95,67,46,100,96,76,55,91,25,Physicist,Chemist,Mathematician,Statistician,Geologist
Engineering,0,0,0,0,0,0,0,1,0,0,1,0,0,1,0,0,100,78,100,72,86,93,96,100,73,57,Civil Engineer,Mechanical Engineer,Electrical Engineer,Electronics Engineer,Chemical Engineer
all,0,1,0,0,0,0,0,0,0,1,0,0,0,0,1,0,59,72,66,67,56,50,64,66,69,82,IT Support Specialist,Technical Consultant,Ethical Hacker,Game Tester,Esports Player
all,0,0,1,1,1,0,0,0,1,0,0,0,0,0,0,0,69,70,78,83,97,74,62,74,87,68,Public Relations Manager,Animator,Film Director,Video Editor,Journalist
all,0,0,1,0,0,0,0,0,0,1,0,1,0,0,0,0,50,45,82,71,72,71,53,75,61,64,IT Project Manager,Doctor,Nurse,Pharmacist,Medical Lab Technologist
Marine,0,0,0,0,0,0,0,0,0,1,1,0,0,0,0,0,72,80,80,64,79,74,83,65,96,47,Marine Engineer,Ship Captain,Marine Biologist,Naval Architect,Oceanographer
Space Science,1,1,0,0,0,0,0,0,0,0,0,0,0,1,0,1,97,82,57,39,80,90,100,51,63,51,Space Scientist,ISRO Scientist,DRDO Scientist,Astronomer,Aerospace Engineer
all,0,0,1,0,0,0,0,0,0,0,0,0,1,0,1,0,83,59,100,68,72,58,88,89,53,60,Accountant,Chartered Accountant (CA),Marketing Manager,Human Resource Manager,Operations Manager
Hospitality,0,0,0,0,0,1,0,1,0,1,1,0,0,0,0,0,67,61,54,67,64,71,59,69,54,76,Hotel Manager,Event Manager,Airline Manager,Wedding Planner,NGO Program Manager
Healthcare,0,0,0,0,0,0,0,1,0,0,0,0,0,1,0,0,73,51,33,56,92,76,58,43,61,67,Dentist,Physiotherapist,Occupational Therapist,Radiologist,Dietitian
Law & Government,0,0,1,0,1,0,0,0,0,0,0,0,0,0,0,0,45,43,81,75,61,60,54,76,60,69,Social Welfare Officer,Lawyer / Advocate,Judge,Legal Advisor,Public Prosecutor
all,0,0,0,0,0,0,0,0,1,0,0,0,0,0,1,0,65,76,62,69,78,66,74,59,94,56,Graphic Designer,Animator,Film Director,Video Editor,Journalist
Media & Creative,0,0,0,0,0,1,0,1,1,0,0,0,1,0,0,0,59,67,82,60,65,55,76,71,77,65,Public Relations Manager,Animator,Film Director,Video Editor,Journalist
all,1,0,0,1,0,0,0,0,0,0,1,0,0,0,0,0,53,51,86,72,33,58,52,81,40,47,IT Support Specialist,Technical Consultant,Ethical Hacker,Game Tester,Esports Player
all,1,0,1,1,1,0,0,0,0,0,0,0,0,0,0,0,59,61,67,93,78,65,58,76,64,97,Public Relations Manager,IT Project Manager,Doctor,Nurse,Pharmacist
all,0,0,0,0,0,0,1,0,0,1,0,0,0,0,0,0,57,46,78,79,55,64,63,65,53,76,Doctor,Nurse,Pharmacist,Medical Lab Technologist,Medical Researcher
Sports / Fitness,0,0,0,0,1,0,1,0,0,0,0,0,0,0,0,0,75,55,60,81,65,59,78,54,47,82,Sports Coach,Fitness Trainer,Yoga Instructor,Sports Physiotherapist,Sports Psychologist
all,0,0,0,1,0,0,0,1,0,1,0,0,1,0,0,0,42,60,74,82,51,30,41,80,86,83,Graphic Designer,Fashion Designer,Interior Designer,Social Media Manager,VFX Artist
Healthcare,0,0,0,0,0,0,1,0,0,0,0,0,1,1,1,0,66,46,67,65,71,76,64,63,63,83,Doctor,Nurse,Pharmacist,Medical Lab Technologist,Medical Researcher
Defense,0,0,0,0,0,0,1,0,0,1,0,0,0,0,0,1,62,39,64,72,45,73,64,60,37,62,Navy Officer,Army Officer,Air Force Officer,Defense Scientist,Coast Guard Officer
all,0,0,1,1,0,1,0,0,0,0,0,0,1,0,0,0,48,74,88,82,30,21,73,79,69,78,Public Relations Manager,Accountant,Chartered Accountant (CA),Marketing Manager,Human Resource Manager
all,0,0,0,0,0,1,0,0,0,0,1,0,0,0,1,0,74,77,58,47,82,67,63,60,83,38,Animator,Film Director,Video Editor,Journalist,Content Writer
all,1,0,1,0,0,0,0,1,0,0,1,0,0,0,0,0,63,79,30,58,81,64,87,41,84,59,Network Engineer,Cloud Engineer,AI Engineer,Machine Learning Engineer,DevOps Engineer
Marine,0,0,1,0,1,0,0,1,0,1,0,0,0,0,0,0,77,64,84,67,77,61,71,74,50,45,Marine Engineer,Ship Captain,Marine Biologist,Naval Architect,Oceanographer
all,0,0,1,0,0,0,1,0,0,0,1,1,0,0,0,0,70,58,90,72,85,85,66,97,61,89,Doctor,Nurse,Pharmacist,Medical Lab Technologist,Medical Researcher
all,1,0,1,0,0,0,0,1,1,0,0,0,0,0,0,0,80,78,74,54,58,86,79,65,83,61,Network Engineer,Cloud Engineer,AI Engineer,Machine Learning Engineer,DevOps Engineer
Education,0,0,1,0,0,0,0,0,0,0,1,1,1,0,0,0,81,74,88,72,92,93,68,72,90,76,Training Manager,Curriculum Developer,School Teacher,Professor,Special Education Teacher
Healthcare,0,0,0,0,0,0,1,1,0,0,0,0,1,0,1,0,60,33,82,81,55,73,45,70,62,85,Social Worker,Doctor,Nurse,Pharmacist,Medical Lab Technologist
Marine,0,1,0,0,0,0,1,0,0,1,0,0,0,0,0,0,80,57,67,74,55,63,80,75,50,74,Marine Engineer,Ship Captain,Marine Biologist,Naval Architect,Oceanographer
all,1,0,0,0,0,0,1,0,0,0,1,0,0,0,0,1,86,75,45,71,78,90,75,67,58,78,IT Project Manager,Accountant,Chartered Accountant (CA),Marketing Manager,Human Resource Manager
IT & Computer,0,0,0,1,1,1,0,0,0,0,0,0,0,1,0,0,100,80,99,77,94,77,88,78,85,61,IT Project Manager,Network Engineer,Cloud Engineer,AI Engineer,Machine Learning Engineer
all,0,0,0,0,0,0,0,1,0,0,1,0,0,0,1,0,77,100,55,72,79,72,100,46,86,80,Network Engineer,Cloud Engineer,AI Engineer,Machine Learning Engineer,DevOps Engineer
all,0,0,1,1,0,0,0,0,0,0,0,0,1,0,0,0,63,39,65,58,46,76,54,62,36,66,Accountant,Chartered Accountant (CA),Marketing Manager,Human Resource Manager,Operations Manager
all,0,1,0,0,0,0,0,0,0,1,1,0,0,0,1,0,63,65,85,76,66,69,66,82,55,62,IT Project Manager,Training Manager,Accountant,Chartered Accountant (CA),Marketing Manager
IT & Computer,0,1,0,0,0,1,0,0,0,1,0,0,0,1,0,0,57,61,44,38,51,58,67,45,66,43,Software Developer,Web Developer,Mobile App Developer,IT Support Specialist,Game Developer
Space Science,0,0,0,0,0,0,1,0,0,0,1,0,0,1,0,0,81,57,75,81,82,84,86,88,66,66,Space Scientist,ISRO Scientist,DRDO Scientist,Astronomer,Aerospace Engineer
all,0,0,0,1,0,0,0,0,0,0,1,0,0,0,0,0,70,66,89,57,58,74,75,75,56,46,Public Relations Manager,Network Engineer,Cloud Engineer,AI Engineer,Machine Learning Engineer
all,0,0,0,0,0,0,1,0,0,1,0,0,1,0,0,0,58,35,52,48,44,57,47,55,42,79,Investment Banker,Auditor,Management Consultant,Banking Officer,Digital Marketing Specialist
Science,0,1,1,0,0,1,0,0,0,0,0,0,0,0,0,0,88,83,44,47,71,89,80,52,66,35,Physicist,Chemist,Mathematician,Statistician,Geologist
all,0,0,0,1,1,1,0,0,0,1,0,0,0,0,0,0,68,66,78,62,82,73,51,73,96,60,Graphic Designer,Animator,Film Director,Video Editor,Journalist
Design,0,0,0,0,0,1,0,0,1,0,1,0,0,0,1,0,27,34,40,60,65,42,28,51,81,45,Interior Designer,Industrial Designer,Graphic Designer,Architect,Urban Planner
Business & Finance,0,0,0,0,0,0,0,0,0,0,0,0,1,1,0,0,46,50,77,78,55,55,49,87,47,74,Accountant,Chartered Accountant (CA),Marketing Manager,Human Resource Manager,Operations Manager
Defense,0,0,0,1,0,0,1,0,0,1,0,1,0,0,0,0,82,80,72,78,72,64,77,68,66,71,Navy Officer,Army Officer,Air Force Officer,Defense Scientist,Coast Guard Officer
Fashion,0,0,0,0,0,1,0,0,1,0,0,0,0,0,1,1,39,64,56,54,68,67,38,64,95,50,Fashion Designer,Textile Designer,Makeup Artist,Cosmetologist,Fashion Stylist
Healthcare,0,0,0,0,0,0,1,0,0,0,0,1,0,0,1,0,76,41,78,68,59,78,67,79,37,55,Doctor,Nurse,Pharmacist,Medical Lab Technologist,Medical Researcher
all,0,0,0,0,1,1,0,0,0,0,0,0,0,0,0,0,73,79,47,41,59,64,77,52,80,51,Animator,Film Director,Video Editor,Journalist,Content Writer
all,0,1,1,0,1,0,0,0,0,0,0,0,0,0,0,1,74,62,72,82,43,67,80,71,42,73,IT Project Manager,Accountant,Chartered Accountant (CA),Marketing Manager,Human Resource Manager
Biotech,0,0,0,0,0,0,0,1,0,0,1,1,1,0,0,0,52,60,63,53,64,70,75,75,45,40,Biomedical Engineer,Tourism Manager,Real Estate Manager,Agricultural Scientist,Environmental Scientist
Forensics,0,0,1,0,1,1,0,0,0,0,1,0,0,0,0,0,87,100,39,41,72,72,100,49,74,49,Forensic Scientist,Criminologist,Crime Scene Investigator,Forensic Psychologist,Digital Forensics Analyst
all,0,0,0,0,0,0,1,0,0,0,0,0,1,0,0,1,99,70,55,79,77,68,78,60,71,84,Accountant,Chartered Accountant (CA),Marketing Manager,Human Resource Manager,Operations Manager
Forensics,0,0,1,0,0,0,0,0,0,1,1,0,0,0,0,0,68,51,49,70,42,76,58,55,56,73,Criminologist,Forensic Scientist,Crime Scene Investigator,Forensic Psychologist,Digital Forensics Analyst
Design,0,0,0,0,0,1,0,1,0,0,0,1,0,0,0,1,76,66,45,54,72,50,54,48,91,72,Architect,Urban Planner,Interior Designer,Industrial Designer,Graphic Designer
Education,0,0,1,0,0,0,0,0,0,1,0,1,0,1,0,0,64,44,92,97,75,60,45,93,60,99,School Teacher,Professor,Special Education Teacher,Training Manager,College Lecturer
Fashion,0,1,0,0,1,1,0,0,0,0,0,0,1,0,0,0,30,57,64,69,83,44,41,66,87,77,Fashion Designer,Textile Designer,Makeup Artist,Cosmetologist,Fashion Stylist
Law & Government,0,0,1,1,0,0,0,0,0,0,0,0,1,0,0,1,66,76,98,85,53,51,45,99,68,72,Social Welfare Officer,Lawyer / Advocate,Judge,Legal Advisor,Public Prosecutor
Research,0,0,0,0,0,0,0,0,1,1,1,0,0,0,0,0,57,64,97,76,61,81,67,91,80,54,Research Scientist,Data Scientist,Research Analyst,Laboratory Researcher,Scientific Writer
Design,0,0,0,1,0,1,0,0,0,0,0,0,0,0,1,0,52,70,68,84,65,38,66,72,92,54,Interior Designer,Industrial Designer,Graphic Designer,Architect,Urban Planner
all,1,0,0,0,0,1,0,0,1,0,1,0,0,0,0,0,77,92,48,68,67,72,92,56,71,65,Public Relations Manager,Network Engineer,Cloud Engineer,AI Engineer,Machine Learning Engineer
Defense,0,0,0,0,0,0,1,1,0,1,0,0,0,1,0,0,69,68,82,76,59,65,85,69,45,63,Defense Scientist,Navy Officer,Army Officer,Air Force Officer,Coast Guard Officer
all,0,0,0,0,0,0,0,0,0,0,0,0,1,0,1,1,50,45,89,100,66,53,56,92,53,74,Accountant,Chartered Accountant (CA),Marketing Manager,Human Resource Manager,Operations Manager
Marine,0,0,0,1,0,1,1,0,0,1,0,0,0,0,0,0,67,37,40,83,55,69,65,65,31,82,Ship Captain,Marine Engineer,Marine Biologist,Naval Architect,Oceanographer
Space Science,1,0,0,0,0,0,0,0,1,0,1,0,0,0,0,0,78,60,27,57,82,95,74,44,53,76,Space Scientist,ISRO Scientist,DRDO Scientist,Astronomer,Aerospace Engineer
Marine,0,0,0,0,0,0,1,0,0,1,0,0,0,0,1,1,54,66,73,71,83,74,63,71,54,69,Marine Engineer,Ship Captain,Marine Biologist,Naval Architect,Oceanographer
Business & Finance,0,1,1,0,0,0,0,0,0,1,0,0,1,0,0,0,83,85,87,95,67,74,74,84,67,89,Accountant,Chartered Accountant (CA),Marketing Manager,Human Resource Manager,Operations Manager
Defense,0,0,0,0,0,0,1,0,0,1,0,1,0,0,0,0,63,70,71,53,72,82,58,69,56,59,Navy Officer,Army Officer,Air Force Officer,Defense Scientist,Coast Guard Officer
all,0,0,0,0,1,0,1,1,0,1,0,0,0,0,0,0,66,69,55,74,63,54,77,69,53,67,Public Relations Manager,IT Project Manager,Training Manager,Accountant,Chartered Accountant (CA)
Law & Government,0,0,0,0,0,0,0,0,0,0,0,1,1,0,0,0,80,61,72,83,74,68,66,75,77,64,Social Welfare Officer,Lawyer / Advocate,Judge,Legal Advisor,Public Prosecutor
Engineering,1,0,0,0,0,0,0,0,0,0,1,1,0,0,0,0,88,78,78,80,55,72,88,76,64,82,Civil Engineer,Mechanical Engineer,Electrical Engineer,Electronics Engineer,Chemical Engineer
Business & Finance,0,0,0,0,0,0,0,0,0,0,1,0,0,0,0,1,60,77,82,64,56,55,65,81,75,74,Accountant,Chartered Accountant (CA),Marketing Manager,Human Resource Manager,Operations Manager
Forensics,0,0,1,0,0,0,0,0,0,0,1,0,0,0,1,0,59,32,83,79,59,82,68,84,38,97,Forensic Scientist,Criminologist,Crime Scene Investigator,Forensic Psychologist,Digital Forensics Analyst
Defense,0,0,1,0,0,0,1,1,0,1,0,0,0,0,0,0,61,58,59,87,60,73,64,58,54,85,Navy Officer,Army Officer,Air Force Officer,Defense Scientist,Coast Guard Officer
Media & Creative,0,0,0,1,1,0,0,0,1,0,1,0,0,0,0,0,41,54,73,86,61,46,34,85,81,81,Graphic Designer,Fashion Designer,Interior Designer,Social Media Manager,VFX Artist
Design,1,0,0,1,0,1,0,0,0,0,0,0,0,0,1,0,63,44,81,77,61,57,51,70,73,55,Architect,Urban Planner,Interior Designer,Industrial Designer,Graphic Designer
Space Science,1,0,0,0,0,0,1,0,0,0,0,0,1,1,0,0,100,80,46,77,67,83,83,61,76,61,Space Scientist,ISRO Scientist,DRDO Scientist,Astronomer,Aerospace Engineer
Education,0,0,0,0,0,0,0,0,1,1,0,1,0,0,0,0,74,66,62,80,66,73,43,71,49,80,School Teacher,Professor,Special Education Teacher,Training Manager,College Lecturer
Fashion,0,0,0,1,0,0,0,0,1,0,0,0,0,0,0,0,50,69,79,75,70,15,57,75,91,65,Fashion Designer,Textile Designer,Makeup Artist,Cosmetologist,Fashion Stylist
all,0,0,0,0,0,1,0,0,1,1,0,0,0,0,0,0,13,46,64,74,50,9,29,69,87,79,Graphic Designer,Fashion Designer,Interior Designer,Social Media Manager,VFX Artist
Law & Government,0,0,1,1,0,0,0,0,0,0,0,0,1,0,0,0,76,63,85,78,79,67,65,85,56,70,Social Welfare Officer,Lawyer / Advocate,Judge,Legal Advisor,Public Prosecutor
Defense,0,0,0,0,0,0,1,0,0,1,0,0,0,1,0,0,80,56,47,70,75,83,78,65,52,84,Defense Scientist,Navy Officer,Army Officer,Air Force Officer,Coast Guard Officer
Research,0,0,0,1,0,0,0,0,0,0,1,1,0,0,0,0,60,57,71,72,59,82,86,68,66,83,Research Scientist,Data Scientist,Research Analyst,Laboratory Researcher,Scientific Writer
all,0,0,0,0,0,0,0,0,1,0,1,1,0,0,1,0,76,83,56,66,75,68,61,49,67,57,Animator,Film Director,Video Editor,Journalist,Content Writer
Science,0,0,0,0,0,0,0,0,1,0,1,1,0,1,0,0,69,80,60,67,66,68,88,85,65,70,Physicist,Chemist,Mathematician,Statistician,Geologist
Education,0,0,1,0,0,0,0,1,0,0,1,1,0,0,0,0,71,88,70,73,70,73,55,78,83,88,School Teacher,Professor,Special Education Teacher,Training Manager,College Lecturer
Forensics,0,0,0,0,0,0,0,0,0,0,1,0,0,0,1,0,50,63,100,58,73,71,61,100,50,30,Forensic Scientist,Criminologist,Crime Scene Investigator,Forensic Psychologist,Digital Forensics Analyst
Marine,0,0,0,0,0,0,1,0,1,0,0,0,0,1,0,0,60,64,70,68,58,64,83,72,47,81,Marine Engineer,Ship Captain,Marine Biologist,Naval Architect,Oceanographer
Research,0,1,0,1,0,0,1,0,0,0,1,0,0,0,0,0,88,84,65,58,84,85,91,84,87,59,Research Scientist,Data Scientist,Research Analyst,Laboratory Researcher,Scientific Writer
Sports / Fitness,0,0,0,0,0,0,1,0,0,0,0,1,0,0,0,0,18,59,48,55,75,27,39,60,84,78,Sports Coach,Fitness Trainer,Yoga Instructor,Sports Physiotherapist,Sports Psychologist
Media & Creative,0,0,0,0,1,1,0,1,0,0,1,0,0,0,0,0,50,73,68,78,74,67,45,56,94,78,Graphic Designer,Animator,Film Director,Video Editor,Journalist
Biotech,1,0,0,0,1,0,0,1,0,0,1,0,0,0,0,0,74,89,94,53,62,52,84,79,77,46,Tourism Manager,Real Estate Manager,Food Technologist,Biotechnologist,Microbiologist
Sports / Fitness,0,0,0,0,0,1,1,1,0,0,0,0,0,0,1,0,53,62,77,76,43,54,60,63,58,71,Sports Coach,Fitness Trainer,Yoga Instructor,Sports Physiotherapist,Sports Psychologist
all,1,0,0,0,0,0,0,1,0,0,0,0,0,0,0,0,63,58,32,49,74,81,74,43,54,45,Network Engineer,Cloud Engineer,AI Engineer,Machine Learning Engineer,DevOps Engineer
Biotech,0,0,0,0,0,0,1,1,0,1,1,0,0,0,0,0,85,46,68,74,46,64,69,66,33,63,Tourism Manager,Real Estate Manager,Food Technologist,Biotechnologist,Microbiologist
Business & Finance,0,0,1,0,1,0,0,0,0,1,0,0,0,0,0,0,75,70,58,47,51,59,74,56,50,66,Accountant,Chartered Accountant (CA),Investment Banker,Marketing Manager,Human Resource Manager
Education,0,0,0,0,0,0,1,1,0,0,0,1,1,0,0,0,60,66,69,79,84,76,53,71,83,87,School Teacher,Professor,Special Education Teacher,Training Manager,College Lecturer
Marine,0,0,0,0,0,0,1,0,0,0,1,0,0,0,0,0,69,60,48,42,64,59,57,43,52,60,Ship Captain,Marine Engineer,Marine Biologist,Naval Architect,Oceanographer
all,1,0,1,0,0,0,1,0,0,0,1,0,0,0,0,0,100,68,21,40,61,92,82,32,57,46,Network Engineer,Cloud Engineer,AI Engineer,Machine Learning Engineer,DevOps Engineer
Research,0,0,1,0,0,0,0,0,0,0,1,0,0,0,0,1,65,75,67,54,91,84,71,73,74,55,Research Scientist,Data Scientist,Research Analyst,Laboratory Researcher,Scientific Writer
Forensics,0,0,1,0,0,0,0,0,0,0,1,0,0,0,1,0,83,90,93,78,82,79,92,73,70,55,Forensic Scientist,Criminologist,Crime Scene Investigator,Forensic Psychologist,Digital Forensics Analyst
Business & Finance,1,0,0,0,0,0,0,0,0,0,0,0,0,0,0,1,74,65,49,77,53,70,87,51,62,67,Accountant,Chartered Accountant (CA),Marketing Manager,Human Resource Manager,Operations Manager
all,0,0,0,1,1,0,0,1,0,0,0,0,0,0,0,1,55,63,81,68,68,51,49,78,73,66,Animator,Film Director,Video Editor,Journalist,Content Writer
all,0,0,0,0,0,0,1,1,0,0,0,1,0,0,0,0,65,37,84,99,58,82,62,89,33,75,Doctor,Nurse,Pharmacist,Medical Lab Technologist,Medical Researcher
Science,0,0,1,0,0,0,0,0,0,0,1,0,0,0,0,1,86,89,47,69,81,79,90,52,93,43,Physicist,Chemist,Mathematician,Statistician,Geologist
Defense,0,0,0,1,0,0,1,0,0,1,0,0,1,0,0,0,66,75,67,67,69,75,76,63,59,62,Navy Officer,Army Officer,Air Force Officer,Defense Scientist,Coast Guard Officer
all,0,0,1,1,0,0,0,1,0,0,0,1,0,0,0,0,100,70,61,26,75,73,92,61,78,35,Data Analyst,Data Scientist,Cybersecurity Analyst,Network Engineer,Cloud Engineer
Engineering,1,0,0,0,0,0,0,1,0,0,0,0,0,1,0,0,57,46,56,49,55,74,70,60,55,40,Civil Engineer,Mechanical Engineer,Electrical Engineer,Electronics Engineer,Chemical Engineer
all,0,0,1,0,0,0,0,0,0,0,0,1,1,1,0,0,100,100,41,47,74,78,100,52,91,52,Network Engineer,Cloud Engineer,AI Engineer,Machine Learning Engineer,DevOps Engineer
all,0,0,1,0,0,0,0,0,1,0,1,0,0,0,0,1,46,95,56,67,87,73,43,67,96,70,Graphic Designer,Fashion Designer,Interior Designer,Social Media Manager,VFX Artist
Design,0,0,0,0,0,0,0,0,1,1,0,0,0,0,0,0,55,84,63,59,65,51,56,64,100,52,Architect,Urban Planner,Interior Designer,Industrial Designer,Graphic Designer
all,0,0,0,0,0,0,0,0,1,1,0,0,0,0,0,0,68,75,86,74,57,65,77,85,69,54,Public Relations Manager,IT Project Manager,Training Manager,Accountant,Chartered Accountant (CA)
all,0,0,1,0,0,0,1,0,0,0,0,0,0,0,0,1,77,71,49,44,81,88,61,55,67,57,Software Developer,Web Developer,Mobile App Developer,Game Developer,Software Tester / QA Engineer
IT & Computer,0,1,0,0,1,0,0,0,0,0,1,0,0,0,0,0,98,59,52,47,78,100,81,47,43,51,Network Engineer,Cloud Engineer,AI Engineer,Machine Learning Engineer,DevOps Engineer
all,0,0,0,1,0,0,0,1,0,0,0,0,1,0,0,0,85,56,59,79,45,73,84,74,39,83,Accountant,Chartered Accountant (CA),Marketing Manager,Human Resource Manager,Operations Manager
Sports / Fitness,0,0,0,0,0,0,1,0,0,1,1,0,0,0,0,0,61,51,67,45,79,60,74,69,72,66,Sports Coach,Fitness Trainer,Yoga Instructor,Sports Physiotherapist,Sports Psychologist
Aviation,0,1,0,0,0,0,0,1,0,1,0,0,0,0,0,0,83,57,56,52,48,70,62,47,50,67,Pilot,Commercial Pilot,Air Traffic Controller,Flight Dispatcher,Aircraft Maintenance Engineer
all,0,1,0,0,0,0,0,0,0,1,0,0,0,1,0,0,62,82,48,52,74,80,91,52,62,72,Network Engineer,Cloud Engineer,AI Engineer,Machine Learning Engineer,DevOps Engineer
Forensics,0,0,0,0,0,0,0,0,0,0,1,0,0,1,0,0,92,52,62,48,42,77,54,69,42,79,Criminologist,Forensic Scientist,Crime Scene Investigator,Forensic Psychologist,Digital Forensics Analyst
Sports / Fitness,0,0,0,0,0,0,1,0,0,0,0,0,0,1,0,0,40,42,54,65,37,45,51,65,48,75,Sports Coach,Fitness Trainer,Yoga Instructor,Sports Physiotherapist,Sports Psychologist
Media & Creative,0,0,0,0,1,1,0,0,1,0,0,0,0,0,0,0,52,54,58,60,74,66,62,63,81,63,Animator,Film Director,Video Editor,Journalist,Content Writer
all,0,0,1,0,0,1,0,0,0,0,1,0,0,0,0,0,100,72,98,69,70,76,96,85,77,73,Public Relations Manager,IT Project Manager,Training Manager,Accountant,Chartered Accountant (CA)
Design,0,0,0,1,0,0,1,0,1,0,0,0,0,0,1,0,58,69,70,61,56,47,72,70,84,66,Architect,Urban Planner,Interior Designer,Industrial Designer,Graphic Designer
Sports / Fitness,0,0,0,0,1,0,0,0,0,0,0,0,0,1,0,0,80,67,75,74,60,65,56,85,62,89,Sports Coach,Fitness Trainer,Yoga Instructor,Sports Physiotherapist,Sports Psychologist
all,0,0,0,0,0,0,0,1,1,0,1,0,0,0,0,0,85,84,66,58,100,82,81,67,82,61,Public Relations Manager,Network Engineer,Cloud Engineer,AI Engineer,Machine Learning Engineer
IT & Computer,0,0,0,0,0,0,0,0,0,0,1,0,0,1,1,0,84,47,71,52,96,86,61,77,64,40,Software Developer,Web Developer,Mobile App Developer,Game Developer,Software Tester / QA Engineer
Hospitality,0,0,0,0,0,0,0,1,0,1,0,0,0,0,0,1,46,80,74,81,43,43,68,80,74,79,Hotel Manager,Event Manager,Airline Manager,Wedding Planner,NGO Program Manager
all,0,1,0,0,0,0,0,1,0,1,0,0,0,0,0,0,64,41,55,67,89,64,67,71,67,71,IT Project Manager,Training Manager,Accountant,Chartered Accountant (CA),Marketing Manager
Marine,0,0,1,0,0,0,1,0,0,1,0,0,0,0,0,0,77,81,97,100,40,48,75,71,68,70,Ship Captain,Marine Engineer,Marine Biologist,Naval Architect,Oceanographer
Healthcare,0,0,0,0,0,0,1,0,0,0,0,1,0,0,0,0,78,76,61,80,69,56,82,58,55,89,Doctor,Dentist,Nurse,Pharmacist,Physiotherapist
Engineering,1,0,0,0,0,1,0,0,0,0,0,0,1,1,0,0,80,99,33,30,87,84,88,36,68,39,Civil Engineer,Mechanical Engineer,Electrical Engineer,Electronics Engineer,Chemical Engineer
Science,1,0,1,0,0,0,0,0,0,0,0,0,0,0,1,0,100,77,68,73,94,98,92,74,59,71,Physicist,Chemist,Mathematician,Statistician,Geologist
all,0,0,0,0,0,1,1,0,0,0,0,0,0,0,0,0,51,33,48,80,47,59,46,69,51,74,Animator,Film Director,Video Editor,Journalist,Content Writer
Space Science,1,1,1,0,0,0,0,0,0,0,0,0,0,0,0,1,96,82,50,51,97,85,90,48,81,59,Space Scientist,ISRO Scientist,DRDO Scientist,Astronomer,Aerospace Engineer
Education,0,0,1,0,0,1,0,1,0,0,0,1,0,0,0,0,56,45,81,79,65,58,66,78,57,76,School Teacher,Professor,Special Education Teacher,Training Manager,College Lecturer
Aviation,0,0,0,0,0,0,0,0,0,1,1,0,0,0,0,0,63,49,55,65,48,59,80,66,30,79,Aircraft Maintenance Engineer,Pilot,Commercial Pilot,Air Traffic Controller,Flight Dispatcher
Business & Finance,0,1,0,0,0,0,0,0,0,0,0,0,0,0,0,1,79,66,57,72,52,57,79,62,33,87,Accountant,Chartered Accountant (CA),Marketing Manager,Human Resource Manager,Operations Manager
all,0,0,0,0,1,0,0,0,0,1,0,0,0,0,0,0,46,68,53,72,70,18,57,64,84,94,Graphic Designer,Fashion Designer,Interior Designer,Social Media Manager,VFX Artist
all,0,1,0,0,0,0,0,0,0,0,0,0,0,1,0,0,64,63,58,54,51,57,92,61,33,55,IT Project Manager,Data Analyst,Data Scientist,Cybersecurity Analyst,Database Administrator
all,0,0,0,0,0,0,0,0,0,0,1,0,0,1,1,0,86,66,76,50,85,94,79,78,54,42,Network Engineer,Cloud Engineer,AI Engineer,Machine Learning Engineer,DevOps Engineer
Science,0,0,0,1,0,0,0,0,0,0,1,0,0,1,0,0,75,72,62,62,75,81,84,59,77,57,Physicist,Chemist,Mathematician,Statistician,Geologist
all,1,0,0,0,0,0,0,0,0,1,1,0,0,1,0,0,90,72,63,62,77,82,86,74,47,40,Data Analyst,Data Scientist,Cybersecurity Analyst,Network Engineer,Cloud Engineer
all,0,0,0,1,0,0,0,0,0,0,1,0,0,0,0,0,70,65,90,48,73,75,61,62,44,46,Animator,Film Director,Video Editor,Journalist,Content Writer
Research,1,0,1,1,0,0,0,0,0,0,0,0,1,0,0,0,89,79,82,59,79,84,88,72,61,59,Research Scientist,Data Scientist,Research Analyst,Laboratory Researcher,Scientific Writer
Design,0,0,0,0,0,0,0,0,1,0,0,0,1,0,1,0,41,52,81,78,55,59,36,76,66,59,Architect,Urban Planner,Interior Designer,Industrial Designer,Graphic Designer
all,0,0,0,0,0,0,1,0,0,1,1,0,0,0,0,0,68,82,83,83,78,68,61,79,90,86,Doctor,Nurse,Pharmacist,Medical Lab Technologist,Medical Researcher
Forensics,0,0,1,0,0,1,0,0,0,0,1,0,0,0,1,0,75,77,60,78,53,69,90,73,67,88,Forensic Scientist,Criminologist,Crime Scene Investigator,Forensic Psychologist,Digital Forensics Analyst
Fashion,1,0,0,1,0,0,0,0,1,0,0,0,0,0,1,0,36,56,62,75,78,61,42,60,85,66,Fashion Designer,Textile Designer,Makeup Artist,Cosmetologist,Fashion Stylist
Education,0,0,0,1,0,0,0,0,0,0,0,1,0,0,0,0,65,73,69,62,61,62,72,64,58,75,Training Manager,School Teacher,Professor,Special Education Teacher,College Lecturer
all,0,0,1,0,0,0,0,1,0,0,0,0,0,0,0,0,54,58,90,100,65,41,59,100,68,75,Social Worker,School Teacher,Professor,Special Education Teacher,Social Welfare Officer
Sports / Fitness,0,1,0,0,0,0,0,0,0,1,0,0,0,0,1,0,63,59,76,71,63,54,43,83,75,81,Sports Coach,Fitness Trainer,Yoga Instructor,Sports Physiotherapist,Sports Psychologist
Fashion,0,1,0,0,0,1,0,0,1,0,0,0,0,0,0,0,80,91,72,66,98,73,100,78,88,56,Cosmetologist,Fashion Designer,Textile Designer,Makeup Artist,Fashion Stylist
Healthcare,0,0,0,0,0,0,0,1,1,0,0,1,0,0,0,0,73,54,43,85,46,76,58,53,45,100,Doctor,Nurse,Pharmacist,Medical Lab Technologist,Medical Researcher
Aviation,0,1,0,0,0,0,0,0,1,1,0,0,0,0,0,0,93,64,47,36,41,70,88,40,35,56,Aircraft Maintenance Engineer,Pilot,Commercial Pilot,Air Traffic Controller,Flight Dispatcher
all,0,0,1,1,0,0,0,1,0,0,0,0,0,0,0,0,60,64,74,62,57,51,71,74,68,63,Public Relations Manager,Animator,Film Director,Video Editor,Journalist
Law & Government,0,0,1,0,0,0,0,0,0,0,0,0,1,0,1,0,45,62,90,83,70,58,51,79,92,68,Social Welfare Officer,Lawyer / Advocate,Judge,Legal Advisor,Public Prosecutor
Law & Government,0,0,0,1,0,0,0,0,1,0,0,0,1,1,0,0,63,58,84,62,30,68,58,85,35,56,Social Welfare Officer,Lawyer / Advocate,Judge,Legal Advisor,Public Prosecutor
all,0,0,0,0,1,0,1,0,0,1,0,0,0,0,0,0,62,70,62,65,85,63,79,68,73,67,Public Relations Manager,IT Project Manager,Training Manager,Accountant,Chartered Accountant (CA)
all,0,0,0,0,0,1,0,0,1,0,0,0,0,0,0,0,33,88,62,71,61,63,52,64,87,67,Animator,Film Director,Video Editor,Journalist,Content Writer
Hospitality,1,0,0,0,0,0,0,1,0,0,1,0,0,0,0,1,77,66,73,65,56,52,89,78,73,77,Hotel Manager,Event Manager,Airline Manager,Wedding Planner,NGO Program Manager
Design,0,0,0,1,0,1,0,1,1,0,0,0,0,0,0,0,61,56,61,50,78,46,70,53,86,61,Architect,Urban Planner,Interior Designer,Industrial Designer,Graphic Designer
all,0,0,0,1,0,0,0,0,0,0,1,0,0,1,0,0,72,68,75,62,56,63,63,68,55,41,Network Engineer,Cloud Engineer,AI Engineer,Machine Learning Engineer,IT Support Specialist
Space Science,0,0,0,1,0,0,0,0,0,0,0,0,0,1,0,0,89,85,78,57,59,79,75,64,69,66,Space Scientist,ISRO Scientist,DRDO Scientist,Astronomer,Aerospace Engineer
Sports / Fitness,0,0,0,0,0,1,1,0,0,0,0,1,0,0,0,0,74,63,72,76,87,66,56,71,52,90,Sports Coach,Fitness Trainer,Yoga Instructor,Sports Physiotherapist,Sports Psychologist
Media & Creative,0,0,0,1,0,0,0,1,1,0,0,0,1,0,0,0,45,71,63,63,89,77,32,69,92,74,Graphic Designer,Fashion Designer,Interior Designer,Social Media Manager,VFX Artist
Space Science,1,1,0,0,0,0,0,0,0,0,0,1,0,0,0,0,91,68,64,61,64,94,85,61,56,56,Space Scientist,ISRO Scientist,DRDO Scientist,Astronomer,Aerospace Engineer
Marine,0,0,0,0,1,0,1,0,0,1,0,0,0,0,0,0,70,62,84,77,45,63,76,66,60,95,Marine Engineer,Ship Captain,Marine Biologist,Naval Architect,Oceanographer
all,0,1,1,0,1,0,0,0,0,0,0,0,1,0,0,0,85,71,89,76,58,70,86,91,71,78,IT Project Manager,Accountant,Chartered Accountant (CA),Marketing Manager,Human Resource Manager
all,1,0,0,0,0,0,0,0,0,0,0,1,1,0,0,0,76,38,71,85,82,65,70,70,62,76,IT Project Manager,Accountant,Chartered Accountant (CA),Marketing Manager,Human Resource Manager
Defense,0,0,1,0,0,0,0,0,0,1,0,0,0,0,0,0,76,66,76,79,63,80,66,69,49,78,Navy Officer,Army Officer,Air Force Officer,Defense Scientist,Coast Guard Officer
Law & Government,0,0,0,0,0,0,1,0,0,0,0,0,1,0,0,0,77,67,97,87,92,100,50,100,69,59,Social Welfare Officer,Lawyer / Advocate,Judge,Legal Advisor,Public Prosecutor
all,0,1,0,1,0,0,0,0,0,0,1,1,0,0,0,0,100,68,73,60,61,100,81,72,52,45,Network Engineer,Cloud Engineer,AI Engineer,Machine Learning Engineer,DevOps Engineer
all,0,0,0,0,0,1,0,0,1,0,0,0,1,0,0,1,61,69,76,100,70,82,64,83,48,96,Accountant,Chartered Accountant (CA),Marketing Manager,Human Resource Manager,Operations Manager
Business & Finance,0,0,1,0,0,0,0,0,1,0,0,0,0,0,0,0,58,65,70,58,43,39,62,73,57,80,Accountant,Chartered Accountant (CA),Investment Banker,Marketing Manager,Human Resource Manager
Space Science,1,0,0,0,0,0,0,0,1,0,1,0,0,0,0,0,89,83,62,38,78,88,87,51,79,37,Space Scientist,ISRO Scientist,DRDO Scientist,Astronomer,Aerospace Engineer
all,0,0,1,0,0,0,0,0,0,0,1,0,0,1,0,0,78,76,69,64,90,92,68,66,77,52,Software Developer,Web Developer,Mobile App Developer,Game Developer,Software Tester / QA Engineer
all,0,0,0,0,0,0,1,0,0,1,0,0,0,0,0,1,71,53,81,98,78,87,73,86,87,76,Accountant,Chartered Accountant (CA),Marketing Manager,Human Resource Manager,Operations Manager
Marine,0,0,1,0,0,0,1,0,0,0,0,0,0,0,1,0,59,77,69,86,51,58,69,86,56,93,Ship Captain,Marine Engineer,Marine Biologist,Naval Architect,Oceanographer
Science,0,0,1,0,0,0,0,0,0,1,1,0,0,0,0,0,100,70,42,54,73,97,95,61,55,55,Physicist,Chemist,Mathematician,Statistician,Geologist
Biotech,0,0,0,0,0,1,0,1,0,0,1,0,0,0,1,0,73,85,52,71,79,83,81,66,72,71,Tourism Manager,Real Estate Manager,Biomedical Engineer,Agricultural Scientist,Environmental Scientist
Media & Creative,0,0,0,0,0,0,0,0,1,0,1,0,0,0,0,0,28,57,97,60,52,48,28,85,89,68,Graphic Designer,Fashion Designer,Interior Designer,Social Media Manager,VFX Artist
Sports / Fitness,0,0,0,1,0,0,1,0,0,1,0,0,0,0,1,0,42,74,96,79,37,47,54,81,60,66,Sports Coach,Fitness Trainer,Yoga Instructor,Sports Physiotherapist,Sports Psychologist
all,0,0,1,0,1,0,0,0,0,0,0,0,0,0,0,0,62,64,83,45,72,90,61,75,70,48,Software Developer,Web Developer,Mobile App Developer,Game Developer,Software Tester / QA Engineer
Forensics,0,0,1,0,0,0,0,0,0,1,1,0,0,0,0,0,85,59,64,42,55,66,64,65,71,44,Criminologist,Forensic Scientist,Crime Scene Investigator,Forensic Psychologist,Digital Forensics Analyst
Fashion,1,0,0,0,0,1,1,0,0,0,0,0,0,0,0,0,44,59,74,79,52,42,47,80,83,74,Fashion Designer,Textile Designer,Makeup Artist,Cosmetologist,Fashion Stylist
Education,0,0,0,1,0,0,0,0,1,0,0,1,1,0,0,0,69,63,87,83,39,69,65,89,79,71,Training Manager,School Teacher,Professor,Special Education Teacher,Curriculum Developer
Education,0,1,0,1,0,0,0,0,1,0,0,0,0,0,0,0,65,68,57,68,83,75,57,62,71,91,School Teacher,Professor,Special Education Teacher,Training Manager,College Lecturer
IT & Computer,1,0,1,0,0,0,0,0,0,0,0,0,0,0,0,0,69,71,43,48,63,65,71,40,69,48,Software Developer,Web Developer,Mobile App Developer,Network Engineer,Cloud Engineer
all,0,0,0,1,0,1,0,0,0,0,0,1,1,0,0,0,69,84,96,94,69,64,78,87,72,70,Public Relations Manager,Accountant,Chartered Accountant (CA),Marketing Manager,Human Resource Manager
Law & Government,0,0,0,1,0,1,0,1,1,0,0,0,0,0,0,0,56,55,71,74,63,75,55,79,63,87,Social Welfare Officer,Lawyer / Advocate,Judge,Legal Advisor,Public Prosecutor
IT & Computer,1,0,0,0,0,0,0,1,0,0,0,0,0,0,0,0,68,71,89,69,57,64,71,87,50,61,IT Project Manager,Network Engineer,Cloud Engineer,AI Engineer,Machine Learning Engineer
Marine,0,1,0,0,0,0,1,0,0,0,0,0,0,0,0,0,58,54,59,50,71,80,80,67,57,51,Marine Engineer,Ship Captain,Marine Biologist,Naval Architect,Oceanographer
Business & Finance,0,0,1,0,0,0,0,0,0,0,1,0,1,0,0,0,51,94,77,62,80,50,79,62,100,61,Investment Banker,Auditor,Management Consultant,Banking Officer,Digital Marketing Specialist
Research,0,0,1,0,0,0,0,0,0,0,1,0,1,0,1,0,72,78,53,66,65,71,85,62,80,54,Research Scientist,Data Scientist,Research Analyst,Laboratory Researcher,Scientific Writer
Hospitality,0,0,0,0,1,0,0,0,1,0,0,0,0,0,0,0,56,70,79,70,70,73,49,74,66,70,Hotel Manager,Event Manager,Airline Manager,Wedding Planner,NGO Program Manager
Education,0,0,0,0,0,1,1,0,0,0,0,1,0,0,0,0,72,73,70,66,58,55,79,75,72,55,Training Manager,College Lecturer,Academic Counselor,Education Consultant,Librarian
Forensics,0,1,0,0,0,0,0,0,0,0,1,0,1,1,0,0,81,55,54,53,70,85,45,51,52,94,Criminologist,Forensic Scientist,Crime Scene Investigator,Forensic Psychologist,Digital Forensics Analyst
Marine,0,0,0,1,0,0,1,0,0,1,0,0,0,0,0,0,69,48,64,50,51,64,84,51,43,71,Marine Engineer,Ship Captain,Marine Biologist,Naval Architect,Oceanographer
Research,1,0,1,0,0,0,0,0,0,0,0,0,0,0,1,0,79,92,74,52,94,80,87,71,83,51,Research Scientist,Data Scientist,Research Analyst,Laboratory Researcher,Scientific Writer
Research,0,0,1,0,0,0,0,0,0,0,1,1,0,0,0,0,69,69,70,75,63,85,67,64,84,51,Research Scientist,Data Scientist,Research Analyst,Laboratory Researcher,Scientific Writer
Healthcare,0,0,0,0,0,0,1,1,1,0,0,0,0,0,0,0,50,57,67,79,46,53,55,66,33,73,Doctor,Nurse,Pharmacist,Medical Lab Technologist,Medical Researcher
all,1,1,0,0,0,0,0,0,0,0,0,1,0,0,0,0,100,82,54,51,86,81,100,53,89,57,Network Engineer,Cloud Engineer,AI Engineer,Machine Learning Engineer,DevOps Engineer
Fashion,0,0,0,0,0,0,0,1,1,1,0,0,0,1,0,0,36,68,74,86,83,48,37,85,92,75,Fashion Designer,Textile Designer,Makeup Artist,Cosmetologist,Fashion Stylist
all,0,0,1,0,0,0,0,0,0,0,0,1,0,0,0,0,80,75,88,62,59,82,82,54,52,63,Network Engineer,Cloud Engineer,AI Engineer,Machine Learning Engineer,DevOps Engineer
Research,0,0,1,1,0,0,0,0,0,0,1,1,0,0,0,0,75,78,77,44,68,73,83,73,61,34,Research Scientist,Data Scientist,Research Analyst,Laboratory Researcher,Scientific Writer
IT & Computer,1,0,0,0,0,0,0,0,0,0,1,0,0,0,1,0,76,73,68,61,73,73,81,64,70,39,Network Engineer,Cloud Engineer,AI Engineer,Machine Learning Engineer,DevOps Engineer
all,0,1,0,0,0,0,0,0,0,0,0,0,0,0,1,1,51,74,75,72,63,58,70,82,83,72,IT Project Manager,Accountant,Chartered Accountant (CA),Marketing Manager,Human Resource Manager
all,1,1,0,1,0,0,1,0,0,0,0,0,0,0,0,0,66,59,65,88,60,67,46,74,54,84,IT Project Manager,IT Support Specialist,Technical Consultant,Ethical Hacker,Game Tester
all,1,0,1,0,0,0,1,0,0,1,0,0,0,0,0,0,53,76,71,74,74,49,52,66,85,71,IT Support Specialist,Technical Consultant,Ethical Hacker,Game Tester,Esports Player
all,0,1,0,0,1,0,0,0,0,0,0,0,0,0,0,0,67,74,67,61,60,50,44,59,93,68,UI/UX Designer,Graphic Designer,Fashion Designer,Interior Designer,Social Media Manager
Marine,0,0,0,0,1,0,1,0,0,1,0,0,0,0,0,0,89,76,46,43,58,48,82,34,78,31,Marine Engineer,Ship Captain,Marine Biologist,Naval Architect,Oceanographer
Healthcare,0,0,0,0,0,0,1,0,0,0,0,1,0,1,0,0,38,43,53,70,51,61,55,67,29,81,Doctor,Nurse,Pharmacist,Medical Lab Technologist,Medical Researcher
all,0,0,1,0,0,0,0,0,1,0,0,0,0,0,0,0,51,70,68,79,72,72,44,85,92,60,Graphic Designer,Fashion Designer,Interior Designer,Public Relations Manager,Social Media Manager
Law & Government,0,0,0,1,0,0,0,1,0,0,0,1,0,0,0,1,61,62,98,57,44,55,48,78,52,70,Social Welfare Officer,Lawyer / Advocate,Judge,Legal Advisor,Public Prosecutor
all,0,1,1,0,0,1,0,0,0,0,0,0,0,0,0,1,100,73,64,73,57,79,78,69,57,69,IT Project Manager,Accountant,Chartered Accountant (CA),Marketing Manager,Human Resource Manager
Space Science,0,0,0,0,0,0,0,1,0,0,0,0,0,1,0,0,100,89,47,37,80,88,91,42,73,68,Space Scientist,ISRO Scientist,DRDO Scientist,Astronomer,Aerospace Engineer
Defense,0,0,0,0,1,0,1,0,0,1,0,0,0,0,0,0,100,64,67,62,61,77,92,65,57,75,Defense Scientist,Navy Officer,Army Officer,Air Force Officer,Coast Guard Officer
Hospitality,0,0,0,1,0,0,0,1,0,1,0,0,0,1,0,0,72,67,69,86,80,71,57,71,65,86,Hotel Manager,Event Manager,Airline Manager,Wedding Planner,NGO Program Manager
Business & Finance,0,1,0,0,0,0,0,0,0,0,0,0,1,0,0,1,87,74,63,74,84,86,60,67,67,100,Accountant,Chartered Accountant (CA),Marketing Manager,Human Resource Manager,Operations Manager
Education,0,1,0,1,0,0,0,0,0,0,0,1,0,0,1,0,61,57,76,76,50,69,62,62,52,75,Training Manager,School Teacher,Professor,Special Education Teacher,College Lecturer
Space Science,1,0,0,0,0,0,0,0,0,0,0,1,0,1,1,0,100,82,79,78,89,94,86,87,75,84,Space Scientist,ISRO Scientist,DRDO Scientist,Astronomer,Aerospace Engineer
all,1,0,0,0,0,0,0,0,1,0,1,0,1,0,0,0,100,79,77,94,80,83,89,88,76,65,IT Project Manager,Accountant,Chartered Accountant (CA),Marketing Manager,Human Resource Manager
Biotech,0,0,0,0,0,0,0,0,1,0,1,0,0,0,0,0,88,73,46,56,80,82,79,51,70,75,Biomedical Engineer,Tourism Manager,Real Estate Manager,Agricultural Scientist,Food Technologist
Marine,1,0,0,0,1,0,1,0,0,0,0,0,0,0,1,0,63,83,46,65,67,71,79,63,71,62,Marine Engineer,Ship Captain,Marine Biologist,Naval Architect,Oceanographer
Media & Creative,0,0,0,0,1,1,1,1,0,0,0,0,0,0,0,0,51,66,70,67,97,71,46,85,97,59,Graphic Designer,Fashion Designer,Interior Designer,Public Relations Manager,Social Media Manager
all,0,0,0,1,0,0,1,0,0,1,0,1,0,0,0,0,71,39,55,72,58,43,61,64,41,76,Animator,Film Director,Video Editor,Journalist,Content Writer
Education,0,0,0,0,0,1,0,0,0,0,0,1,1,0,0,1,92,72,72,78,80,71,76,78,70,97,Training Manager,School Teacher,Professor,Special Education Teacher,Curriculum Developer
Sports / Fitness,0,0,0,0,1,0,0,0,0,0,0,0,0,0,0,0,77,58,52,46,66,61,78,56,60,75,Sports Coach,Fitness Trainer,Yoga Instructor,Sports Physiotherapist,Sports Psychologist
Space Science,1,0,0,0,0,0,0,0,0,0,0,0,1,1,0,0,100,89,54,58,89,92,85,61,71,75,Space Scientist,ISRO Scientist,DRDO Scientist,Astronomer,Aerospace Engineer
all,1,0,0,1,0,0,0,0,0,0,1,0,0,0,0,0,90,68,37,35,73,78,87,39,73,58,Network Engineer,Cloud Engineer,AI Engineer,Machine Learning Engineer,DevOps Engineer
Defense,0,0,1,0,0,0,1,0,0,0,0,0,0,0,0,0,67,66,70,65,53,78,82,57,56,69,Defense Scientist,Navy Officer,Army Officer,Air Force Officer,Coast Guard Officer
all,0,0,0,0,0,1,0,0,1,1,0,0,0,0,1,0,63,68,74,72,75,68,60,78,82,65,Public Relations Manager,Animator,Film Director,Video Editor,Journalist
IT & Computer,0,0,1,0,0,1,0,0,0,0,1,0,0,1,0,0,75,68,55,49,59,65,81,53,55,43,Network Engineer,Cloud Engineer,AI Engineer,Machine Learning Engineer,DevOps Engineer
Hospitality,0,1,0,0,1,0,0,0,1,1,0,0,0,0,0,0,50,82,100,76,54,62,69,99,61,73,Hotel Manager,Event Manager,Airline Manager,Wedding Planner,NGO Program Manager
all,0,0,1,1,1,0,0,0,0,0,0,0,0,0,0,0,77,71,66,41,82,82,87,76,66,15,Public Relations Manager,Software Developer,Web Developer,Mobile App Developer,Game Developer
IT & Computer,0,1,0,0,0,1,0,0,1,0,1,0,0,0,0,0,63,66,53,36,59,64,76,51,57,38,Network Engineer,Cloud Engineer,AI Engineer,Machine Learning Engineer,DevOps Engineer
all,0,0,0,0,0,0,0,1,0,1,0,0,0,0,0,1,71,64,77,80,77,62,79,72,67,81,Accountant,Chartered Accountant (CA),Marketing Manager,Human Resource Manager,Operations Manager
all,0,0,1,0,0,0,0,1,0,1,0,0,0,0,0,0,24,56,65,78,48,53,39,78,61,78,Social Worker,School Teacher,Professor,Special Education Teacher,Social Welfare Officer
all,0,0,0,0,0,0,0,0,0,1,1,0,0,1,0,0,88,63,82,77,96,88,90,84,87,50,Data Analyst,Data Scientist,Cybersecurity Analyst,Database Administrator,Systems Analyst
Biotech,0,0,0,0,0,0,1,0,0,0,1,0,1,0,0,0,59,77,58,63,68,62,85,55,77,59,Biomedical Engineer,Tourism Manager,Real Estate Manager,Food Technologist,Biotechnologist
all,1,1,0,0,0,0,0,0,0,0,0,0,0,1,0,0,84,62,63,39,83,100,66,67,68,46,Software Developer,Web Developer,Mobile App Developer,Network Engineer,Cloud Engineer
Sports / Fitness,0,0,0,1,0,0,1,0,0,1,0,0,0,0,0,0,60,73,55,100,77,51,83,63,58,93,Sports Coach,Fitness Trainer,Yoga Instructor,Sports Physiotherapist,Sports Psychologist
all,1,0,0,0,0,1,0,0,0,0,0,0,0,0,1,0,55,59,78,82,79,75,28,81,91,77,UI/UX Designer,Graphic Designer,Fashion Designer,Interior Designer,Social Media Manager
Design,0,0,0,0,0,1,0,0,1,0,0,0,0,0,1,1,49,71,69,55,66,47,58,65,77,58,Architect,Urban Planner,Interior Designer,Industrial Designer,Graphic Designer
Aviation,0,1,0,0,0,0,0,0,0,1,0,0,0,0,0,0,71,54,73,68,48,69,68,71,50,60,Aircraft Maintenance Engineer,Pilot,Commercial Pilot,Air Traffic Controller,Flight Dispatcher
all,0,0,1,1,0,0,0,0,0,0,0,0,0,0,0,0,73,66,71,55,84,77,65,55,66,69,Public Relations Manager,Animator,Film Director,Video Editor,Journalist
all,0,0,0,1,0,0,0,1,0,0,0,0,0,0,0,0,61,71,69,71,62,66,66,82,59,63,Public Relations Manager,IT Project Manager,Training Manager,Accountant,Chartered Accountant (CA)
Defense,0,0,1,0,0,0,1,0,0,0,1,0,0,0,1,0,36,52,63,71,68,66,59,62,62,83,Navy Officer,Army Officer,Air Force Officer,Defense Scientist,Coast Guard Officer
Healthcare,1,0,0,0,0,0,0,0,0,0,1,1,0,1,0,0,83,60,69,72,62,78,77,81,51,80,Doctor,Nurse,Pharmacist,Medical Lab Technologist,Medical Researcher
Science,1,1,1,0,0,0,0,1,0,0,0,0,0,0,0,0,84,86,54,59,60,86,87,54,63,58,Physicist,Chemist,Mathematician,Statistician,Geologist
Aviation,0,1,0,0,0,0,1,0,0,1,0,0,0,0,0,0,88,97,97,71,84,94,75,89,56,69,Aircraft Maintenance Engineer,Pilot,Commercial Pilot,Air Traffic Controller,Flight Dispatcher
all,0,0,1,0,0,0,0,0,0,0,0,0,0,0,1,0,86,72,99,67,83,90,64,86,74,48,Software Developer,Web Developer,Mobile App Developer,Game Developer,Software Tester / QA Engineer
all,0,0,0,0,0,0,0,0,0,1,0,0,0,1,0,0,75,72,58,57,68,67,71,59,66,65,IT Project Manager,Software Developer,Web Developer,Mobile App Developer,Network Engineer
Aviation,0,1,1,0,0,0,0,0,0,1,0,1,0,0,0,0,68,64,64,81,56,51,70,69,66,76,Pilot,Commercial Pilot,Air Traffic Controller,Flight Dispatcher,Aircraft Maintenance Engineer
all,0,1,0,1,0,1,0,0,1,0,0,0,0,0,0,0,30,69,73,67,46,19,35,79,75,68,Graphic Designer,Fashion Designer,Interior Designer,Social Media Manager,VFX Artist
Media & Creative,1,0,0,0,1,1,0,0,0,0,0,0,1,0,0,0,66,62,80,65,74,67,60,90,66,67,Public Relations Manager,Animator,Film Director,Video Editor,Journalist
Forensics,0,0,1,0,1,0,0,1,0,0,1,0,0,0,0,0,86,67,36,62,75,82,79,46,65,78,Forensic Scientist,Criminologist,Crime Scene Investigator,Forensic Psychologist,Digital Forensics Analyst
Forensics,0,0,1,0,0,0,0,0,0,1,1,0,0,0,0,0,66,69,85,58,75,83,67,71,57,58,Forensic Scientist,Criminologist,Crime Scene Investigator,Forensic Psychologist,Digital Forensics Analyst
all,1,0,0,0,0,1,0,1,0,0,0,0,0,0,1,0,66,76,78,70,52,58,55,80,82,66,IT Project Manager,Public Relations Manager,IT Support Specialist,Technical Consultant,Ethical Hacker
Design,0,1,0,0,0,0,0,0,1,0,0,0,0,0,0,0,56,81,55,72,58,30,59,65,89,90,Interior Designer,Industrial Designer,Graphic Designer,Architect,Urban Planner
all,0,0,0,0,0,0,0,0,1,0,0,0,0,0,0,1,48,49,91,76,80,66,33,84,89,65,Graphic Designer,Fashion Designer,Interior Designer,Social Media Manager,VFX Artist
Business & Finance,0,0,0,0,0,0,0,1,0,0,0,0,1,0,0,1,31,33,53,59,41,45,63,59,31,76,Investment Banker,Auditor,Management Consultant,Banking Officer,Digital Marketing Specialist
Forensics,1,0,1,0,0,0,0,0,0,1,1,0,0,0,0,0,71,50,57,64,54,72,60,67,61,55,Criminologist,Forensic Scientist,Crime Scene Investigator,Forensic Psychologist,Digital Forensics Analyst
all,0,0,1,0,0,0,0,0,0,1,0,0,0,0,0,0,57,45,67,90,66,60,57,70,53,73,Social Worker,School Teacher,Professor,Special Education Teacher,Social Welfare Officer
all,0,0,0,1,0,0,0,0,1,0,0,0,1,0,0,0,80,70,76,76,68,88,73,65,64,69,Public Relations Manager,Accountant,Chartered Accountant (CA),Marketing Manager,Human Resource Manager
Hospitality,0,0,0,0,0,0,0,0,1,1,0,0,0,1,0,1,46,49,57,61,33,39,77,78,46,67,Hotel Manager,Event Manager,Airline Manager,Wedding Planner,NGO Program Manager
all,1,0,0,0,0,0,0,1,0,0,0,1,0,1,0,0,73,100,59,81,87,84,99,65,91,68,IT Project Manager,Network Engineer,Cloud Engineer,AI Engineer,Machine Learning Engineer
Science,0,0,0,0,0,0,1,0,0,0,1,0,0,1,0,1,100,82,79,56,76,96,87,82,61,51,Physicist,Chemist,Mathematician,Statistician,Geologist
all,0,0,0,0,0,0,0,1,1,1,1,0,0,0,0,0,68,59,89,75,78,78,89,77,79,65,Public Relations Manager,IT Project Manager,Training Manager,Accountant,Chartered Accountant (CA)
all,0,0,1,1,0,1,0,0,0,0,1,0,0,0,0,0,74,77,67,48,60,83,79,65,59,33,Software Developer,Web Developer,Mobile App Developer,Game Developer,Software Tester / QA Engineer
Research,0,0,0,0,0,0,1,0,0,0,1,0,0,0,0,0,76,100,67,37,57,67,91,60,86,21,Research Scientist,Data Scientist,Research Analyst,Laboratory Researcher,Scientific Writer
all,0,0,0,1,1,0,0,0,0,0,0,0,0,1,1,0,69,75,92,81,77,57,56,79,84,84,Public Relations Manager,Animator,Film Director,Video Editor,Journalist
Marine,0,0,0,0,0,0,1,1,0,0,0,0,0,0,1,0,67,77,59,59,70,68,65,52,58,69,Ship Captain,Marine Engineer,Marine Biologist,Naval Architect,Oceanographer
Research,1,0,1,1,0,0,0,0,0,0,0,0,0,0,0,0,76,72,100,86,74,84,94,83,70,78,Research Scientist,Data Scientist,Research Analyst,Laboratory Researcher,Scientific Writer
Defense,0,0,0,0,0,0,1,0,0,1,0,1,1,0,0,0,61,67,40,47,63,82,64,62,52,48,Navy Officer,Army Officer,Air Force Officer,Defense Scientist,Coast Guard Officer
Design,0,0,0,0,0,0,0,0,1,0,0,0,0,1,0,0,81,77,33,47,65,79,69,47,82,52,Architect,Urban Planner,Interior Designer,Industrial Designer,Graphic Designer
Fashion,1,0,0,0,0,1,0,0,0,0,0,0,0,0,0,0,50,84,51,30,56,46,60,45,91,42,Cosmetologist,Fashion Designer,Textile Designer,Makeup Artist,Fashion Stylist
Hospitality,0,1,0,0,0,0,0,0,0,1,0,0,0,0,0,0,41,52,90,75,50,50,40,75,75,67,Wedding Planner,Hotel Manager,Event Manager,Airline Manager,NGO Program Manager
IT & Computer,0,0,0,0,0,1,0,0,1,0,1,0,0,0,0,0,89,54,84,59,49,79,75,86,38,50,IT Project Manager,Network Engineer,Cloud Engineer,AI Engineer,Machine Learning Engineer
Research,0,0,0,0,0,0,0,0,0,0,1,1,0,0,0,0,64,65,86,85,70,75,77,83,61,45,Research Scientist,Data Scientist,Research Analyst,Laboratory Researcher,Scientific Writer
Biotech,0,0,0,0,0,0,0,1,0,0,1,1,0,0,0,0,76,70,51,51,97,72,75,49,93,76,Biomedical Engineer,Tourism Manager,Real Estate Manager,Food Technologist,Biotechnologist
Law & Government,0,0,0,0,0,0,0,0,0,0,1,0,1,0,0,0,63,49,99,75,51,55,84,89,52,87,Social Welfare Officer,Lawyer / Advocate,Judge,Legal Advisor,Public Prosecutor
Engineering,1,0,0,0,0,0,0,0,0,0,1,1,1,0,0,0,87,98,32,39,95,79,93,25,92,48,Civil Engineer,Mechanical Engineer,Electrical Engineer,Electronics Engineer,Chemical Engineer
all,0,1,0,0,0,0,0,0,0,1,0,0,0,0,0,1,66,44,62,57,59,60,57,67,59,59,IT Support Specialist,Technical Consultant,Ethical Hacker,Game Tester,Esports Player
Space Science,0,0,0,0,0,0,0,0,0,0,1,0,0,1,1,0,72,84,65,50,96,83,89,58,72,54,Space Scientist,ISRO Scientist,DRDO Scientist,Astronomer,Aerospace Engineer
Sports / Fitness,0,0,0,0,0,1,0,0,0,1,0,0,0,0,0,0,54,49,62,45,64,47,44,77,63,65,Sports Coach,Fitness Trainer,Yoga Instructor,Sports Physiotherapist,Sports Psychologist
all,1,0,0,0,1,1,0,0,0,0,0,0,0,0,1,0,74,77,43,67,83,60,82,68,91,77,Public Relations Manager,IT Project Manager,Training Manager,Accountant,Chartered Accountant (CA)
all,0,0,0,0,0,0,0,0,1,0,1,1,0,0,0,0,87,67,68,59,68,74,81,74,70,57,Public Relations Manager,IT Project Manager,Training Manager,Accountant,Chartered Accountant (CA)
all,0,1,0,0,0,0,0,0,0,1,0,0,0,0,0,1,56,62,59,74,59,51,65,70,55,64,IT Support Specialist,Technical Consultant,Ethical Hacker,Game Tester,Esports Player
Media & Creative,0,0,0,0,1,0,0,0,1,0,0,0,0,0,0,1,58,77,99,100,55,44,71,94,63,88,Public Relations Manager,Animator,Film Director,Video Editor,Journalist
all,1,0,0,1,0,0,1,0,0,0,0,0,0,1,0,0,77,93,64,64,90,67,83,54,85,60,Network Engineer,Cloud Engineer,AI Engineer,Machine Learning Engineer,DevOps Engineer
Engineering,1,0,0,0,0,1,1,0,0,0,0,0,0,1,0,0,100,71,57,35,86,84,100,58,58,37,Civil Engineer,Mechanical Engineer,Electrical Engineer,Electronics Engineer,Chemical Engineer
all,0,0,0,0,1,0,0,0,0,0,0,0,0,0,0,1,80,84,86,69,66,77,83,87,86,64,Accountant,Chartered Accountant (CA),Marketing Manager,Human Resource Manager,Operations Manager
Biotech,0,0,0,0,0,0,0,1,0,1,1,0,0,0,0,0,81,80,56,55,77,67,71,56,88,57,Biomedical Engineer,Food Technologist,Biotechnologist,Microbiologist,Geneticist
all,0,0,0,0,0,1,1,0,0,0,0,1,1,0,0,0,89,40,57,53,57,66,52,59,56,76,Investment Banker,Auditor,Management Consultant,Banking Officer,Digital Marketing Specialist
all,1,1,0,0,0,0,1,0,0,0,0,1,0,0,0,0,81,77,36,37,100,77,79,60,90,23,Software Developer,Web Developer,Mobile App Developer,Game Developer,Software Tester / QA Engineer
Healthcare,0,0,0,0,0,0,0,1,0,0,0,0,1,0,0,0,77,54,63,77,69,77,45,63,65,70,Social Worker,Dentist,Physiotherapist,Occupational Therapist,Radiologist
Biotech,0,1,0,1,0,0,0,0,0,0,1,0,0,0,1,0,74,64,74,65,69,73,92,71,48,70,Tourism Manager,Real Estate Manager,Biomedical Engineer,Agricultural Scientist,Environmental Scientist
Fashion,0,1,0,0,0,1,0,0,1,0,0,0,0,0,0,1,21,71,47,65,91,62,37,58,93,64,Fashion Designer,Textile Designer,Makeup Artist,Cosmetologist,Fashion Stylist
Education,0,0,0,1,1,0,1,0,0,0,1,0,0,0,0,0,75,86,100,92,81,74,82,97,79,80,Training Manager,School Teacher,Professor,Special Education Teacher,Curriculum Developer
all,0,0,0,0,1,0,0,0,1,0,1,0,1,0,0,0,57,68,66,63,52,38,55,61,73,68,Animator,Film Director,Video Editor,Journalist,Content Writer
all,0,0,0,0,0,0,0,1,0,1,0,0,0,0,1,0,97,77,50,54,97,87,77,63,74,73,IT Project Manager,Training Manager,Accountant,Chartered Accountant (CA),Marketing Manager
all,0,0,0,0,0,0,0,0,1,1,0,0,0,0,0,0,85,79,55,68,87,83,76,53,79,86,Public Relations Manager,Software Developer,Web Developer,Mobile App Developer,Network Engineer
all,1,0,1,0,0,1,0,0,0,0,0,0,0,0,0,0,40,72,78,79,64,47,68,76,71,76,IT Project Manager,Public Relations Manager,IT Support Specialist,Technical Consultant,Ethical Hacker
Business & Finance,0,0,0,0,0,0,1,0,0,0,0,0,1,0,0,1,93,75,89,73,55,66,89,88,63,65,Accountant,Chartered Accountant (CA),Marketing Manager,Human Resource Manager,Operations Manager
Research,0,0,0,1,0,0,1,0,0,0,1,0,0,0,0,0,91,73,68,64,71,84,82,54,63,65,Research Scientist,Data Scientist,Research Analyst,Laboratory Researcher,Scientific Writer
Design,0,0,0,0,0,0,1,0,1,0,0,0,0,0,1,0,67,44,67,65,87,83,19,74,84,60,Interior Designer,Industrial Designer,Graphic Designer,Architect,Urban Planner
Media & Creative,0,0,0,0,1,0,0,0,0,0,0,0,1,0,0,0,57,62,63,64,75,73,54,66,73,72,Public Relations Manager,Animator,Film Director,Video Editor,Journalist
Law & Government,0,0,1,1,0,0,0,1,0,0,0,0,0,0,0,1,53,66,80,69,79,64,53,74,77,71,Social Welfare Officer,Lawyer / Advocate,Judge,Legal Advisor,Public Prosecutor
all,0,0,0,0,0,0,0,0,0,0,1,0,1,1,0,0,69,75,34,39,82,75,86,39,71,47,Network Engineer,Cloud Engineer,AI Engineer,Machine Learning Engineer,DevOps Engineer
Aviation,0,1,0,0,0,0,0,0,0,1,0,0,0,0,1,1,80,72,81,92,63,86,80,88,64,77,Aircraft Maintenance Engineer,Pilot,Commercial Pilot,Air Traffic Controller,Flight Dispatcher
all,0,1,1,0,0,0,1,0,0,0,1,0,0,0,0,0,53,71,45,66,51,65,78,61,69,42,Network Engineer,Cloud Engineer,AI Engineer,Machine Learning Engineer,DevOps Engineer
all,0,0,0,0,0,0,0,0,0,0,1,0,0,1,1,0,84,57,71,45,81,85,81,66,59,43,Network Engineer,Cloud Engineer,AI Engineer,Machine Learning Engineer,DevOps Engineer
all,0,0,0,0,1,0,0,0,0,0,1,1,1,0,0,0,67,27,50,79,53,78,58,54,39,81,Doctor,Nurse,Pharmacist,Medical Lab Technologist,Medical Researcher
Business & Finance,0,0,1,0,1,0,0,0,0,0,0,0,1,0,0,0,60,57,100,79,66,66,68,100,65,66,Accountant,Chartered Accountant (CA),Marketing Manager,Human Resource Manager,Operations Manager
all,0,0,0,1,0,0,1,0,1,0,0,0,0,0,1,0,51,53,60,71,76,42,48,54,80,79,Animator,Film Director,Video Editor,Journalist,Content Writer
all,0,0,0,1,0,0,1,0,0,0,0,0,0,0,0,0,66,40,67,63,68,71,54,68,82,66,Public Relations Manager,Animator,Film Director,Video Editor,Journalist
all,0,0,0,1,0,1,0,0,0,0,0,1,0,0,0,0,68,70,85,83,80,85,78,84,67,79,Public Relations Manager,IT Project Manager,Training Manager,Accountant,Chartered Accountant (CA)
all,0,0,1,1,0,0,0,0,0,1,0,1,0,0,0,0,58,52,71,82,42,44,66,74,56,82,Public Relations Manager,Animator,Film Director,Video Editor,Journalist
all,0,0,1,0,1,0,0,0,0,0,1,0,0,1,0,0,73,49,31,41,57,60,73,47,58,43,Network Engineer,Cloud Engineer,AI Engineer,Machine Learning Engineer,DevOps Engineer
all,0,0,0,0,0,1,0,0,0,1,0,0,0,0,0,0,75,88,82,64,93,80,62,87,96,57,Public Relations Manager,IT Project Manager,Training Manager,Accountant,Chartered Accountant (CA)
all,1,1,0,0,0,0,1,1,0,0,0,0,0,0,0,0,69,70,76,70,70,75,69,76,82,42,Software Developer,Web Developer,Mobile App Developer,Game Developer,Software Tester / QA Engineer
Defense,1,0,0,0,0,0,1,0,0,1,0,0,0,0,0,0,43,48,75,63,59,43,43,66,52,58,Navy Officer,Army Officer,Air Force Officer,Defense Scientist,Coast Guard Officer
Education,1,0,1,0,0,0,0,0,0,0,0,1,0,0,0,0,49,53,80,83,49,58,79,79,53,68,Training Manager,School Teacher,Professor,Special Education Teacher,College Lecturer
Biotech,0,0,0,0,0,0,0,1,0,1,1,0,0,0,0,0,81,81,49,56,73,79,88,64,34,57,Agricultural Scientist,Environmental Scientist,Tourism Manager,Real Estate Manager,Biomedical Engineer
all,0,1,1,0,0,0,1,0,0,0,0,0,1,0,0,0,91,72,80,84,71,80,92,92,63,88,IT Project Manager,Accountant,Chartered Accountant (CA),Marketing Manager,Human Resource Manager
all,0,0,0,0,0,0,0,0,0,1,1,0,0,0,1,0,97,71,62,67,79,81,97,48,79,72,Network Engineer,Cloud Engineer,AI Engineer,Machine Learning Engineer,DevOps Engineer
Aviation,0,0,0,1,0,0,0,0,0,1,0,0,0,0,0,0,75,69,68,74,60,76,93,54,52,58,Aircraft Maintenance Engineer,Pilot,Commercial Pilot,Air Traffic Controller,Flight Dispatcher
Aviation,0,0,1,0,0,0,0,0,0,1,0,0,0,0,0,0,81,71,73,59,76,74,92,69,66,67,Aircraft Maintenance Engineer,Pilot,Commercial Pilot,Air Traffic Controller,Flight Dispatcher
all,0,0,0,0,1,1,0,0,1,0,0,0,0,0,0,0,65,58,41,55,78,86,59,57,83,57,Animator,Film Director,Video Editor,Journalist,Content Writer
Biotech,0,0,0,0,0,0,0,0,0,0,1,0,0,0,1,0,56,56,65,56,59,59,66,58,62,39,Food Technologist,Biotechnologist,Microbiologist,Geneticist,Marine Biologist
all,0,0,0,0,1,1,0,0,1,0,0,0,0,0,0,1,60,60,90,78,42,35,54,76,71,68,Animator,Film Director,Video Editor,Journalist,Content Writer
all,0,0,0,0,0,1,0,0,0,0,1,0,1,1,0,0,61,56,43,34,59,57,83,48,60,28,Software Developer,Web Developer,Mobile App Developer,Game Developer,Software Tester / QA Engineer
IT & Computer,0,0,0,0,0,0,0,0,0,0,1,0,1,1,0,0,67,44,50,42,71,76,75,41,44,57,Network Engineer,Cloud Engineer,AI Engineer,Machine Learning Engineer,DevOps Engineer
Marine,0,0,0,0,0,0,1,0,0,1,0,0,1,0,0,0,67,91,75,60,65,72,77,68,56,76,Marine Engineer,Ship Captain,Marine Biologist,Naval Architect,Oceanographer
all,1,0,0,0,0,0,0,0,0,0,1,0,0,1,0,1,86,73,99,53,76,82,74,71,81,61,IT Project Manager,Software Developer,Web Developer,Mobile App Developer,Network Engineer
Research,0,0,1,1,1,1,0,0,0,0,0,0,0,0,0,0,82,68,63,42,86,84,89,51,68,25,Research Scientist,Data Scientist,Research Analyst,Laboratory Researcher,Scientific Writer
Design,1,0,0,0,0,1,0,0,1,0,0,0,1,0,0,0,39,55,60,53,77,58,53,56,91,67,Architect,Urban Planner,Interior Designer,Industrial Designer,Graphic Designer
all,0,0,1,0,0,0,0,0,0,0,1,1,0,0,0,0,75,75,44,46,61,84,88,40,68,54,Network Engineer,Cloud Engineer,AI Engineer,Machine Learning Engineer,DevOps Engineer
Biotech,0,0,0,1,0,0,1,1,0,0,1,0,0,0,0,0,62,65,66,44,56,58,74,68,63,32,Biomedical Engineer,Agricultural Scientist,Food Technologist,Biotechnologist,Microbiologist
Healthcare,0,1,0,0,0,0,0,0,0,0,0,1,1,0,0,0,71,53,99,72,76,75,74,83,59,72,Doctor,Nurse,Pharmacist,Medical Lab Technologist,Medical Researcher
Science,0,0,1,0,0,0,0,0,1,0,0,0,0,0,0,1,87,53,100,95,46,90,83,85,45,69,Physicist,Chemist,Mathematician,Statistician,Geologist
Healthcare,0,0,0,0,0,0,0,1,1,0,0,1,0,0,0,0,61,67,53,65,75,47,58,55,82,77,Dentist,Physiotherapist,Occupational Therapist,Radiologist,Dietitian
all,0,0,1,1,0,0,0,1,0,0,0,0,1,0,0,0,59,62,80,74,78,65,70,79,61,73,Accountant,Chartered Accountant (CA),Marketing Manager,Human Resource Manager,Operations Manager
Research,0,0,0,1,0,0,0,0,0,0,0,0,0,1,0,0,83,66,47,53,75,79,80,71,52,47,Research Scientist,Data Scientist,Research Analyst,Laboratory Researcher,Scientific Writer
all,0,0,0,0,0,1,0,0,1,0,1,0,0,0,0,1,54,69,45,69,84,39,63,53,95,68,Graphic Designer,Fashion Designer,Interior Designer,Social Media Manager,VFX Artist
Defense,0,0,0,0,1,1,1,0,0,1,0,0,0,0,0,0,81,57,30,77,63,71,51,49,37,77,Navy Officer,Army Officer,Air Force Officer,Defense Scientist,Coast Guard Officer
Marine,0,0,0,0,0,0,1,0,1,1,0,0,0,0,0,0,61,82,58,65,77,62,74,56,65,62,Marine Engineer,Ship Captain,Marine Biologist,Naval Architect,Oceanographer
Sports / Fitness,0,0,0,0,0,0,1,0,1,0,0,0,1,0,0,0,78,58,62,73,75,83,59,60,42,76,Sports Coach,Fitness Trainer,Yoga Instructor,Sports Physiotherapist,Sports Psychologist
all,0,0,1,0,0,0,1,1,0,0,0,0,0,0,0,0,78,58,72,86,72,78,64,62,50,86,Doctor,Nurse,Pharmacist,Medical Lab Technologist,Medical Researcher
Sports / Fitness,0,0,0,0,0,1,1,0,0,0,0,0,0,0,0,0,77,54,67,71,74,79,40,59,74,67,Sports Coach,Fitness Trainer,Yoga Instructor,Sports Physiotherapist,Sports Psychologist
Marine,0,0,0,0,0,1,1,0,1,0,0,1,0,0,0,0,100,73,69,58,65,92,86,75,59,46,Marine Engineer,Ship Captain,Marine Biologist,Naval Architect,Oceanographer
Education,0,0,0,0,0,0,1,0,0,0,0,1,0,1,0,0,47,76,69,88,51,45,70,85,62,71,Training Manager,School Teacher,Professor,Special Education Teacher,College Lecturer
all,1,0,1,1,0,0,0,0,0,0,0,0,0,0,0,0,75,68,69,70,53,70,73,76,59,76,IT Project Manager,Public Relations Manager,Training Manager,Accountant,Chartered Accountant (CA)
all,0,0,1,0,0,0,0,0,1,0,0,0,0,0,0,0,56,62,61,75,53,49,84,59,61,72,Public Relations Manager,Animator,Film Director,Video Editor,Journalist
Law & Government,0,0,0,1,0,0,1,0,0,0,0,0,1,0,0,0,68,55,83,84,58,100,36,83,60,59,Social Welfare Officer,Lawyer / Advocate,Judge,Legal Advisor,Public Prosecutor
Hospitality,0,0,0,0,0,0,1,1,0,1,0,0,0,0,1,0,29,63,69,82,59,47,52,65,73,80,Wedding Planner,Hotel Manager,Event Manager,Airline Manager,NGO Program Manager
Media & Creative,0,0,0,1,1,0,0,0,0,0,0,0,1,0,0,0,41,57,70,75,73,63,45,69,79,59,Animator,Film Director,Video Editor,Journalist,Content Writer
Business & Finance,0,0,0,0,1,0,0,1,0,0,0,0,1,0,0,1,78,70,84,71,73,72,74,80,68,77,Accountant,Chartered Accountant (CA),Marketing Manager,Human Resource Manager,Operations Manager
all,1,0,0,0,1,0,1,0,0,0,0,0,0,0,1,0,41,66,62,54,87,59,40,66,76,52,IT Support Specialist,Technical Consultant,Ethical Hacker,Game Tester,Esports Player
Sports / Fitness,1,0,0,0,0,0,0,0,0,1,0,0,1,0,0,0,58,50,42,66,53,59,71,48,49,87,Sports Coach,Fitness Trainer,Yoga Instructor,Sports Physiotherapist,Sports Psychologist
all,0,0,1,0,0,1,0,0,0,0,0,0,0,0,0,0,60,52,79,73,73,67,40,70,64,70,Social Worker,School Teacher,Professor,Special Education Teacher,Social Welfare Officer
Business & Finance,0,0,0,1,0,0,0,0,0,0,1,0,1,0,0,1,67,43,64,73,66,62,58,74,52,69,Accountant,Chartered Accountant (CA),Marketing Manager,Human Resource Manager,Operations Manager
all,0,0,0,0,0,1,0,1,1,0,0,0,0,0,0,1,64,81,76,63,45,55,74,56,83,65,Animator,Film Director,Video Editor,Journalist,Content Writer
Engineering,1,0,0,0,1,0,1,0,0,0,1,0,0,0,0,0,69,70,66,72,70,88,78,67,65,65,Civil Engineer,Mechanical Engineer,Electrical Engineer,Electronics Engineer,Chemical Engineer
Defense,0,0,0,0,0,0,0,1,0,1,1,0,0,0,1,0,60,49,61,65,54,69,57,56,46,78,Navy Officer,Army Officer,Air Force Officer,Defense Scientist,Coast Guard Officer
Education,0,0,0,1,0,0,0,0,0,0,1,1,0,0,0,0,65,68,73,76,72,69,64,75,66,90,Training Manager,School Teacher,Professor,Special Education Teacher,College Lecturer
all,0,0,0,0,0,0,1,0,0,0,0,1,0,1,0,0,74,57,48,68,40,77,76,48,28,77,IT Project Manager,Network Engineer,Cloud Engineer,AI Engineer,Machine Learning Engineer
all,0,0,0,0,0,0,0,0,0,1,1,0,1,0,1,0,47,65,77,69,57,54,51,68,67,62,Investment Banker,Auditor,Management Consultant,Banking Officer,Digital Marketing Specialist
all,1,0,0,0,1,0,0,0,0,0,0,0,1,0,0,0,66,52,80,82,71,66,68,83,71,82,IT Project Manager,Accountant,Chartered Accountant (CA),Marketing Manager,Human Resource Manager
all,1,0,1,1,0,0,0,0,1,0,0,0,0,0,0,0,63,70,80,96,54,57,76,87,65,87,Public Relations Manager,IT Project Manager,Social Worker,School Teacher,Professor
Fashion,1,0,0,1,0,1,0,0,0,0,0,0,0,0,0,0,30,77,64,79,77,58,27,75,92,70,Fashion Designer,Textile Designer,Makeup Artist,Cosmetologist,Fashion Stylist
all,0,0,0,0,1,0,1,1,0,0,1,0,0,0,0,0,96,64,61,53,64,80,64,64,68,52,Software Developer,Web Developer,Mobile App Developer,Game Developer,Software Tester / QA Engineer
all,0,0,0,0,0,1,1,0,0,0,0,0,0,0,0,0,73,62,69,76,50,65,63,75,64,75,Public Relations Manager,Doctor,Nurse,Pharmacist,Medical Lab Technologist
Marine,0,0,0,0,1,0,1,0,0,1,0,0,0,0,0,0,62,58,46,45,83,70,59,48,65,38,Marine Engineer,Ship Captain,Marine Biologist,Naval Architect,Oceanographer
Space Science,0,0,1,0,0,0,0,0,0,0,0,1,0,1,0,0,82,98,77,62,82,75,73,75,94,51,Space Scientist,ISRO Scientist,DRDO Scientist,Astronomer,Aerospace Engineer
Forensics,0,0,1,0,1,0,0,0,0,0,0,1,0,0,0,0,61,44,61,52,54,71,67,70,46,58,Criminologist,Forensic Scientist,Crime Scene Investigator,Forensic Psychologist,Digital Forensics Analyst
all,1,0,0,0,1,0,0,0,0,1,0,0,0,0,0,0,9,53,61,72,47,26,13,76,92,96,UI/UX Designer,Graphic Designer,Fashion Designer,Interior Designer,Social Media Manager
all,0,0,0,0,0,0,0,0,0,0,0,0,1,1,0,0,45,73,68,95,49,52,71,75,48,75,IT Project Manager,Accountant,Chartered Accountant (CA),Marketing Manager,Human Resource Manager
all,1,0,0,0,0,0,1,0,0,0,0,1,0,1,0,0,72,50,75,75,69,71,69,66,47,71,IT Project Manager,Network Engineer,Cloud Engineer,AI Engineer,Machine Learning Engineer
Design,0,0,0,0,0,1,0,1,1,1,0,0,0,0,0,0,91,56,48,85,78,63,87,59,82,58,Architect,Urban Planner,Interior Designer,Industrial Designer,Graphic Designer
all,0,0,0,1,0,0,0,0,0,0,0,0,1,0,1,0,55,71,85,67,64,64,70,74,92,70,Accountant,Chartered Accountant (CA),Marketing Manager,Human Resource Manager,Operations Manager
IT & Computer,0,1,0,0,0,0,0,0,0,0,1,0,0,1,0,0,64,56,57,40,69,91,65,51,50,45,Software Developer,Web Developer,Mobile App Developer,Network Engineer,Cloud Engineer
Defense,0,0,0,0,0,0,1,0,0,1,0,0,1,0,0,0,48,49,74,76,46,64,51,70,66,85,Navy Officer,Army Officer,Air Force Officer,Defense Scientist,Coast Guard Officer
all,0,1,0,0,1,1,0,0,1,0,0,0,0,0,0,0,47,67,69,72,55,38,55,70,81,76,Graphic Designer,Fashion Designer,Interior Designer,Social Media Manager,VFX Artist
Hospitality,0,1,0,0,1,0,0,0,0,0,0,0,1,0,0,0,62,88,63,92,95,74,60,69,88,88,Hotel Manager,Event Manager,Airline Manager,NGO Program Manager,Wedding Planner
Aviation,0,1,0,0,0,0,0,0,0,1,0,0,0,1,0,0,79,84,73,61,79,57,72,69,94,51,Pilot,Commercial Pilot,Air Traffic Controller,Flight Dispatcher,Aircraft Maintenance Engineer
Biotech,0,0,0,0,0,0,1,1,0,0,1,0,0,0,1,0,81,60,80,73,80,89,76,74,61,59,Tourism Manager,Real Estate Manager,Biomedical Engineer,Agricultural Scientist,Environmental Scientist
Sports / Fitness,0,0,0,0,0,0,0,0,0,1,0,0,1,0,0,0,59,58,81,64,84,58,52,75,69,93,Sports Coach,Fitness Trainer,Yoga Instructor,Sports Physiotherapist,Sports Psychologist
Fashion,0,0,0,0,0,1,0,0,0,0,0,1,0,0,1,0,40,67,100,82,66,25,50,87,81,69,Fashion Designer,Textile Designer,Makeup Artist,Cosmetologist,Fashion Stylist
all,1,0,0,0,0,0,1,0,0,0,0,0,0,0,1,0,54,40,81,85,38,61,53,77,32,83,Doctor,Nurse,Pharmacist,Medical Lab Technologist,Medical Researcher
all,0,1,0,1,0,0,0,1,0,0,0,0,0,0,0,0,81,57,74,61,73,85,82,69,58,62,Network Engineer,Cloud Engineer,AI Engineer,Machine Learning Engineer,DevOps Engineer
all,1,0,0,1,0,0,1,0,0,0,0,0,0,0,0,0,85,54,67,72,62,76,71,93,77,59,IT Project Manager,Public Relations Manager,Software Developer,Web Developer,Mobile App Developer
Fashion,0,1,0,1,0,1,0,0,1,0,0,0,0,0,0,0,46,85,76,84,62,58,65,63,81,88,Cosmetologist,Fashion Designer,Textile Designer,Makeup Artist,Fashion Stylist
Research,0,0,0,0,0,0,0,0,0,0,1,0,1,0,0,1,91,94,67,49,100,92,68,70,88,35,Research Scientist,Data Scientist,Research Analyst,Laboratory Researcher,Scientific Writer
Biotech,0,0,0,0,0,0,1,1,0,0,0,0,0,0,0,0,88,89,57,45,95,80,82,66,80,61,Biomedical Engineer,Tourism Manager,Real Estate Manager,Agricultural Scientist,Environmental Scientist
all,0,0,0,0,0,1,0,0,0,0,0,0,0,0,0,1,83,56,75,91,85,85,51,79,96,93,Accountant,Chartered Accountant (CA),Marketing Manager,Human Resource Manager,Operations Manager
Biotech,1,0,0,0,1,0,0,0,0,0,1,0,0,0,0,0,88,68,68,56,81,92,71,62,60,51,Biomedical Engineer,Agricultural Scientist,Environmental Scientist,Food Technologist,Biotechnologist
Sports / Fitness,0,0,1,0,0,0,1,0,0,0,0,0,1,0,0,0,61,51,76,74,65,81,56,60,57,74,Sports Coach,Fitness Trainer,Yoga Instructor,Sports Physiotherapist,Sports Psychologist
Law & Government,0,0,1,1,0,0,0,0,0,1,0,1,0,0,0,0,59,38,80,55,52,72,69,78,52,72,Social Welfare Officer,Lawyer / Advocate,Judge,Legal Advisor,Public Prosecutor
Space Science,0,0,0,0,0,0,0,0,1,0,1,0,0,1,0,0,91,66,82,74,92,93,86,79,72,53,Space Scientist,ISRO Scientist,DRDO Scientist,Astronomer,Aerospace Engineer
all,0,0,0,1,0,1,0,1,0,0,0,0,0,0,0,0,62,89,87,90,65,51,50,82,89,88,Graphic Designer,Animator,Film Director,Video Editor,Journalist
all,1,0,0,0,0,0,0,0,0,0,1,1,0,0,0,0,84,75,79,48,100,100,70,64,100,57,Software Developer,Web Developer,Mobile App Developer,Game Developer,Software Tester / QA Engineer
all,1,0,0,0,0,0,1,0,0,1,0,0,1,0,0,0,92,82,89,82,68,73,81,76,67,60,IT Project Manager,Accountant,Chartered Accountant (CA),Marketing Manager,Human Resource Manager
Space Science,0,0,0,0,0,0,0,1,0,0,1,0,0,0,0,0,77,81,69,49,77,78,89,73,58,31,Space Scientist,ISRO Scientist,DRDO Scientist,Astronomer,Aerospace Engineer
Engineering,1,0,1,0,0,0,0,0,0,0,1,0,0,0,0,1,77,79,63,49,50,66,91,75,64,32,Civil Engineer,Mechanical Engineer,Electrical Engineer,Electronics Engineer,Chemical Engineer
all,1,0,0,0,0,1,0,0,0,0,1,1,0,0,0,0,81,64,62,33,92,88,91,46,56,51,Network Engineer,Cloud Engineer,AI Engineer,Machine Learning Engineer,DevOps Engineer
all,0,0,0,0,1,0,0,0,0,0,1,1,0,1,0,0,85,69,73,58,66,82,75,78,64,44,Software Developer,Web Developer,Mobile App Developer,Network Engineer,Cloud Engineer
Forensics,0,0,1,1,0,0,0,0,1,0,1,0,0,0,0,0,60,57,73,64,58,66,58,68,56,59,Criminologist,Forensic Scientist,Crime Scene Investigator,Forensic Psychologist,Digital Forensics Analyst
Aviation,0,1,0,1,0,0,0,0,0,1,0,1,0,0,0,0,76,69,59,67,50,67,90,63,69,56,Aircraft Maintenance Engineer,Pilot,Commercial Pilot,Air Traffic Controller,Flight Dispatcher
all,0,0,1,0,0,0,0,0,0,1,0,0,0,0,1,0,91,87,55,45,77,82,92,51,89,44,Network Engineer,Cloud Engineer,AI Engineer,Machine Learning Engineer,DevOps Engineer
Marine,0,1,1,0,1,0,0,0,0,1,0,0,0,0,0,0,79,46,49,59,43,80,68,47,22,100,Marine Engineer,Ship Captain,Marine Biologist,Naval Architect,Oceanographer
Business & Finance,0,0,1,0,1,0,0,0,0,0,1,0,1,0,0,0,60,77,99,60,71,49,75,80,44,75,Accountant,Chartered Accountant (CA),Marketing Manager,Human Resource Manager,Operations Manager
all,0,0,0,0,0,1,0,1,1,1,0,0,0,0,0,0,43,80,65,38,77,73,49,55,98,71,Animator,Film Director,Video Editor,Journalist,Content Writer
Law & Government,0,1,1,0,0,1,0,0,0,0,1,0,0,0,0,0,63,41,63,90,60,85,58,63,46,70,Lawyer / Advocate,Judge,Legal Advisor,Public Prosecutor,Civil Services Officer
all,1,0,1,0,0,0,0,1,0,0,0,0,0,0,0,1,97,75,89,64,53,62,94,71,26,79,IT Project Manager,Accountant,Chartered Accountant (CA),Marketing Manager,Human Resource Manager
all,1,0,0,0,0,1,0,0,0,0,1,0,0,0,1,0,58,67,62,67,66,40,46,65,83,55,UI/UX Designer,Graphic Designer,Fashion Designer,Interior Designer,Social Media Manager
Education,0,0,1,0,0,1,0,0,0,0,1,0,0,0,0,1,51,63,85,76,52,58,67,74,52,80,School Teacher,Professor,Special Education Teacher,Training Manager,College Lecturer
Forensics,1,0,1,0,0,0,0,0,0,0,1,0,0,0,0,0,52,41,59,77,57,65,56,63,45,72,Criminologist,Forensic Scientist,Crime Scene Investigator,Forensic Psychologist,Digital Forensics Analyst
all,0,0,1,0,1,0,0,0,0,0,1,0,0,0,0,0,77,56,25,62,77,100,61,61,54,63,Animator,Film Director,Video Editor,Journalist,Content Writer
Biotech,0,0,0,0,0,0,0,1,0,0,1,1,0,0,0,0,82,36,53,49,48,80,69,60,36,63,Tourism Manager,Real Estate Manager,Biomedical Engineer,Agricultural Scientist,Environmental Scientist
IT & Computer,1,1,0,0,0,1,0,0,0,0,1,0,0,0,0,0,76,67,50,63,75,79,76,62,51,68,Network Engineer,Cloud Engineer,AI Engineer,Machine Learning Engineer,DevOps Engineer
Defense,0,0,0,1,1,0,0,0,0,1,0,0,0,1,0,0,80,89,59,68,55,64,86,52,71,66,Navy Officer,Army Officer,Air Force Officer,Defense Scientist,Coast Guard Officer
Hospitality,0,0,0,0,1,0,0,0,0,0,0,0,0,0,0,1,55,79,69,76,39,54,73,69,65,87,Hotel Manager,Event Manager,Airline Manager,Wedding Planner,NGO Program Manager
Fashion,0,0,0,0,0,0,0,1,1,1,0,0,0,0,1,0,64,77,49,77,70,56,55,61,86,75,Cosmetologist,Fashion Designer,Textile Designer,Makeup Artist,Fashion Stylist
Healthcare,0,0,0,0,0,0,1,0,0,0,0,0,0,1,0,0,83,63,66,66,72,80,88,72,55,84,Doctor,Nurse,Pharmacist,Medical Lab Technologist,Medical Researcher
all,1,0,1,0,0,0,0,0,0,0,0,0,0,1,0,0,80,70,58,26,96,68,83,54,83,43,Network Engineer,Cloud Engineer,AI Engineer,Machine Learning Engineer,DevOps Engineer
all,0,0,1,0,0,0,0,0,0,0,1,0,1,0,0,0,80,51,52,62,64,74,85,68,41,44,Financial Analyst,Business Analyst,Risk Analyst,Credit Analyst,Accountant
Forensics,0,0,1,0,0,0,1,0,0,0,1,0,0,0,0,1,88,54,90,60,71,75,60,78,78,40,Criminologist,Forensic Scientist,Crime Scene Investigator,Forensic Psychologist,Digital Forensics Analyst
all,1,0,0,0,0,0,0,0,0,0,1,0,0,0,0,0,98,82,78,54,83,98,100,72,72,51,Data Analyst,Data Scientist,Cybersecurity Analyst,Database Administrator,Systems Analyst
all,0,0,0,0,0,0,0,1,0,0,0,0,1,0,0,1,79,64,52,75,47,67,80,61,43,77,Accountant,Chartered Accountant (CA),Marketing Manager,Human Resource Manager,Operations Manager
all,0,0,1,1,0,0,0,0,0,0,1,0,1,0,0,0,80,66,53,50,83,86,86,74,58,38,Financial Analyst,Business Analyst,Risk Analyst,Credit Analyst,Network Engineer
IT & Computer,0,0,1,0,0,0,0,0,0,0,0,0,0,1,0,0,72,80,41,59,68,81,66,48,63,68,Software Developer,Web Developer,Mobile App Developer,Game Developer,Software Tester / QA Engineer
all,0,0,0,0,0,0,0,1,0,1,1,0,0,0,0,0,66,41,80,54,69,92,73,71,57,58,Software Developer,Web Developer,Mobile App Developer,Game Developer,Software Tester / QA Engineer
all,0,0,1,0,0,0,0,0,0,1,0,0,0,0,0,0,75,68,61,78,75,66,71,72,83,92,IT Project Manager,Training Manager,Accountant,Chartered Accountant (CA),Marketing Manager
all,0,0,0,0,1,0,1,0,0,0,0,1,0,0,0,0,67,54,76,62,66,96,70,62,51,83,Public Relations Manager,Network Engineer,Cloud Engineer,AI Engineer,Machine Learning Engineer
Fashion,0,0,0,0,0,1,1,0,1,0,0,0,0,0,0,0,60,80,58,79,77,66,62,60,80,79,Cosmetologist,Fashion Designer,Textile Designer,Makeup Artist,Fashion Stylist
Education,0,0,1,0,0,0,0,0,0,0,0,1,0,0,0,0,68,53,81,83,55,62,51,84,49,70,School Teacher,Professor,Special Education Teacher,Training Manager,College Lecturer
Design,0,0,0,0,1,1,0,0,0,0,0,0,1,0,0,0,41,43,73,79,97,61,35,84,89,54,Interior Designer,Industrial Designer,Graphic Designer,Architect,Urban Planner
all,0,0,0,0,1,0,1,0,0,0,0,0,0,0,0,0,80,79,53,42,62,88,79,55,39,54,Public Relations Manager,Network Engineer,Cloud Engineer,AI Engineer,Machine Learning Engineer
all,0,1,1,0,0,0,0,0,0,0,1,0,0,0,0,0,55,59,83,53,75,64,90,67,68,51,Network Engineer,Cloud Engineer,AI Engineer,Machine Learning Engineer,DevOps Engineer
Education,0,0,1,1,0,0,0,0,0,0,0,0,0,0,0,0,67,58,70,78,51,70,64,76,61,93,Training Manager,School Teacher,Professor,Special Education Teacher,Curriculum Developer
Biotech,0,0,0,0,0,0,0,1,0,0,1,0,0,0,0,1,67,76,30,50,62,78,77,43,58,63,Biomedical Engineer,Tourism Manager,Real Estate Manager,Food Technologist,Biotechnologist
Science,0,0,0,0,1,0,0,0,0,0,1,0,0,0,0,0,72,78,33,40,69,83,72,49,52,55,Physicist,Chemist,Mathematician,Statistician,Geologist
Forensics,1,0,1,0,0,0,0,0,0,0,1,0,0,0,0,0,70,70,62,82,44,64,64,66,53,74,Criminologist,Forensic Scientist,Crime Scene Investigator,Forensic Psychologist,Digital Forensics Analyst
Defense,0,0,0,0,0,0,1,0,0,1,0,0,1,0,0,0,80,53,67,75,80,76,70,55,85,67,Navy Officer,Army Officer,Air Force Officer,Defense Scientist,Coast Guard Officer
all,0,1,0,0,0,0,0,0,1,1,0,0,1,0,0,0,69,63,47,70,73,91,76,55,56,67,Network Engineer,Cloud Engineer,AI Engineer,Machine Learning Engineer,DevOps Engineer
Healthcare,0,0,1,1,0,0,1,0,0,0,0,0,0,0,0,0,76,78,36,52,69,74,78,52,50,87,Doctor,Nurse,Pharmacist,Medical Lab Technologist,Medical Researcher
Media & Creative,0,0,1,0,1,0,0,0,1,0,0,0,0,0,0,1,56,74,84,60,72,58,42,78,86,64,Graphic Designer,Fashion Designer,Interior Designer,Social Media Manager,VFX Artist
Biotech,0,0,0,0,0,0,0,1,1,0,1,0,0,0,0,0,68,51,56,57,45,73,76,55,50,45,Biomedical Engineer,Agricultural Scientist,Food Technologist,Biotechnologist,Microbiologist
all,0,0,0,0,1,0,1,0,0,1,0,0,0,0,1,0,71,62,54,58,65,82,77,71,42,87,Public Relations Manager,IT Project Manager,Training Manager,Accountant,Chartered Accountant (CA)
all,0,0,0,0,0,0,0,0,1,0,0,0,0,1,0,0,91,73,65,57,82,95,90,74,78,11,Data Analyst,Data Scientist,Cybersecurity Analyst,Database Administrator,Systems Analyst
Design,0,0,0,1,0,1,0,0,0,1,0,0,0,0,1,0,48,46,46,60,79,65,18,60,93,62,Interior Designer,Industrial Designer,Graphic Designer,Architect,Urban Planner
Space Science,1,0,0,0,0,1,0,0,0,0,0,0,1,1,0,0,76,100,92,57,95,90,92,86,67,42,Space Scientist,ISRO Scientist,DRDO Scientist,Astronomer,Aerospace Engineer
Engineering,1,0,0,0,0,0,0,1,0,0,0,0,1,0,0,1,57,69,26,58,88,84,66,37,56,50,Civil Engineer,Mechanical Engineer,Electrical Engineer,Electronics Engineer,Chemical Engineer
Marine,0,0,0,0,0,1,1,0,0,1,0,0,0,0,0,0,81,66,51,61,80,85,77,53,65,52,Marine Engineer,Ship Captain,Marine Biologist,Naval Architect,Oceanographer
Space Science,1,0,0,0,0,0,0,0,0,0,1,0,0,0,1,0,76,100,92,76,54,83,99,82,72,55,Space Scientist,ISRO Scientist,DRDO Scientist,Astronomer,Aerospace Engineer
all,0,0,1,0,0,1,1,0,0,0,0,0,1,0,0,0,91,73,80,78,81,77,84,83,75,79,Accountant,Chartered Accountant (CA),Marketing Manager,Human Resource Manager,Operations Manager
Design,0,0,1,0,0,1,0,0,1,0,0,0,0,0,0,0,61,73,80,78,84,66,46,86,95,56,Interior Designer,Industrial Designer,Graphic Designer,Architect,Urban Planner
Education,0,0,1,0,0,0,0,0,0,0,0,1,0,0,1,0,50,57,54,85,47,56,69,77,64,83,School Teacher,Professor,Special Education Teacher,Training Manager,College Lecturer
all,0,0,1,0,0,1,1,1,0,0,0,0,0,0,0,0,93,75,19,55,80,87,76,35,53,70,Public Relations Manager,Network Engineer,Cloud Engineer,AI Engineer,Machine Learning Engineer
Defense,0,0,0,0,0,0,1,1,0,1,0,0,0,0,1,0,100,48,35,38,50,77,75,46,54,52,Navy Officer,Army Officer,Air Force Officer,Defense Scientist,Coast Guard Officer
Education,0,0,1,0,0,0,0,0,1,0,0,1,0,0,0,0,69,53,56,65,71,61,43,66,54,79,School Teacher,Professor,Special Education Teacher,College Lecturer,Academic Counselor
all,0,1,0,0,0,1,0,0,1,0,0,0,0,0,0,0,64,62,77,71,60,60,47,68,74,65,Animator,Film Director,Video Editor,Journalist,Content Writer
Science,0,0,1,0,0,0,0,0,1,1,1,0,0,0,0,0,96,67,55,41,68,87,98,56,32,38,Physicist,Chemist,Mathematician,Statistician,Geologist
Law & Government,0,0,0,1,0,0,0,0,1,0,1,0,1,0,0,0,72,67,100,93,69,74,90,97,62,58,Social Welfare Officer,Policy Analyst,Lawyer / Advocate,Judge,Legal Advisor
Research,0,0,0,1,0,0,0,0,1,0,0,0,0,0,0,0,79,76,75,63,75,88,81,69,63,43,Research Scientist,Data Scientist,Research Analyst,Laboratory Researcher,Scientific Writer
Healthcare,1,0,0,0,0,0,0,1,0,0,0,1,1,0,0,0,69,70,91,85,86,88,68,79,70,81,Doctor,Nurse,Pharmacist,Medical Lab Technologist,Medical Researcher
Fashion,1,0,0,0,0,1,0,0,1,0,0,0,0,1,0,0,39,42,75,71,83,60,26,75,81,87,Fashion Designer,Textile Designer,Makeup Artist,Cosmetologist,Fashion Stylist
Space Science,0,0,1,0,0,0,0,1,0,0,0,0,0,1,0,0,80,69,63,55,79,88,89,57,45,48,Space Scientist,ISRO Scientist,DRDO Scientist,Astronomer,Aerospace Engineer
all,0,1,0,0,0,0,1,0,0,0,0,1,0,0,0,0,73,76,47,48,65,69,64,49,63,69,Software Developer,Web Developer,Mobile App Developer,IT Support Specialist,Game Developer
Law & Government,0,0,1,0,0,0,0,1,0,0,0,0,1,0,1,0,57,32,100,94,53,76,29,85,47,85,Social Welfare Officer,Lawyer / Advocate,Judge,Legal Advisor,Public Prosecutor
Engineering,0,0,0,1,0,0,0,0,0,1,1,0,0,1,0,0,81,54,49,37,48,84,79,49,46,46,Civil Engineer,Mechanical Engineer,Electrical Engineer,Electronics Engineer,Chemical Engineer
Biotech,1,0,0,0,0,0,1,1,0,0,1,0,0,0,0,0,64,88,78,72,89,75,72,69,89,62,Tourism Manager,Real Estate Manager,Biomedical Engineer,Food Technologist,Biotechnologist
all,1,0,0,1,0,1,0,0,0,0,0,0,0,0,0,0,52,51,72,83,100,76,39,90,85,63,Public Relations Manager,Graphic Designer,Fashion Designer,Interior Designer,Social Media Manager
Marine,0,0,0,0,0,0,0,0,0,1,1,0,0,0,0,0,55,60,52,65,76,71,56,69,76,64,Ship Captain,Marine Engineer,Marine Biologist,Naval Architect,Oceanographer
Forensics,0,0,1,0,0,0,1,0,0,1,1,0,0,0,0,0,83,58,65,59,56,86,88,60,32,69,Forensic Scientist,Criminologist,Crime Scene Investigator,Forensic Psychologist,Digital Forensics Analyst
all,0,0,0,0,0,0,1,0,0,1,0,0,1,0,0,0,84,75,75,87,59,70,71,71,56,70,Accountant,Chartered Accountant (CA),Marketing Manager,Human Resource Manager,Operations Manager
all,0,0,0,0,0,1,0,0,0,0,0,0,0,1,0,0,91,98,43,41,92,90,100,54,62,47,Data Analyst,Data Scientist,Cybersecurity Analyst,Network Engineer,Cloud Engineer
all,0,0,0,1,0,1,1,0,0,0,0,0,0,0,0,1,81,61,76,53,33,68,72,80,44,62,Accountant,Chartered Accountant (CA),Marketing Manager,Human Resource Manager,Operations Manager
Fashion,0,0,0,0,1,1,0,0,1,0,0,0,0,0,0,0,44,79,86,86,68,57,42,100,76,64,Cosmetologist,Fashion Designer,Textile Designer,Makeup Artist,Fashion Stylist
Marine,0,0,0,0,0,0,1,0,0,1,0,0,1,0,0,0,54,40,52,56,52,77,67,47,42,70,Marine Engineer,Ship Captain,Marine Biologist,Naval Architect,Oceanographer
all,0,0,1,0,0,0,0,0,0,0,0,0,0,0,1,0,75,38,62,71,67,57,52,66,58,97,Social Worker,School Teacher,Professor,Special Education Teacher,Social Welfare Officer
Business & Finance,0,0,0,0,1,0,0,1,0,0,0,0,0,1,0,1,89,87,76,79,82,87,87,72,55,73,Accountant,Chartered Accountant (CA),Marketing Manager,Human Resource Manager,Operations Manager
Forensics,0,0,1,1,0,0,0,0,0,0,0,1,0,1,0,0,75,55,98,78,55,81,69,91,26,69,Forensic Scientist,Criminologist,Crime Scene Investigator,Forensic Psychologist,Digital Forensics Analyst
Law & Government,0,0,1,1,0,0,1,0,1,0,0,0,0,0,0,0,57,64,84,95,65,90,56,86,58,87,Social Welfare Officer,Lawyer / Advocate,Judge,Legal Advisor,Public Prosecutor
all,0,0,0,0,0,1,1,0,0,0,0,0,0,0,1,1,55,67,52,81,59,50,55,61,74,71,Investment Banker,Auditor,Management Consultant,Banking Officer,Digital Marketing Specialist
all,1,1,1,0,0,0,0,0,0,0,1,0,0,0,0,0,82,75,49,28,39,74,86,54,40,54,Data Analyst,Data Scientist,Cybersecurity Analyst,Network Engineer,Cloud Engineer
all,0,1,0,0,1,0,0,0,1,1,0,0,0,0,0,0,51,68,72,60,75,54,46,59,69,64,Animator,Film Director,Video Editor,Journalist,Content Writer
all,1,0,0,1,0,0,0,0,0,0,0,1,0,0,0,0,69,71,97,70,64,79,86,87,53,50,Network Engineer,Cloud Engineer,AI Engineer,Machine Learning Engineer,DevOps Engineer
all,0,0,0,0,0,0,1,0,0,1,0,0,0,0,1,0,90,73,90,82,82,86,75,62,68,100,Software Developer,Web Developer,Mobile App Developer,Game Developer,Software Tester / QA Engineer
Biotech,0,0,0,1,0,1,0,1,0,0,1,0,0,0,0,0,91,76,59,47,80,63,84,56,74,68,Tourism Manager,Real Estate Manager,Biomedical Engineer,Food Technologist,Biotechnologist
all,0,0,0,0,0,0,1,0,0,0,0,1,1,0,0,0,66,67,83,59,72,82,65,74,66,68,Accountant,Chartered Accountant (CA),Marketing Manager,Human Resource Manager,Operations Manager
Hospitality,0,0,0,0,1,0,0,1,0,0,0,0,0,0,0,1,63,86,63,73,75,57,66,68,95,79,Hotel Manager,Event Manager,Airline Manager,Wedding Planner,NGO Program Manager
Hospitality,0,0,1,1,1,0,0,1,0,0,0,0,0,0,0,0,70,81,74,53,49,28,94,75,69,70,Hotel Manager,Event Manager,Airline Manager,Wedding Planner,NGO Program Manager
Space Science,1,0,0,1,0,0,1,0,0,0,0,0,0,1,0,0,77,67,70,66,70,86,75,82,67,47,Space Scientist,ISRO Scientist,DRDO Scientist,Astronomer,Aerospace Engineer
all,0,0,0,0,0,0,0,0,1,0,0,0,1,0,0,0,88,73,86,92,83,91,68,82,75,98,Accountant,Chartered Accountant (CA),Marketing Manager,Human Resource Manager,Operations Manager
Media & Creative,0,0,0,0,1,0,0,0,1,0,0,0,0,1,0,0,60,91,93,63,83,73,60,75,96,66,Public Relations Manager,Graphic Designer,Animator,Film Director,Video Editor
all,0,0,1,0,0,0,0,1,0,0,1,0,1,0,0,0,71,77,47,34,61,60,81,36,77,37,Network Engineer,Cloud Engineer,AI Engineer,Machine Learning Engineer,DevOps Engineer
all,1,0,0,0,0,0,0,0,0,0,1,0,1,1,0,0,86,35,68,60,53,91,72,64,26,38,Data Analyst,Data Scientist,Cybersecurity Analyst,Database Administrator,Systems Analyst
Business & Finance,0,1,1,1,0,0,0,0,0,0,0,1,0,0,0,0,58,64,84,65,61,61,55,84,51,70,Accountant,Chartered Accountant (CA),Marketing Manager,Human Resource Manager,Operations Manager
all,0,0,1,0,0,0,0,0,0,0,1,0,0,0,0,0,68,63,49,37,44,75,67,53,46,48,Network Engineer,Cloud Engineer,AI Engineer,Machine Learning Engineer,DevOps Engineer
all,0,0,1,1,0,0,0,0,0,1,1,0,0,0,0,0,92,63,67,76,67,100,82,76,66,54,Public Relations Manager,Network Engineer,Cloud Engineer,AI Engineer,Machine Learning Engineer
Sports / Fitness,0,0,0,0,0,0,1,1,1,0,0,0,0,1,0,0,66,77,83,79,73,60,56,80,93,75,Sports Coach,Fitness Trainer,Yoga Instructor,Sports Physiotherapist,Sports Psychologist
all,0,0,1,1,0,0,0,0,0,0,1,0,0,0,0,0,100,72,80,61,80,100,87,83,69,54,Public Relations Manager,IT Project Manager,Training Manager,Accountant,Chartered Accountant (CA)
Law & Government,0,0,0,1,0,0,0,0,0,1,0,0,1,0,0,1,56,25,59,56,74,72,25,65,52,58,Lawyer / Advocate,Judge,Legal Advisor,Public Prosecutor,Civil Services Officer
Fashion,0,0,1,0,0,0,0,1,0,0,0,0,0,0,1,0,75,65,72,59,68,59,49,67,86,58,Cosmetologist,Fashion Designer,Textile Designer,Makeup Artist,Fashion Stylist
Fashion,0,1,1,0,0,1,0,0,0,0,0,0,0,0,0,1,40,52,71,60,71,49,40,67,78,77,Fashion Designer,Textile Designer,Makeup Artist,Cosmetologist,Fashion Stylist
Defense,0,0,0,1,0,0,1,0,0,1,0,0,0,0,0,0,81,84,78,79,68,64,78,76,77,82,Navy Officer,Army Officer,Air Force Officer,Defense Scientist,Coast Guard Officer
Sports / Fitness,0,0,0,0,0,0,1,0,0,0,1,0,0,0,0,0,39,79,76,63,85,56,49,69,81,64,Sports Coach,Fitness Trainer,Yoga Instructor,Sports Physiotherapist,Sports Psychologist
all,0,0,0,0,0,0,0,0,0,1,0,1,0,0,0,0,47,61,76,82,92,75,24,81,100,64,UI/UX Designer,Graphic Designer,Fashion Designer,Interior Designer,Social Media Manager
Forensics,0,1,1,0,0,0,0,0,0,0,1,0,0,0,0,0,66,58,81,79,67,63,66,70,52,97,Criminologist,Forensic Scientist,Crime Scene Investigator,Forensic Psychologist,Digital Forensics Analyst
Healthcare,0,1,1,0,0,0,1,1,0,0,0,0,0,0,0,0,45,48,41,82,58,84,31,67,71,89,Social Worker,Doctor,Nurse,Pharmacist,Medical Lab Technologist
all,0,0,0,0,0,0,1,0,0,1,1,0,0,1,0,0,35,53,63,66,61,9,54,49,78,90,IT Support Specialist,Technical Consultant,Ethical Hacker,Game Tester,Esports Player
Marine,0,0,0,0,0,0,1,0,1,1,0,0,0,0,0,0,73,70,64,77,74,55,85,67,65,65,Ship Captain,Marine Engineer,Marine Biologist,Naval Architect,Oceanographer
Research,0,0,0,0,0,0,0,0,1,0,1,0,0,0,0,0,68,85,71,68,81,95,86,69,71,51,Research Scientist,Data Scientist,Research Analyst,Laboratory Researcher,Scientific Writer
all,0,0,0,0,1,0,1,0,0,0,1,0,1,0,0,0,65,56,77,81,55,86,66,74,45,95,Accountant,Chartered Accountant (CA),Marketing Manager,Human Resource Manager,Operations Manager
Space Science,1,0,0,0,0,0,0,0,0,0,0,0,0,1,0,0,78,60,52,77,70,79,81,61,65,75,Space Scientist,ISRO Scientist,DRDO Scientist,Astronomer,Aerospace Engineer
Biotech,0,0,0,0,0,0,1,1,0,0,0,0,0,1,1,0,82,71,57,61,86,73,85,44,80,54,Biomedical Engineer,Agricultural Scientist,Food Technologist,Biotechnologist,Microbiologist
Design,0,0,0,0,0,1,0,0,0,0,0,1,1,0,1,0,67,89,81,46,72,56,70,66,98,61,Architect,Urban Planner,Interior Designer,Industrial Designer,Graphic Designer
all,0,0,0,0,0,0,1,0,1,0,0,0,0,0,0,0,58,62,49,69,49,66,60,62,69,69,Public Relations Manager,Animator,Film Director,Video Editor,Journalist
all,0,1,1,0,0,0,0,0,0,0,1,0,1,0,0,0,71,52,90,100,78,73,42,94,71,81,Social Worker,School Teacher,Professor,Special Education Teacher,Social Welfare Officer
all,0,0,0,0,0,1,1,0,0,1,0,0,0,0,1,0,65,57,46,46,44,70,67,42,52,72,Public Relations Manager,Animator,Film Director,Video Editor,Journalist
all,0,1,0,1,0,0,0,1,0,0,0,0,0,0,0,0,63,52,70,95,63,75,75,83,54,89,IT Project Manager,Public Relations Manager,Training Manager,Accountant,Chartered Accountant (CA)
all,0,0,1,0,0,0,0,0,0,0,1,1,0,0,0,0,74,82,49,69,95,91,90,68,83,58,Data Analyst,Data Scientist,Cybersecurity Analyst,Database Administrator,Systems Analyst
all,0,1,0,0,0,0,0,0,0,1,0,1,0,0,0,0,97,60,64,71,57,84,76,70,39,77,IT Project Manager,Training Manager,Accountant,Chartered Accountant (CA),Marketing Manager
Fashion,1,0,0,0,0,0,0,0,1,0,0,0,0,0,1,0,71,83,44,63,65,46,75,56,93,98,Fashion Designer,Textile Designer,Makeup Artist,Cosmetologist,Fashion Stylist
Hospitality,0,0,0,0,1,0,0,0,0,0,1,0,0,0,0,0,46,57,83,65,63,52,57,82,85,77,Hotel Manager,Event Manager,Airline Manager,Wedding Planner,NGO Program Manager
Healthcare,0,0,0,0,1,0,1,0,0,0,0,1,0,0,0,1,67,51,42,64,65,70,65,55,54,90,Doctor,Nurse,Pharmacist,Medical Lab Technologist,Medical Researcher
Space Science,1,1,0,0,0,0,0,0,0,0,0,0,0,1,0,0,85,79,36,46,93,95,77,50,68,38,Space Scientist,ISRO Scientist,DRDO Scientist,Astronomer,Aerospace Engineer
all,1,0,0,0,0,0,0,0,0,0,0,0,0,0,1,1,81,64,94,75,48,67,76,73,60,99,IT Project Manager,Accountant,Chartered Accountant (CA),Marketing Manager,Human Resource Manager
Space Science,0,0,0,0,1,0,0,0,0,0,0,0,0,1,0,0,75,76,49,51,82,91,92,50,72,43,Space Scientist,ISRO Scientist,DRDO Scientist,Astronomer,Aerospace Engineer
Forensics,0,0,0,0,0,0,0,0,0,1,1,0,0,0,0,0,87,72,44,55,76,93,73,58,62,49,Forensic Scientist,Criminologist,Crime Scene Investigator,Forensic Psychologist,Digital Forensics Analyst
all,0,1,0,0,0,0,1,0,0,0,0,0,0,0,0,0,61,57,46,58,70,66,53,37,76,85,IT Support Specialist,Technical Consultant,Ethical Hacker,Game Tester,Esports Player
Hospitality,0,0,1,0,1,0,0,0,0,0,0,0,0,1,0,0,68,59,79,81,77,52,77,83,78,84,Hotel Manager,Event Manager,Airline Manager,Wedding Planner,NGO Program Manager
Defense,0,0,0,1,0,0,1,0,0,0,0,1,0,0,0,0,93,63,68,56,73,90,77,58,77,63,Defense Scientist,Navy Officer,Army Officer,Air Force Officer,Coast Guard Officer
IT & Computer,0,1,0,0,0,0,0,0,0,0,0,0,1,1,0,0,79,72,58,67,69,74,89,60,76,59,Network Engineer,Cloud Engineer,AI Engineer,Machine Learning Engineer,DevOps Engineer
Defense,0,1,0,0,0,0,1,0,0,0,0,0,0,0,0,0,40,48,48,64,48,58,50,56,66,80,Navy Officer,Army Officer,Air Force Officer,Defense Scientist,Coast Guard Officer
all,0,0,1,0,0,1,0,0,0,0,1,0,0,0,1,0,95,90,45,52,99,91,80,46,92,65,Network Engineer,Cloud Engineer,AI Engineer,Machine Learning Engineer,DevOps Engineer
all,0,0,1,0,0,0,0,0,0,0,0,0,0,1,0,0,66,65,81,51,62,81,82,70,61,49,Network Engineer,Cloud Engineer,AI Engineer,Machine Learning Engineer,DevOps Engineer
all,0,0,1,0,0,0,0,0,0,0,1,0,0,0,1,0,80,73,53,43,69,80,70,55,68,55,Software Developer,Web Developer,Mobile App Developer,Game Developer,Software Tester / QA Engineer
Biotech,0,0,0,0,0,1,0,0,0,1,1,1,0,0,0,0,49,74,69,53,72,76,55,66,74,56,Food Technologist,Biotechnologist,Microbiologist,Geneticist,Marine Biologist
all,0,1,0,0,0,0,1,0,0,1,0,0,0,0,0,1,71,92,58,67,59,59,77,70,78,78,IT Project Manager,Accountant,Chartered Accountant (CA),Marketing Manager,Human Resource Manager
Sports / Fitness,0,0,0,0,0,0,1,0,0,1,0,0,1,0,0,0,59,46,57,96,40,61,46,63,47,88,Sports Coach,Fitness Trainer,Yoga Instructor,Sports Physiotherapist,Sports Psychologist
Biotech,1,0,1,0,0,0,1,0,0,0,1,0,0,0,0,0,60,50,66,64,55,71,47,72,66,44,Food Technologist,Biotechnologist,Microbiologist,Geneticist,Marine Biologist
all,0,0,0,0,0,0,0,0,0,0,1,0,1,1,0,0,63,68,49,53,97,90,77,41,61,56,Software Developer,Web Developer,Mobile App Developer,Network Engineer,Cloud Engineer
all,0,0,0,0,0,1,0,1,0,0,0,0,0,0,0,0,50,34,81,100,60,54,33,91,61,86,Social Worker,School Teacher,Professor,Special Education Teacher,Social Welfare Officer
Business & Finance,0,0,1,0,0,1,0,0,0,0,0,0,0,0,1,0,65,65,68,87,48,61,88,70,63,89,Accountant,Chartered Accountant (CA),Marketing Manager,Human Resource Manager,Operations Manager
all,0,0,0,1,0,0,0,0,0,0,0,0,0,1,0,0,79,64,80,100,55,73,78,100,59,84,IT Project Manager,Public Relations Manager,Training Manager,Accountant,Chartered Accountant (CA)
all,0,0,0,1,0,0,0,0,1,0,0,0,1,0,0,0,76,98,77,97,71,62,77,98,92,67,Public Relations Manager,Accountant,Chartered Accountant (CA),Marketing Manager,Human Resource Manager
all,0,0,1,0,0,0,0,1,0,0,1,1,0,0,0,0,72,57,63,67,75,94,55,63,69,84,Doctor,Nurse,Pharmacist,Medical Lab Technologist,Medical Researcher
Engineering,1,0,0,0,0,0,0,0,0,1,0,0,1,1,0,0,71,78,46,73,51,96,93,49,41,61,Civil Engineer,Mechanical Engineer,Electrical Engineer,Electronics Engineer,Chemical Engineer
Business & Finance,0,0,1,0,0,1,0,1,0,0,0,0,1,0,0,0,79,74,84,78,66,56,83,70,65,80,Accountant,Chartered Accountant (CA),Marketing Manager,Human Resource Manager,Operations Manager
Fashion,0,1,0,0,0,0,0,0,1,0,0,0,0,0,1,0,63,94,94,70,85,40,72,87,90,80,Fashion Designer,Textile Designer,Makeup Artist,Cosmetologist,Fashion Stylist
all,0,0,1,0,1,0,0,0,1,0,0,0,0,0,0,0,74,43,82,59,82,85,68,86,76,60,Public Relations Manager,Animator,Film Director,Video Editor,Journalist
all,1,0,0,0,0,0,0,0,0,0,1,0,0,1,0,0,85,81,74,37,86,93,79,73,77,37,Software Developer,Web Developer,Mobile App Developer,Network Engineer,Cloud Engineer
all,0,0,0,1,0,0,0,1,0,0,1,0,0,0,0,0,66,64,50,50,69,92,40,61,65,33,Software Developer,Web Developer,Mobile App Developer,Game Developer,Software Tester / QA Engineer
all,0,1,0,0,0,0,1,1,0,0,1,0,0,0,0,0,78,36,69,84,58,86,50,56,55,86,IT Support Specialist,Technical Consultant,Ethical Hacker,Game Tester,Esports Player
Space Science,0,0,0,1,0,0,0,0,0,0,0,0,0,1,0,0,70,78,44,34,64,82,79,55,69,45,Space Scientist,ISRO Scientist,DRDO Scientist,Astronomer,Aerospace Engineer
all,0,0,1,0,0,0,0,0,1,0,0,0,1,0,0,0,50,36,80,88,49,61,33,75,53,87,Social Worker,School Teacher,Professor,Special Education Teacher,Social Welfare Officer
Defense,0,0,0,0,0,0,1,0,0,1,0,0,1,0,0,0,65,35,63,78,41,52,58,66,40,70,Navy Officer,Army Officer,Air Force Officer,Defense Scientist,Coast Guard Officer
all,0,0,0,0,0,1,1,0,0,0,0,1,0,0,0,1,47,65,59,79,64,53,46,55,85,75,Investment Banker,Auditor,Management Consultant,Banking Officer,Digital Marketing Specialist
all,0,0,0,0,0,1,0,1,0,0,1,0,0,0,0,0,94,77,80,55,75,86,87,69,67,75,Public Relations Manager,IT Project Manager,Training Manager,Accountant,Chartered Accountant (CA)
IT & Computer,1,0,0,0,0,0,0,0,0,1,1,0,0,0,0,0,70,76,48,46,79,77,87,50,56,42,Network Engineer,Cloud Engineer,AI Engineer,Machine Learning Engineer,DevOps Engineer
Education,0,0,1,0,0,0,0,0,0,0,1,0,1,0,0,0,69,50,100,81,47,69,67,93,46,74,Training Manager,School Teacher,Professor,Special Education Teacher,College Lecturer
Biotech,0,0,0,0,0,0,0,1,1,0,1,0,0,0,0,0,99,89,56,50,57,69,92,58,74,31,Agricultural Scientist,Environmental Scientist,Biomedical Engineer,Food Technologist,Biotechnologist
all,0,0,0,0,0,0,0,0,0,0,1,0,1,0,0,0,70,65,32,68,74,75,68,52,79,56,Investment Banker,Auditor,Management Consultant,Banking Officer,Digital Marketing Specialist
Education,0,1,0,1,0,0,0,0,0,1,0,0,0,0,0,1,61,61,95,61,58,53,49,82,59,79,School Teacher,Professor,Special Education Teacher,College Lecturer,Academic Counselor
all,0,0,1,0,0,0,0,0,1,0,0,0,1,0,0,0,65,52,47,66,89,82,62,55,74,80,Accountant,Chartered Accountant (CA),Marketing Manager,Human Resource Manager,Operations Manager
all,1,0,0,0,0,0,0,0,0,0,1,0,0,0,0,0,94,88,41,68,59,73,92,41,51,60,Network Engineer,Cloud Engineer,AI Engineer,Machine Learning Engineer,DevOps Engineer
all,0,0,0,0,0,0,0,0,1,0,0,1,0,0,1,0,36,58,49,65,60,38,36,57,85,57,Graphic Designer,Fashion Designer,Interior Designer,Social Media Manager,VFX Artist
Science,0,0,0,0,0,0,0,1,0,0,1,0,0,0,0,0,62,71,40,33,60,72,81,35,59,33,Physicist,Chemist,Mathematician,Statistician,Geologist
Healthcare,0,1,0,0,0,1,0,0,0,1,0,1,0,0,0,0,49,65,89,72,55,80,69,74,28,64,Doctor,Nurse,Pharmacist,Medical Lab Technologist,Medical Researcher
all,1,0,0,0,0,0,1,0,0,0,0,0,0,0,0,0,64,59,63,70,66,97,68,55,40,78,IT Project Manager,Data Analyst,Data Scientist,Cybersecurity Analyst,Network Engineer
Defense,0,0,1,0,0,0,1,0,0,1,0,0,1,0,0,0,78,63,64,48,74,83,67,48,72,67,Navy Officer,Army Officer,Air Force Officer,Defense Scientist,Coast Guard Officer
all,0,0,1,0,0,0,0,0,0,0,0,1,0,0,0,1,75,75,73,58,88,79,81,64,69,48,Network Engineer,Cloud Engineer,AI Engineer,Machine Learning Engineer,DevOps Engineer
Business & Finance,0,0,0,0,0,0,1,0,0,1,0,0,1,0,0,1,75,80,94,78,81,75,91,71,95,69,Accountant,Chartered Accountant (CA),Marketing Manager,Human Resource Manager,Operations Manager
IT & Computer,1,0,0,0,1,0,0,0,0,0,0,1,0,1,0,0,76,57,100,92,55,87,65,88,39,80,IT Project Manager,Data Analyst,Data Scientist,Cybersecurity Analyst,Database Administrator
Sports / Fitness,0,0,0,1,0,0,0,0,0,1,0,0,0,1,0,0,52,78,63,72,67,39,71,64,71,56,Sports Coach,Fitness Trainer,Yoga Instructor,Sports Physiotherapist,Sports Psychologist
Aviation,0,1,0,0,0,1,0,0,0,0,0,0,0,0,0,0,80,65,84,75,41,67,79,88,43,65,Aircraft Maintenance Engineer,Pilot,Commercial Pilot,Air Traffic Controller,Flight Dispatcher
Space Science,0,0,0,0,1,0,0,0,0,0,1,0,1,0,0,0,88,63,44,57,65,75,91,55,59,43,Space Scientist,ISRO Scientist,DRDO Scientist,Astronomer,Aerospace Engineer
all,1,0,0,0,0,0,0,0,0,1,1,0,0,0,0,0,71,98,49,57,72,61,90,44,75,51,Network Engineer,Cloud Engineer,AI Engineer,Machine Learning Engineer,DevOps Engineer
all,0,1,0,0,1,0,0,1,0,0,0,1,0,0,0,0,61,67,68,100,45,56,66,72,47,87,IT Project Manager,Public Relations Manager,Doctor,Nurse,Pharmacist
Biotech,1,0,0,0,0,0,0,0,0,1,1,0,1,0,0,0,79,78,42,39,63,57,70,54,87,39,Biomedical Engineer,Food Technologist,Biotechnologist,Microbiologist,Geneticist
all,0,0,0,0,0,0,0,0,1,1,0,0,0,0,1,1,68,70,58,59,63,61,51,56,100,64,Investment Banker,Auditor,Management Consultant,Banking Officer,Digital Marketing Specialist
Education,1,0,0,0,0,0,0,1,0,0,1,1,0,0,0,0,31,66,97,65,61,39,62,91,62,76,School Teacher,Professor,Special Education Teacher,Training Manager,College Lecturer
Forensics,0,0,1,0,0,0,0,0,0,0,1,0,0,0,0,1,93,76,54,46,66,80,71,69,86,40,Forensic Scientist,Criminologist,Crime Scene Investigator,Forensic Psychologist,Digital Forensics Analyst
all,0,0,0,0,0,0,0,1,0,0,0,0,0,0,0,1,76,50,60,71,44,87,81,67,22,76,Accountant,Chartered Accountant (CA),Marketing Manager,Human Resource Manager,Operations Manager
Design,0,0,0,0,0,1,0,0,0,0,0,0,0,1,1,0,59,85,72,61,71,79,70,80,87,77,Architect,Urban Planner,Interior Designer,Industrial Designer,Graphic Designer
Education,1,0,0,1,0,0,0,0,0,0,0,1,0,0,0,0,62,68,55,70,84,56,57,66,91,79,School Teacher,Professor,Special Education Teacher,College Lecturer,Academic Counselor
Science,0,0,1,0,0,0,0,0,0,0,1,0,0,0,0,1,86,74,79,75,55,85,94,74,31,64,Physicist,Chemist,Mathematician,Statistician,Geologist
all,0,0,0,0,0,1,0,0,1,1,0,0,0,1,0,0,78,67,19,62,70,71,70,38,67,72,Public Relations Manager,Animator,Film Director,Video Editor,Journalist
Science,0,0,1,0,0,0,0,0,0,1,1,0,0,0,0,0,81,100,74,41,68,63,86,69,95,35,Physicist,Chemist,Mathematician,Statistician,Geologist
Forensics,0,0,1,0,0,1,0,0,0,0,0,0,1,0,0,1,75,54,39,61,68,69,69,51,56,72,Criminologist,Forensic Scientist,Crime Scene Investigator,Forensic Psychologist,Digital Forensics Analyst
Aviation,1,1,0,0,0,1,0,0,0,0,0,0,0,0,0,0,94,56,52,59,77,97,70,61,45,75,Aircraft Maintenance Engineer,Pilot,Commercial Pilot,Air Traffic Controller,Flight Dispatcher
Law & Government,0,1,1,0,1,0,0,1,0,0,0,0,0,0,0,0,48,59,64,77,33,64,46,60,34,95,Social Welfare Officer,Lawyer / Advocate,Judge,Legal Advisor,Public Prosecutor
IT & Computer,1,1,0,0,0,0,0,0,0,0,1,0,1,0,0,0,63,69,56,47,60,81,87,61,55,53,Data Analyst,Data Scientist,Cybersecurity Analyst,Network Engineer,Cloud Engineer
Design,0,0,0,0,0,1,0,0,0,0,0,1,1,0,1,0,50,73,78,60,45,23,51,71,89,68,Interior Designer,Industrial Designer,Graphic Designer,Architect,Urban Planner
all,0,1,0,0,0,0,1,0,1,0,1,0,0,0,0,0,73,41,85,100,66,70,67,73,42,84,IT Project Manager,Public Relations Manager,Doctor,Nurse,Pharmacist
all,0,1,0,0,0,0,0,0,1,1,0,0,0,0,1,0,72,64,64,47,73,75,82,50,53,62,Network Engineer,Cloud Engineer,AI Engineer,Machine Learning Engineer,DevOps Engineer
Business & Finance,0,0,1,0,0,0,0,0,0,0,1,0,1,0,0,0,67,56,78,88,61,69,62,73,48,61,Accountant,Chartered Accountant (CA),Marketing Manager,Human Resource Manager,Operations Manager
all,0,0,0,0,0,0,1,0,0,1,0,0,1,0,0,0,65,80,70,77,71,60,80,67,56,89,Accountant,Chartered Accountant (CA),Marketing Manager,Human Resource Manager,Operations Manager
Education,0,0,1,1,1,0,0,0,0,0,0,0,0,0,0,0,47,47,88,90,48,61,56,82,56,82,School Teacher,Professor,Special Education Teacher,Training Manager,College Lecturer
Business & Finance,0,0,1,0,0,0,0,0,1,0,0,0,0,1,0,1,80,74,100,92,57,82,72,85,64,80,Accountant,Chartered Accountant (CA),Marketing Manager,Human Resource Manager,Operations Manager
Aviation,0,1,0,0,0,0,0,0,0,1,1,0,0,0,0,0,60,77,64,74,46,44,75,62,64,76,Pilot,Commercial Pilot,Air Traffic Controller,Flight Dispatcher,Aircraft Maintenance Engineer
all,0,0,1,0,0,0,1,0,0,1,0,1,0,0,0,0,55,47,76,91,91,76,47,76,61,87,Social Worker,School Teacher,Professor,Special Education Teacher,Social Welfare Officer
Business & Finance,0,0,1,0,0,0,0,0,0,0,0,0,1,0,1,0,67,81,84,82,67,45,68,90,53,76,Accountant,Chartered Accountant (CA),Marketing Manager,Human Resource Manager,Operations Manager
Forensics,0,0,0,0,0,0,1,0,0,0,1,0,0,1,0,1,88,59,19,44,61,81,70,42,63,67,Criminologist,Forensic Scientist,Crime Scene Investigator,Forensic Psychologist,Digital Forensics Analyst
Hospitality,0,0,0,0,1,0,1,0,0,0,0,0,0,0,0,0,35,40,97,80,69,68,35,86,65,80,Hotel Manager,Event Manager,Airline Manager,Wedding Planner,NGO Program Manager
all,0,0,0,0,0,0,1,0,1,1,0,0,0,0,1,0,64,62,61,59,79,84,64,56,44,74,Public Relations Manager,IT Project Manager,Doctor,Nurse,Pharmacist
all,1,1,0,0,0,0,0,0,0,0,1,0,0,1,0,0,74,86,79,82,87,86,83,74,70,67,Network Engineer,Cloud Engineer,AI Engineer,Machine Learning Engineer,DevOps Engineer
Fashion,0,0,1,0,0,0,0,0,1,0,1,0,0,0,1,0,57,71,73,88,90,59,46,72,97,71,Fashion Designer,Textile Designer,Makeup Artist,Cosmetologist,Fashion Stylist
all,0,0,0,1,0,0,1,0,0,0,0,0,0,0,0,0,72,69,61,52,56,54,59,68,63,51,Animator,Film Director,Video Editor,Journalist,Content Writer
all,0,0,1,1,0,0,0,0,0,0,0,0,0,0,0,0,68,61,57,56,70,91,71,67,79,77,Public Relations Manager,Software Developer,Web Developer,Mobile App Developer,Game Developer
Sports / Fitness,1,0,0,0,0,0,1,0,0,1,0,0,0,0,1,0,67,62,47,81,65,52,61,56,76,84,Sports Coach,Fitness Trainer,Yoga Instructor,Sports Physiotherapist,Sports Psychologist
Engineering,1,0,0,0,0,0,0,0,0,0,0,0,1,0,1,0,65,67,56,79,49,48,71,57,62,80,Civil Engineer,Mechanical Engineer,Electrical Engineer,Electronics Engineer,Chemical Engineer
IT & Computer,0,0,0,0,1,0,0,0,0,0,1,0,0,0,0,0,82,58,40,61,93,79,74,40,67,55,Software Developer,Web Developer,Mobile App Developer,Network Engineer,Cloud Engineer
all,0,0,0,0,1,0,0,0,1,0,0,0,1,0,1,0,86,89,67,87,66,65,100,69,63,70,Public Relations Manager,Accountant,Chartered Accountant (CA),Marketing Manager,Human Resource Manager
all,0,0,0,0,0,0,1,0,0,1,0,0,0,1,0,0,72,82,63,45,76,85,76,68,94,30,Software Developer,Web Developer,Mobile App Developer,Game Developer,Software Tester / QA Engineer
all,0,0,0,1,0,0,0,0,1,0,0,0,0,0,0,0,24,67,79,82,55,30,43,51,78,84,Graphic Designer,Fashion Designer,Interior Designer,Social Media Manager,VFX Artist
Design,0,0,0,0,0,1,0,0,1,0,0,0,0,1,0,0,53,65,57,53,86,62,45,52,81,67,Architect,Urban Planner,Interior Designer,Industrial Designer,Graphic Designer
all,0,0,0,0,0,1,0,0,0,0,0,1,0,0,0,0,24,40,75,98,63,42,44,84,20,92,Doctor,Nurse,Pharmacist,Medical Lab Technologist,Medical Researcher
all,0,0,0,0,0,0,1,0,1,1,0,0,0,1,0,0,44,77,40,73,72,54,34,50,65,89,IT Support Specialist,Technical Consultant,Ethical Hacker,Game Tester,Esports Player
Education,0,0,0,1,0,0,0,0,0,1,0,0,0,0,0,0,67,65,86,72,76,82,58,78,73,80,School Teacher,Professor,Special Education Teacher,Training Manager,Curriculum Developer
IT & Computer,1,1,1,0,0,0,0,0,0,0,0,0,0,0,0,0,67,76,36,58,69,72,94,43,75,62,Network Engineer,Cloud Engineer,AI Engineer,Machine Learning Engineer,DevOps Engineer
all,0,0,0,0,0,0,1,0,1,0,0,0,0,0,0,0,69,47,75,59,59,84,68,82,44,56,Public Relations Manager,IT Project Manager,Training Manager,Accountant,Chartered Accountant (CA)
all,1,0,0,0,0,0,0,0,0,1,0,0,1,0,0,1,34,52,97,72,52,72,58,79,73,76,Accountant,Chartered Accountant (CA),Marketing Manager,Human Resource Manager,Operations Manager
Hospitality,0,0,0,1,1,0,0,0,0,1,0,0,0,0,0,0,55,63,87,89,71,74,51,81,74,70,Hotel Manager,Event Manager,Airline Manager,Wedding Planner,NGO Program Manager
Law & Government,0,0,0,1,0,0,0,0,0,0,1,1,1,0,0,0,52,60,69,59,65,81,61,70,56,74,Social Welfare Officer,Lawyer / Advocate,Judge,Legal Advisor,Public Prosecutor
Law & Government,0,0,0,1,0,0,0,0,0,1,0,0,0,0,0,0,84,82,69,78,76,71,85,74,58,81,Social Welfare Officer,Policy Analyst,Lawyer / Advocate,Judge,Legal Advisor
all,1,1,0,0,0,0,0,1,0,0,0,0,0,0,0,0,45,46,61,56,25,51,74,57,52,67,IT Support Specialist,Technical Consultant,Ethical Hacker,Game Tester,Esports Player
Aviation,0,1,1,0,0,0,0,0,0,1,0,0,0,1,0,0,54,43,64,98,36,61,73,46,35,93,Pilot,Commercial Pilot,Air Traffic Controller,Flight Dispatcher,Aircraft Maintenance Engineer
Biotech,0,0,0,0,0,0,0,1,0,0,1,1,0,1,0,0,77,100,63,49,73,70,79,48,89,57,Biomedical Engineer,Food Technologist,Biotechnologist,Microbiologist,Geneticist
Education,0,0,1,0,0,0,0,1,0,0,0,1,0,0,0,1,80,54,100,89,75,58,63,97,57,82,School Teacher,Professor,Special Education Teacher,Training Manager,College Lecturer
all,0,0,1,0,0,0,0,1,1,0,0,0,0,0,1,0,53,77,51,57,74,53,63,63,81,80,Animator,Film Director,Video Editor,Journalist,Content Writer
all,0,0,0,0,0,0,1,0,0,0,0,0,1,0,1,1,72,39,62,87,59,73,70,59,43,91,Accountant,Chartered Accountant (CA),Marketing Manager,Human Resource Manager,Operations Manager
all,0,1,1,1,0,0,0,0,0,1,0,0,0,0,0,0,68,66,82,55,69,67,69,78,58,71,IT Project Manager,Public Relations Manager,Training Manager,Accountant,Chartered Accountant (CA)
all,0,1,1,1,0,0,0,0,0,0,1,0,0,0,0,0,75,74,78,64,79,89,68,67,64,44,Software Developer,Web Developer,Mobile App Developer,Game Developer,Software Tester / QA Engineer
Research,0,0,0,1,0,0,0,0,0,1,1,0,0,1,0,0,72,67,50,37,71,88,78,49,69,49,Research Scientist,Data Scientist,Research Analyst,Laboratory Researcher,Scientific Writer
Space Science,0,0,0,0,0,0,0,0,0,0,0,1,1,1,0,0,100,89,39,33,69,90,100,58,65,47,Space Scientist,ISRO Scientist,DRDO Scientist,Astronomer,Aerospace Engineer
Space Science,1,0,0,0,0,0,0,0,0,1,0,0,1,1,0,0,77,79,26,38,78,96,85,41,61,30,Space Scientist,ISRO Scientist,DRDO Scientist,Astronomer,Aerospace Engineer
Media & Creative,0,0,0,0,0,1,1,0,1,0,0,0,0,0,0,0,67,71,97,62,88,78,55,100,92,59,Public Relations Manager,Graphic Designer,Animator,Film Director,Video Editor
all,0,0,0,0,0,0,0,1,0,1,0,0,0,0,1,0,53,60,60,49,67,65,25,68,81,71,UI/UX Designer,Social Worker,School Teacher,Professor,Special Education Teacher
Defense,0,0,1,1,0,0,0,0,0,1,0,0,0,0,0,1,86,66,44,74,79,73,60,54,73,71,Navy Officer,Army Officer,Air Force Officer,Defense Scientist,Coast Guard Officer
all,1,1,0,1,0,0,0,0,0,0,1,0,0,0,0,0,90,80,73,48,70,91,83,78,81,22,Software Developer,Web Developer,Mobile App Developer,Data Analyst,Data Scientist
all,0,0,0,0,0,0,0,0,0,0,1,0,0,1,1,1,70,55,42,36,79,83,65,51,59,45,Software Developer,Web Developer,Mobile App Developer,Game Developer,Software Tester / QA Engineer
all,0,0,0,0,1,0,1,1,0,0,0,0,0,0,0,0,61,58,73,69,50,55,74,69,33,83,Public Relations Manager,Doctor,Nurse,Pharmacist,Medical Lab Technologist
Healthcare,0,0,0,0,0,0,1,1,0,1,0,0,0,0,0,1,88,59,48,48,67,79,83,53,46,73,Biomedical Scientist,Doctor,Nurse,Pharmacist,Medical Lab Technologist
Law & Government,0,0,1,1,0,0,0,0,0,0,0,0,0,1,0,0,93,46,79,78,100,84,55,88,72,75,Social Welfare Officer,Lawyer / Advocate,Judge,Legal Advisor,Public Prosecutor
all,0,0,1,1,0,0,0,0,0,0,0,0,0,0,1,0,76,68,99,73,53,68,94,91,43,96,Public Relations Manager,IT Project Manager,Training Manager,Accountant,Chartered Accountant (CA)
Science,0,0,1,0,0,1,0,0,0,0,1,0,0,0,0,0,100,76,63,62,82,100,94,59,57,69,Physicist,Chemist,Mathematician,Statistician,Geologist
all,0,0,0,0,0,0,0,0,0,0,1,0,1,1,0,0,95,56,42,63,47,87,77,45,45,61,Network Engineer,Cloud Engineer,AI Engineer,Machine Learning Engineer,DevOps Engineer
Defense,0,0,0,0,1,0,1,0,0,0,0,0,0,0,0,0,54,81,59,79,50,51,87,63,48,68,Navy Officer,Army Officer,Air Force Officer,Defense Scientist,Coast Guard Officer
all,0,1,0,0,1,0,0,0,0,1,0,0,0,0,0,0,93,73,74,70,71,92,91,71,78,68,IT Project Manager,Public Relations Manager,Data Analyst,Data Scientist,Cybersecurity Analyst
all,0,0,0,0,0,0,0,0,0,1,1,0,0,0,0,1,74,75,54,87,78,63,78,66,89,86,Accountant,Chartered Accountant (CA),Marketing Manager,Human Resource Manager,Operations Manager
Marine,0,0,1,0,1,1,0,0,0,1,0,0,0,0,0,0,57,53,75,61,54,81,63,70,49,55,Marine Engineer,Ship Captain,Marine Biologist,Naval Architect,Oceanographer
Design,0,0,0,0,0,1,0,0,0,1,0,0,0,0,1,0,56,93,72,64,81,60,79,85,99,74,Architect,Urban Planner,Interior Designer,Industrial Designer,Graphic Designer
all,0,0,0,0,0,0,0,0,0,0,1,1,0,0,0,0,80,86,37,41,84,77,77,36,84,42,Network Engineer,Cloud Engineer,AI Engineer,Machine Learning Engineer,DevOps Engineer
Aviation,1,1,0,0,0,0,0,0,0,0,0,0,1,0,0,0,75,76,60,56,73,76,81,71,88,66,Aircraft Maintenance Engineer,Pilot,Commercial Pilot,Air Traffic Controller,Flight Dispatcher
Engineering,0,0,0,0,1,0,0,0,0,1,0,0,0,1,1,0,93,73,52,59,62,73,73,68,44,62,Civil Engineer,Mechanical Engineer,Electrical Engineer,Electronics Engineer,Chemical Engineer
Business & Finance,0,0,0,0,0,0,0,0,0,0,0,1,0,0,1,1,71,76,62,65,53,53,90,76,48,72,Accountant,Chartered Accountant (CA),Marketing Manager,Human Resource Manager,Operations Manager
Engineering,0,0,0,0,0,0,1,0,0,0,1,0,0,0,0,0,86,68,58,45,64,75,85,51,65,58,Civil Engineer,Mechanical Engineer,Electrical Engineer,Electronics Engineer,Chemical Engineer
Education,0,0,0,1,1,0,0,0,0,1,0,0,0,0,0,1,82,61,68,100,81,78,61,73,80,95,School Teacher,Professor,Special Education Teacher,Training Manager,Curriculum Developer
all,0,1,1,0,0,1,0,0,0,1,0,0,0,0,0,0,65,58,57,68,57,56,61,56,65,69,IT Support Specialist,Technical Consultant,Ethical Hacker,Game Tester,Esports Player
all,0,0,0,0,0,0,0,0,1,0,0,1,0,0,0,0,42,71,62,81,91,62,56,76,89,82,Public Relations Manager,Doctor,Nurse,Pharmacist,Medical Lab Technologist
all,0,0,0,0,0,0,1,0,0,0,0,1,1,0,0,0,67,56,54,91,46,77,68,56,52,85,Accountant,Chartered Accountant (CA),Marketing Manager,Human Resource Manager,Operations Manager
Defense,0,0,0,0,1,0,1,0,0,0,0,1,0,0,0,0,41,42,64,75,57,69,40,67,44,77,Navy Officer,Army Officer,Air Force Officer,Defense Scientist,Coast Guard Officer
all,0,1,0,0,0,0,0,1,0,1,0,0,0,0,0,0,69,75,52,69,93,76,70,64,60,75,IT Project Manager,Software Developer,Web Developer,Mobile App Developer,Game Developer
all,0,0,1,0,0,0,0,1,0,0,1,0,0,0,0,0,86,74,75,75,82,69,91,70,71,87,IT Project Manager,Training Manager,Accountant,Chartered Accountant (CA),Marketing Manager
all,1,0,0,0,0,0,0,1,0,0,1,0,1,0,0,0,83,77,63,68,79,76,92,59,84,50,Network Engineer,Cloud Engineer,AI Engineer,Machine Learning Engineer,DevOps Engineer
Defense,0,0,0,0,0,0,1,0,0,1,0,0,0,0,1,0,55,68,71,72,63,55,56,61,61,89,Navy Officer,Army Officer,Air Force Officer,Defense Scientist,Coast Guard Officer
Hospitality,0,0,0,1,0,1,0,0,0,1,0,0,0,0,0,0,39,45,68,76,78,69,34,78,65,96,Hotel Manager,Event Manager,Airline Manager,Wedding Planner,NGO Program Manager
Business & Finance,0,0,1,0,1,0,0,0,0,0,0,0,0,0,0,1,66,50,59,79,57,64,81,53,52,83,Accountant,Chartered Accountant (CA),Marketing Manager,Human Resource Manager,Operations Manager
Business & Finance,0,0,1,0,0,0,0,0,0,1,0,0,1,0,0,0,80,84,75,69,79,69,100,67,64,65,Accountant,Chartered Accountant (CA),Marketing Manager,Human Resource Manager,Operations Manager
all,1,0,0,0,0,0,0,0,0,0,1,0,0,0,0,0,80,93,41,42,67,74,94,43,82,64,Network Engineer,Cloud Engineer,AI Engineer,Machine Learning Engineer,DevOps Engineer
Hospitality,0,0,0,0,0,0,1,0,0,1,0,0,0,0,0,0,46,80,79,89,53,45,67,88,70,71,Hotel Manager,Event Manager,Airline Manager,Wedding Planner,NGO Program Manager
Fashion,0,0,0,0,0,0,1,0,1,0,1,0,0,0,1,0,29,49,83,88,71,46,27,80,82,85,Fashion Designer,Textile Designer,Makeup Artist,Cosmetologist,Fashion Stylist
all,0,0,1,0,0,0,0,0,0,0,0,0,0,1,0,0,100,68,96,66,86,75,93,84,77,59,IT Project Manager,Training Manager,Accountant,Chartered Accountant (CA),Marketing Manager
Research,0,0,0,1,0,0,0,0,0,0,1,0,0,1,0,0,77,71,70,71,90,85,67,70,87,61,Research Scientist,Data Scientist,Research Analyst,Laboratory Researcher,Scientific Writer
Research,0,0,0,0,0,0,0,0,0,0,1,0,0,0,0,1,69,85,65,83,88,87,86,59,76,79,Research Scientist,Data Scientist,Research Analyst,Laboratory Researcher,Scientific Writer
all,0,0,0,0,0,1,1,0,0,1,0,0,0,0,0,0,52,58,61,50,85,75,34,58,100,57,Graphic Designer,Fashion Designer,Interior Designer,Social Media Manager,VFX Artist
Business & Finance,1,0,0,0,0,0,0,0,0,0,0,0,0,1,1,1,85,51,99,67,76,73,87,85,60,46,Accountant,Chartered Accountant (CA),Marketing Manager,Human Resource Manager,Operations Manager
all,0,0,0,0,0,0,1,0,0,0,1,0,0,1,0,0,100,87,75,60,87,85,83,76,60,55,IT Project Manager,Network Engineer,Cloud Engineer,AI Engineer,Machine Learning Engineer
Media & Creative,0,0,0,1,0,0,0,0,0,0,0,0,1,0,0,0,47,59,100,72,65,57,34,87,86,88,Graphic Designer,Fashion Designer,Interior Designer,Social Media Manager,VFX Artist
Education,0,0,0,1,0,0,0,0,0,1,1,1,0,0,0,0,56,84,89,89,89,69,66,81,87,91,Training Manager,School Teacher,Professor,Special Education Teacher,Curriculum Developer
all,0,0,1,0,0,0,1,0,0,0,0,0,0,0,0,0,69,69,48,90,49,74,65,57,64,85,Doctor,Nurse,Pharmacist,Medical Lab Technologist,Medical Researcher
Education,1,0,1,0,0,0,0,0,0,0,0,0,0,1,0,0,68,70,97,75,75,69,81,92,67,76,Training Manager,School Teacher,Professor,Special Education Teacher,Curriculum Developer
Law & Government,0,0,1,1,0,0,0,0,0,0,0,0,0,0,1,0,43,52,58,94,55,48,43,78,74,94,Social Welfare Officer,Lawyer / Advocate,Judge,Legal Advisor,Public Prosecutor
Hospitality,0,0,0,0,0,0,0,1,1,1,1,0,0,0,0,0,55,53,66,64,69,54,57,80,72,79,Hotel Manager,Event Manager,Airline Manager,Wedding Planner,NGO Program Manager
Law & Government,0,0,0,1,0,0,0,0,0,0,1,0,1,1,0,0,80,78,71,66,78,95,81,74,47,62,Policy Analyst,Lawyer / Advocate,Judge,Legal Advisor,Public Prosecutor
all,0,1,0,0,0,0,0,0,0,1,1,0,1,0,0,0,78,65,87,54,68,78,68,83,48,60,IT Project Manager,Accountant,Chartered Accountant (CA),Marketing Manager,Human Resource Manager
IT & Computer,0,1,0,0,0,0,0,0,0,0,1,0,0,0,0,0,87,87,43,33,87,87,97,46,96,60,Network Engineer,Cloud Engineer,AI Engineer,Machine Learning Engineer,DevOps Engineer
all,0,1,0,0,0,0,1,0,0,1,0,0,0,0,0,0,84,54,73,65,59,68,64,69,49,66,IT Project Manager,Training Manager,Accountant,Chartered Accountant (CA),Marketing Manager
Engineering,1,0,0,0,0,0,1,0,0,0,0,0,0,0,0,1,97,75,25,29,70,100,100,17,60,44,Civil Engineer,Mechanical Engineer,Electrical Engineer,Electronics Engineer,Chemical Engineer
all,0,0,1,1,0,0,0,0,1,0,0,0,1,0,0,0,74,81,62,75,40,64,83,82,45,64,Accountant,Chartered Accountant (CA),Marketing Manager,Human Resource Manager,Operations Manager
Hospitality,1,0,0,0,1,0,0,1,0,0,0,0,0,0,1,0,51,28,70,97,45,33,36,73,49,79,Wedding Planner,Hotel Manager,Event Manager,Airline Manager,NGO Program Manager
Defense,0,0,0,0,0,0,1,0,0,1,0,0,0,1,0,0,100,69,80,58,80,69,84,86,64,67,Defense Scientist,Navy Officer,Army Officer,Air Force Officer,Coast Guard Officer
Hospitality,0,0,0,0,1,0,0,0,0,0,1,0,1,0,1,0,42,63,81,92,37,54,54,76,53,80,Wedding Planner,Hotel Manager,Event Manager,Airline Manager,NGO Program Manager
IT & Computer,0,1,0,0,1,0,0,0,0,0,0,0,0,1,1,0,81,93,75,62,92,97,82,76,92,44,Network Engineer,Cloud Engineer,AI Engineer,Machine Learning Engineer,DevOps Engineer
all,0,0,0,1,0,0,0,0,1,1,1,0,0,0,0,0,54,73,91,55,81,80,61,71,82,65,Public Relations Manager,Animator,Film Director,Video Editor,Journalist
all,0,0,0,0,0,1,0,1,0,0,0,0,1,0,0,1,80,65,63,59,90,61,51,67,84,63,Investment Banker,Auditor,Management Consultant,Banking Officer,Digital Marketing Specialist
all,0,0,1,0,0,0,1,1,0,0,1,0,0,0,0,0,93,64,64,70,91,91,82,72,75,43,Network Engineer,Cloud Engineer,AI Engineer,Machine Learning Engineer,DevOps Engineer
Aviation,1,1,0,1,0,0,0,0,0,1,0,0,0,0,0,0,64,57,77,44,57,73,64,60,35,57,Aircraft Maintenance Engineer,Pilot,Commercial Pilot,Air Traffic Controller,Flight Dispatcher
Biotech,0,0,0,0,0,0,0,0,0,0,1,1,1,0,0,0,84,90,54,69,75,89,93,55,72,49,Agricultural Scientist,Environmental Scientist,Biomedical Engineer,Food Technologist,Biotechnologist
all,0,0,0,1,0,0,0,1,0,0,1,0,0,0,0,0,75,75,91,64,61,89,82,87,56,39,Public Relations Manager,Network Engineer,Cloud Engineer,AI Engineer,Machine Learning Engineer
all,0,1,0,0,0,0,0,1,1,1,0,0,0,0,0,0,57,74,85,86,73,60,64,84,55,84,IT Project Manager,Public Relations Manager,Social Worker,School Teacher,Professor
all,0,0,0,0,1,0,0,0,0,0,1,1,0,1,0,0,62,29,100,89,62,62,51,95,46,72,Social Worker,School Teacher,Professor,Special Education Teacher,Social Welfare Officer
Aviation,0,1,0,1,0,0,0,0,0,0,0,0,1,0,1,0,76,73,97,67,61,81,82,83,50,62,Aircraft Maintenance Engineer,Pilot,Commercial Pilot,Air Traffic Controller,Flight Dispatcher
Science,0,1,1,0,0,1,0,1,0,0,0,0,0,0,0,0,100,88,42,61,60,100,93,56,63,58,Physicist,Chemist,Mathematician,Statistician,Geologist
Media & Creative,0,1,0,0,0,1,0,1,0,0,0,1,0,0,0,0,61,50,77,67,70,86,61,77,74,50,Public Relations Manager,Animator,Film Director,Video Editor,Journalist
Biotech,1,0,0,0,0,0,0,1,0,0,1,0,0,0,0,0,81,76,48,74,70,86,75,51,74,68,Biomedical Engineer,Tourism Manager,Real Estate Manager,Agricultural Scientist,Environmental Scientist
all,0,0,0,0,0,0,0,1,0,1,1,0,1,0,0,0,75,69,70,66,65,59,84,69,43,59,Accountant,Chartered Accountant (CA),Marketing Manager,Human Resource Manager,Operations Manager
Forensics,0,0,1,0,1,0,0,0,0,0,1,1,0,0,0,0,68,41,45,76,83,84,35,62,81,62,Criminologist,Forensic Scientist,Crime Scene Investigator,Forensic Psychologist,Digital Forensics Analyst
all,0,0,0,0,1,1,0,0,0,0,0,0,0,0,1,0,15,51,100,83,66,22,28,94,79,89,Graphic Designer,Fashion Designer,Interior Designer,Social Media Manager,VFX Artist
all,0,0,0,0,1,0,0,1,0,0,1,0,0,0,0,0,77,58,48,62,63,68,68,64,44,63,Public Relations Manager,IT Project Manager,Training Manager,Accountant,Chartered Accountant (CA)
all,0,0,0,0,0,1,0,0,0,1,0,0,0,0,0,0,71,60,59,74,64,61,61,72,63,83,Public Relations Manager,Doctor,Nurse,Pharmacist,Medical Lab Technologist
Sports / Fitness,1,0,0,0,0,0,1,0,0,1,0,0,0,1,0,0,92,100,37,79,78,64,81,55,99,75,Sports Coach,Fitness Trainer,Yoga Instructor,Sports Physiotherapist,Sports Psychologist
Media & Creative,0,0,0,0,1,0,1,0,0,0,0,0,1,0,0,0,51,43,78,69,69,80,39,77,70,77,Public Relations Manager,Animator,Film Director,Video Editor,Journalist
Education,0,1,1,0,0,0,0,0,0,1,0,1,0,0,0,0,59,82,81,79,62,74,77,72,75,93,Training Manager,School Teacher,Professor,Special Education Teacher,Curriculum Developer
Research,0,0,1,0,1,1,0,0,0,1,0,0,0,0,0,0,92,56,100,85,84,87,84,80,77,59,Research Scientist,Data Scientist,Research Analyst,Laboratory Researcher,Scientific Writer
all,1,0,1,0,0,0,0,1,0,0,0,1,0,0,0,0,58,58,60,68,65,67,78,64,52,72,IT Project Manager,Training Manager,Accountant,Chartered Accountant (CA),Marketing Manager
Biotech,0,0,0,1,0,0,0,1,0,0,1,0,0,1,0,0,64,79,53,71,67,71,90,71,62,56,Tourism Manager,Real Estate Manager,Biomedical Engineer,Agricultural Scientist,Environmental Scientist
Business & Finance,0,0,1,0,0,0,0,0,0,0,0,1,0,0,1,1,73,61,82,87,73,89,61,74,59,73,Accountant,Chartered Accountant (CA),Marketing Manager,Human Resource Manager,Operations Manager
all,0,0,0,0,0,0,0,0,0,0,0,1,0,1,1,0,67,69,74,100,66,67,57,78,83,76,IT Project Manager,Doctor,Nurse,Pharmacist,Medical Lab Technologist
Media & Creative,0,0,0,1,0,1,0,0,1,0,0,1,0,0,0,0,48,75,78,81,74,43,55,85,98,64,Graphic Designer,Fashion Designer,Interior Designer,Social Media Manager,VFX Artist
Forensics,1,0,1,0,0,0,0,0,0,0,1,0,0,0,0,0,74,62,48,65,25,54,71,56,42,60,Criminologist,Forensic Scientist,Crime Scene Investigator,Forensic Psychologist,Digital Forensics Analyst
all,1,1,0,0,0,0,0,0,0,0,1,0,0,0,0,0,69,41,62,69,78,95,60,66,57,59,Software Developer,Web Developer,Mobile App Developer,Game Developer,Software Tester / QA Engineer
Aviation,0,1,1,0,0,0,0,0,0,0,0,0,0,0,0,0,60,81,65,48,71,68,73,70,67,56,Aircraft Maintenance Engineer,Pilot,Commercial Pilot,Air Traffic Controller,Flight Dispatcher
Sports / Fitness,0,0,0,0,0,0,1,1,0,0,0,0,0,0,0,0,69,44,76,67,47,52,57,73,47,67,Sports Coach,Fitness Trainer,Yoga Instructor,Sports Physiotherapist,Sports Psychologist
Engineering,1,0,0,0,0,0,0,0,0,0,1,0,1,1,0,0,79,57,18,30,64,86,88,37,48,51,Civil Engineer,Mechanical Engineer,Electrical Engineer,Electronics Engineer,Chemical Engineer
IT & Computer,0,1,0,0,0,1,0,0,0,0,1,0,0,0,0,0,79,76,68,71,76,71,66,67,95,67,IT Project Manager,Software Developer,Web Developer,Mobile App Developer,Game Developer
all,0,1,0,0,0,0,0,0,0,1,0,0,0,0,1,0,73,50,72,56,81,76,78,72,67,42,Network Engineer,Cloud Engineer,AI Engineer,Machine Learning Engineer,DevOps Engineer
Design,0,1,0,0,0,0,0,0,1,0,0,0,1,0,1,0,56,70,41,65,62,31,74,64,84,58,Interior Designer,Industrial Designer,Graphic Designer,Architect,Urban Planner
Aviation,0,0,0,0,1,0,1,0,1,1,0,0,0,0,0,0,95,77,60,58,48,84,89,55,30,69,Aircraft Maintenance Engineer,Pilot,Commercial Pilot,Air Traffic Controller,Flight Dispatcher
all,1,0,0,0,1,0,1,0,0,0,0,0,0,0,0,0,100,85,55,65,64,75,93,52,67,54,Network Engineer,Cloud Engineer,AI Engineer,Machine Learning Engineer,DevOps Engineer
IT & Computer,0,0,0,0,0,0,1,1,0,1,1,0,0,0,0,0,73,52,75,44,43,71,58,71,43,26,Software Developer,Web Developer,Mobile App Developer,Data Analyst,Data Scientist
Forensics,0,0,1,0,0,0,0,0,0,1,0,1,0,0,1,0,49,78,73,62,77,55,62,80,83,50,Criminologist,Forensic Scientist,Crime Scene Investigator,Forensic Psychologist,Digital Forensics Analyst
all,0,0,0,0,0,1,1,0,0,0,1,0,0,0,0,0,75,83,46,46,64,80,97,54,63,51,Network Engineer,Cloud Engineer,AI Engineer,Machine Learning Engineer,DevOps Engineer
Research,1,0,0,1,0,0,0,0,1,0,0,0,0,0,0,0,83,85,68,55,90,81,91,64,85,39,Research Scientist,Data Scientist,Research Analyst,Laboratory Researcher,Scientific Writer
Research,0,0,1,0,0,0,0,0,0,0,0,0,1,0,0,0,100,89,37,64,83,89,92,58,87,54,Research Scientist,Data Scientist,Research Analyst,Laboratory Researcher,Scientific Writer
all,1,0,0,0,0,0,0,0,1,0,1,0,0,0,1,0,57,72,51,63,74,66,48,68,90,62,UI/UX Designer,Graphic Designer,Fashion Designer,Interior Designer,Social Media Manager
Healthcare,0,0,0,0,1,0,0,0,0,0,0,1,0,0,0,0,91,62,61,88,58,72,71,62,56,85,Doctor,Nurse,Pharmacist,Medical Lab Technologist,Medical Researcher
all,0,0,0,0,0,0,1,1,0,1,0,0,0,0,0,0,74,70,63,62,62,64,84,68,76,62,IT Project Manager,Training Manager,Accountant,Chartered Accountant (CA),Marketing Manager
Business & Finance,0,0,0,0,0,0,0,0,0,0,1,0,1,1,0,1,55,72,74,77,84,75,79,71,62,60,Accountant,Chartered Accountant (CA),Marketing Manager,Human Resource Manager,Operations Manager
all,0,0,0,1,0,1,0,0,0,0,0,1,0,0,0,0,62,87,61,67,88,46,56,64,97,79,Graphic Designer,Fashion Designer,Interior Designer,Social Media Manager,VFX Artist
Business & Finance,0,0,0,1,0,0,0,0,0,0,1,0,0,0,0,1,86,93,71,51,76,76,89,66,67,72,Accountant,Chartered Accountant (CA),Marketing Manager,Human Resource Manager,Operations Manager
all,0,1,0,0,0,0,0,1,0,0,1,0,0,0,0,0,92,67,69,72,90,85,70,84,95,68,IT Project Manager,Software Developer,Web Developer,Mobile App Developer,Game Developer
Biotech,0,0,0,0,0,0,0,1,0,0,1,1,0,0,1,0,41,44,64,64,62,64,52,63,53,58,Food Technologist,Biotechnologist,Microbiologist,Geneticist,Marine Biologist
all,0,1,0,1,0,1,0,0,1,0,0,0,0,0,0,0,80,85,70,62,64,72,88,73,73,44,Public Relations Manager,Animator,Film Director,Video Editor,Journalist
Engineering,1,0,0,1,0,1,0,0,0,0,0,0,0,0,0,0,91,78,63,52,54,89,80,53,41,63,Civil Engineer,Mechanical Engineer,Electrical Engineer,Electronics Engineer,Chemical Engineer
all,0,0,0,0,0,0,0,0,0,1,0,0,0,0,1,1,92,54,59,79,74,77,63,81,48,88,Accountant,Chartered Accountant (CA),Marketing Manager,Human Resource Manager,Operations Manager
Marine,0,0,0,0,0,0,1,0,0,1,0,1,1,0,0,0,71,70,67,69,81,93,59,63,59,60,Marine Engineer,Ship Captain,Marine Biologist,Naval Architect,Oceanographer
all,0,0,0,0,0,0,1,0,0,0,1,0,0,0,0,0,61,45,67,72,60,58,65,65,56,81,Doctor,Nurse,Pharmacist,Medical Lab Technologist,Medical Researcher
Aviation,0,1,0,0,0,1,0,0,0,1,1,0,0,0,0,0,75,83,43,75,38,74,85,73,76,71,Aircraft Maintenance Engineer,Pilot,Commercial Pilot,Air Traffic Controller,Flight Dispatcher
Aviation,0,1,0,0,0,1,0,0,0,0,0,0,0,0,0,0,73,55,62,75,72,90,82,59,42,68,Aircraft Maintenance Engineer,Pilot,Commercial Pilot,Air Traffic Controller,Flight Dispatcher
Marine,0,0,0,0,0,0,1,0,0,0,0,0,0,1,0,0,85,60,77,76,90,89,77,69,64,70,Marine Engineer,Ship Captain,Marine Biologist,Naval Architect,Oceanographer
Research,0,0,1,1,0,0,0,0,0,0,0,0,1,0,1,0,66,51,62,73,56,75,76,62,32,49,Research Scientist,Data Scientist,Research Analyst,Laboratory Researcher,Scientific Writer
Design,0,0,1,0,0,1,0,1,0,0,0,0,0,0,1,0,54,89,59,71,73,65,57,70,89,65,Architect,Urban Planner,Interior Designer,Industrial Designer,Graphic Designer
Engineering,1,0,1,0,0,0,0,1,0,0,0,1,0,0,0,0,87,82,52,39,89,76,84,51,67,55,Civil Engineer,Mechanical Engineer,Electrical Engineer,Electronics Engineer,Chemical Engineer
all,0,0,0,0,0,0,1,0,0,0,1,0,0,1,1,0,91,91,79,58,88,83,88,72,77,65,IT Project Manager,Network Engineer,Cloud Engineer,AI Engineer,Machine Learning Engineer
all,0,0,0,0,0,1,0,0,1,0,0,0,0,1,0,0,36,56,81,58,48,35,40,84,84,80,Graphic Designer,Fashion Designer,Interior Designer,Social Media Manager,VFX Artist
Aviation,0,1,0,0,1,0,0,0,0,1,0,0,0,0,0,0,55,68,73,60,64,75,62,77,72,44,Aircraft Maintenance Engineer,Pilot,Commercial Pilot,Air Traffic Controller,Flight Dispatcher
all,0,0,0,0,0,0,1,0,0,1,0,0,1,0,0,0,31,77,83,80,79,71,70,81,76,80,Accountant,Chartered Accountant (CA),Marketing Manager,Human Resource Manager,Operations Manager
Hospitality,1,0,0,0,1,0,0,0,0,1,0,0,0,0,0,1,67,66,67,92,72,64,74,69,58,94,Hotel Manager,Event Manager,Airline Manager,Wedding Planner,NGO Program Manager
all,0,0,0,0,0,1,0,1,0,1,0,1,0,0,0,0,81,54,65,90,52,64,71,73,50,84,Public Relations Manager,IT Project Manager,Training Manager,Accountant,Chartered Accountant (CA)
all,0,1,0,0,0,0,1,0,0,1,1,0,0,0,0,0,83,65,50,61,74,86,75,60,62,42,Software Developer,Web Developer,Mobile App Developer,Game Developer,Software Tester / QA Engineer
Aviation,0,1,0,0,1,0,0,0,0,1,1,0,0,0,0,0,79,59,52,61,19,66,92,54,26,45,Aircraft Maintenance Engineer,Pilot,Commercial Pilot,Air Traffic Controller,Flight Dispatcher
Law & Government,0,0,1,1,0,0,0,1,1,0,0,0,0,0,0,0,68,65,64,88,83,70,85,72,58,77,Social Welfare Officer,Policy Analyst,Lawyer / Advocate,Judge,Legal Advisor
all,0,0,1,0,1,0,0,0,0,0,0,0,0,1,0,0,76,98,52,68,71,88,78,53,82,49,Software Developer,Web Developer,Mobile App Developer,Network Engineer,Cloud Engineer
Sports / Fitness,0,0,1,0,0,0,1,0,0,0,0,0,0,0,0,0,67,61,48,74,60,63,48,46,56,92,Sports Coach,Fitness Trainer,Yoga Instructor,Sports Physiotherapist,Sports Psychologist
all,0,0,0,0,1,1,0,1,0,0,0,1,0,0,0,0,72,67,84,90,66,77,61,82,61,100,Public Relations Manager,Doctor,Nurse,Pharmacist,Medical Lab Technologist
all,1,0,1,0,0,1,0,0,0,0,0,0,0,0,1,0,43,84,28,50,56,47,48,40,85,73,IT Support Specialist,Technical Consultant,Ethical Hacker,Game Tester,Esports Player
all,0,0,0,0,0,0,1,0,0,0,1,0,0,0,0,0,49,73,47,63,60,45,70,53,62,86,IT Support Specialist,Technical Consultant,Ethical Hacker,Game Tester,Esports Player
all,0,0,1,0,0,0,0,0,0,0,0,1,0,0,0,0,73,64,88,76,64,91,82,75,58,62,IT Project Manager,Training Manager,Accountant,Chartered Accountant (CA),Marketing Manager
Research,0,1,0,1,0,0,0,0,0,0,1,0,0,0,0,0,80,74,55,47,75,80,61,73,90,39,Research Scientist,Data Scientist,Research Analyst,Laboratory Researcher,Scientific Writer
all,1,1,0,1,0,0,0,0,1,0,0,0,0,0,0,0,64,64,86,56,79,59,49,84,93,47,UI/UX Designer,IT Support Specialist,Technical Consultant,Ethical Hacker,Game Tester
Defense,0,1,0,0,0,1,1,0,0,0,0,1,0,0,0,0,67,49,58,60,54,71,66,64,36,60,Navy Officer,Army Officer,Air Force Officer,Defense Scientist,Coast Guard Officer
Science,1,0,0,0,0,1,0,0,0,0,1,1,0,0,0,0,78,71,71,67,55,75,98,73,56,39,Physicist,Chemist,Mathematician,Statistician,Geologist
Law & Government,0,0,0,1,0,0,0,0,0,0,0,0,1,0,1,0,52,51,98,80,60,76,56,97,55,72,Social Welfare Officer,Lawyer / Advocate,Judge,Legal Advisor,Public Prosecutor
all,0,0,1,0,0,0,0,0,0,0,0,0,0,1,0,0,31,38,89,76,61,52,37,86,54,68,Social Worker,School Teacher,Professor,Special Education Teacher,Social Welfare Officer
Aviation,0,1,0,0,0,0,0,0,0,1,1,1,0,0,0,0,64,67,81,57,63,60,86,76,59,58,Aircraft Maintenance Engineer,Pilot,Commercial Pilot,Air Traffic Controller,Flight Dispatcher
all,0,0,0,0,1,0,0,0,1,0,1,0,0,1,0,0,69,66,58,59,66,57,79,69,56,51,Animator,Film Director,Video Editor,Journalist,Content Writer
all,0,0,1,1,0,0,0,0,0,1,0,0,0,0,0,0,51,59,73,65,57,54,62,71,53,64,Animator,Film Director,Video Editor,Journalist,Content Writer
Fashion,0,1,0,0,0,0,0,0,0,0,0,0,0,0,1,0,45,85,57,67,66,31,55,69,89,72,Fashion Designer,Textile Designer,Makeup Artist,Cosmetologist,Fashion Stylist
all,0,1,0,0,0,0,1,0,0,1,0,0,0,0,0,0,65,57,84,61,32,66,75,71,48,73,IT Project Manager,Training Manager,Accountant,Chartered Accountant (CA),Marketing Manager
Forensics,0,0,1,0,0,0,0,1,0,0,1,0,0,0,0,0,59,53,91,74,66,69,56,67,53,85,Criminologist,Forensic Scientist,Crime Scene Investigator,Forensic Psychologist,Digital Forensics Analyst
all,1,1,1,1,0,0,0,0,0,0,0,0,0,0,0,0,86,94,74,68,97,77,76,81,97,65,IT Project Manager,Public Relations Manager,Network Engineer,Cloud Engineer,AI Engineer
Business & Finance,0,1,0,1,0,0,0,0,0,0,0,0,1,0,0,1,55,70,55,50,74,73,59,56,83,63,Investment Banker,Auditor,Management Consultant,Banking Officer,Digital Marketing Specialist
all,0,0,0,0,0,0,0,1,0,0,0,1,0,1,0,0,76,94,63,90,71,74,81,63,62,82,IT Project Manager,Network Engineer,Cloud Engineer,AI Engineer,Machine Learning Engineer
Hospitality,0,0,0,0,1,1,0,1,1,0,0,0,0,0,0,0,64,62,67,75,65,50,83,85,53,79,Hotel Manager,Event Manager,Airline Manager,Wedding Planner,NGO Program Manager
Defense,1,0,0,0,0,0,1,0,0,1,0,0,0,0,0,0,64,59,100,78,51,61,76,99,52,72,Navy Officer,Army Officer,Air Force Officer,Defense Scientist,Coast Guard Officer
Marine,0,0,0,0,0,0,1,0,1,1,0,0,0,0,0,0,67,58,47,47,50,58,63,61,47,39,Ship Captain,Marine Engineer,Marine Biologist,Naval Architect,Oceanographer
Hospitality,0,0,0,0,1,0,0,0,0,1,0,1,0,0,0,0,61,38,99,83,63,66,47,93,48,84,Hotel Manager,Event Manager,Airline Manager,Wedding Planner,NGO Program Manager
all,1,0,0,0,0,0,0,0,0,0,0,0,0,1,0,1,95,88,77,60,100,86,88,72,80,63,IT Project Manager,Data Analyst,Data Scientist,Cybersecurity Analyst,Network Engineer
all,0,0,0,0,1,1,0,0,1,0,0,0,0,0,1,0,24,53,55,56,54,35,39,67,86,57,Graphic Designer,Fashion Designer,Interior Designer,Social Media Manager,VFX Artist
Research,0,0,1,0,0,0,0,0,0,0,0,0,0,0,1,1,82,73,77,61,83,72,75,77,76,55,Research Scientist,Data Scientist,Research Analyst,Laboratory Researcher,Scientific Writer
Law & Government,0,0,1,1,0,0,0,0,0,0,0,0,0,0,0,0,95,87,82,97,66,86,72,81,61,62,Social Welfare Officer,Policy Analyst,Lawyer / Advocate,Judge,Legal Advisor
Aviation,0,1,0,0,0,0,0,0,0,1,1,0,1,0,0,0,61,51,52,58,58,79,73,62,56,47,Aircraft Maintenance Engineer,Pilot,Commercial Pilot,Air Traffic Controller,Flight Dispatcher
Design,0,0,0,1,1,1,1,0,0,0,0,0,0,0,0,0,52,57,34,64,78,88,44,56,80,68,Architect,Urban Planner,Interior Designer,Industrial Designer,Graphic Designer
Engineering,0,0,0,0,0,1,0,0,0,0,1,0,0,1,0,0,91,76,48,69,83,92,92,55,75,68,Civil Engineer,Mechanical Engineer,Electrical Engineer,Electronics Engineer,Chemical Engineer
Business & Finance,0,0,0,0,0,0,0,0,0,0,1,0,1,0,0,0,54,28,74,86,52,47,70,66,28,79,Accountant,Chartered Accountant (CA),Marketing Manager,Human Resource Manager,Operations Manager
all,1,0,1,0,0,0,0,0,0,0,1,0,0,0,0,0,67,67,70,50,77,84,73,64,58,73,IT Project Manager,Software Developer,Web Developer,Mobile App Developer,Network Engineer
Defense,0,0,0,0,0,0,1,1,0,0,0,0,1,0,0,0,37,32,53,51,51,55,51,36,42,79,Navy Officer,Army Officer,Air Force Officer,Defense Scientist,Coast Guard Officer
Forensics,0,0,1,0,1,0,0,0,0,0,0,0,0,0,0,0,68,70,58,42,61,67,64,64,88,56,Criminologist,Forensic Scientist,Crime Scene Investigator,Forensic Psychologist,Digital Forensics Analyst
Forensics,0,0,0,0,0,0,1,0,0,0,1,0,0,0,0,0,66,70,43,65,100,67,75,45,71,61,Criminologist,Forensic Scientist,Crime Scene Investigator,Forensic Psychologist,Digital Forensics Analyst
all,0,0,1,1,0,0,0,0,0,0,1,0,0,0,1,0,75,86,39,50,52,88,83,53,55,52,Network Engineer,Cloud Engineer,AI Engineer,Machine Learning Engineer,DevOps Engineer
all,1,1,1,0,0,0,0,0,0,0,1,0,0,0,0,0,75,86,79,64,83,75,92,60,74,63,Network Engineer,Cloud Engineer,AI Engineer,Machine Learning Engineer,DevOps Engineer
all,0,0,0,0,0,1,0,0,0,0,1,0,0,0,1,0,67,64,76,52,78,73,58,64,92,63,Graphic Designer,Animator,Film Director,Video Editor,Journalist
Law & Government,0,0,1,0,0,0,0,0,0,1,0,0,0,0,0,0,68,41,67,49,52,74,60,71,38,65,Lawyer / Advocate,Judge,Legal Advisor,Public Prosecutor,Civil Services Officer
Science,0,0,1,0,0,0,0,0,0,0,1,0,1,0,0,0,94,54,71,58,56,81,89,62,35,51,Physicist,Chemist,Mathematician,Statistician,Geologist
IT & Computer,0,0,1,0,1,0,0,0,0,0,0,0,0,1,0,0,72,63,42,51,79,82,74,40,65,26,Software Developer,Web Developer,Mobile App Developer,Game Developer,Software Tester / QA Engineer
Healthcare,0,0,0,0,0,1,0,1,0,0,0,1,0,0,0,0,58,54,78,82,50,59,55,79,32,84,Doctor,Nurse,Pharmacist,Medical Lab Technologist,Medical Researcher
all,1,0,0,0,0,0,0,1,0,1,0,0,0,0,1,0,51,59,42,46,95,73,38,48,100,69,UI/UX Designer,IT Support Specialist,Technical Consultant,Ethical Hacker,Game Tester
all,0,1,0,0,0,0,1,1,0,0,0,0,0,1,0,0,71,79,55,32,65,63,80,46,67,34,Software Developer,Web Developer,Mobile App Developer,Network Engineer,Cloud Engineer
all,0,0,1,0,0,0,0,0,0,0,0,0,0,1,0,0,86,77,49,55,70,80,89,59,79,49,Network Engineer,Cloud Engineer,AI Engineer,Machine Learning Engineer,DevOps Engineer
all,0,1,0,1,0,0,0,0,0,0,1,0,0,1,0,0,78,54,78,86,73,77,76,84,59,96,IT Project Manager,Public Relations Manager,Network Engineer,Cloud Engineer,AI Engineer
Engineering,1,0,0,0,1,0,0,1,0,0,1,0,0,0,0,0,82,68,56,43,62,67,98,58,64,47,Civil Engineer,Mechanical Engineer,Electrical Engineer,Electronics Engineer,Chemical Engineer
Education,0,0,1,0,0,0,0,0,0,1,1,1,0,0,0,0,70,50,72,53,78,84,44,61,49,82,School Teacher,Professor,Special Education Teacher,College Lecturer,Academic Counselor
all,0,1,0,0,0,0,0,0,0,0,0,0,0,1,1,0,77,55,38,45,41,80,78,56,25,37,Data Analyst,Data Scientist,Cybersecurity Analyst,Network Engineer,Cloud Engineer
Engineering,1,0,0,0,0,0,0,0,0,0,0,0,0,1,0,1,69,82,45,77,52,80,96,40,57,76,Civil Engineer,Mechanical Engineer,Electrical Engineer,Electronics Engineer,Chemical Engineer
Marine,1,0,0,0,0,0,1,0,1,1,0,0,0,0,0,0,77,86,62,63,56,57,88,69,79,61,Marine Engineer,Ship Captain,Marine Biologist,Naval Architect,Oceanographer
Marine,0,0,0,0,0,0,0,0,0,1,0,1,1,0,1,0,80,84,72,77,74,71,80,61,80,73,Marine Engineer,Ship Captain,Marine Biologist,Naval Architect,Oceanographer
all,0,0,0,0,1,0,0,0,0,1,0,0,0,0,0,0,65,43,84,86,61,89,47,70,53,91,Social Worker,School Teacher,Professor,Special Education Teacher,Social Welfare Officer
all,0,0,0,0,0,0,1,0,0,0,0,1,0,0,0,1,56,78,66,72,74,70,60,66,71,65,Accountant,Chartered Accountant (CA),Marketing Manager,Human Resource Manager,Operations Manager
Defense,0,0,0,0,0,0,1,1,0,1,0,0,0,0,0,0,86,75,82,75,72,70,76,76,71,70,Navy Officer,Army Officer,Air Force Officer,Defense Scientist,Coast Guard Officer
all,1,1,1,0,0,0,0,0,0,0,0,0,0,1,0,0,74,60,36,67,73,75,87,40,37,84,Network Engineer,Cloud Engineer,AI Engineer,Machine Learning Engineer,DevOps Engineer
Media & Creative,0,0,0,1,1,0,0,0,0,0,0,0,0,0,0,0,62,79,88,65,72,63,58,76,86,70,Public Relations Manager,Animator,Film Director,Video Editor,Journalist
Defense,0,0,0,0,0,0,1,0,1,0,0,0,0,0,0,0,58,69,70,72,53,78,77,69,56,64,Defense Scientist,Navy Officer,Army Officer,Air Force Officer,Coast Guard Officer
Healthcare,0,1,0,1,0,0,0,1,0,0,1,0,0,0,0,0,46,76,76,67,91,58,47,69,98,93,Social Worker,Doctor,Nurse,Pharmacist,Medical Lab Technologist
Fashion,0,0,0,1,0,0,0,0,1,0,0,0,0,0,0,0,72,74,85,82,86,86,83,73,92,86,Fashion Designer,Textile Designer,Makeup Artist,Cosmetologist,Fashion Stylist
Engineering,1,0,0,0,1,0,0,0,0,0,0,0,0,0,0,0,76,72,22,28,84,94,80,26,62,58,Civil Engineer,Mechanical Engineer,Electrical Engineer,Electronics Engineer,Chemical Engineer
Healthcare,0,1,0,0,0,0,1,1,0,0,0,0,0,0,0,0,51,23,48,69,70,62,46,49,46,70,Dentist,Physiotherapist,Occupational Therapist,Radiologist,Dietitian
Healthcare,0,0,0,0,1,0,0,1,0,0,0,0,0,0,0,0,77,72,74,73,56,65,84,77,54,84,Doctor,Nurse,Pharmacist,Medical Lab Technologist,Medical Researcher
Media & Creative,0,0,0,0,0,1,0,0,0,0,0,0,0,0,1,0,47,80,80,83,77,78,58,72,91,67,Public Relations Manager,Graphic Designer,Animator,Film Director,Video Editor
Media & Creative,0,0,0,1,1,0,0,0,0,1,0,1,0,0,0,0,62,76,92,62,77,57,53,75,84,63,Animator,Film Director,Video Editor,Journalist,Content Writer
Media & Creative,0,0,1,0,0,1,0,0,0,0,0,0,0,0,0,0,43,78,70,59,71,38,42,71,81,71,Graphic Designer,Fashion Designer,Interior Designer,Social Media Manager,VFX Artist
Media & Creative,0,1,0,0,1,1,0,0,0,0,1,0,0,0,0,0,50,77,74,65,88,73,37,88,84,58,Graphic Designer,Fashion Designer,Interior Designer,Social Media Manager,VFX Artist
all,0,0,0,0,0,0,1,0,0,0,1,0,0,0,1,0,69,74,67,62,90,85,71,73,75,52,Software Developer,Web Developer,Mobile App Developer,Game Developer,Software Tester / QA Engineer
all,0,1,0,0,0,0,0,1,0,0,1,0,0,1,0,0,75,82,45,51,78,60,94,43,76,50,Network Engineer,Cloud Engineer,AI Engineer,Machine Learning Engineer,DevOps Engineer
Science,0,0,1,1,0,0,0,0,0,0,0,0,0,0,0,1,85,79,77,65,100,76,86,62,72,60,Physicist,Chemist,Mathematician,Statistician,Geologist
Science,0,0,1,0,0,0,0,0,0,0,0,1,0,0,0,1,84,73,44,51,100,97,76,45,62,60,Physicist,Chemist,Mathematician,Statistician,Geologist
IT & Computer,1,1,0,0,0,0,0,0,0,0,0,0,0,0,0,1,85,62,19,29,85,82,77,23,74,57,Network Engineer,Cloud Engineer,AI Engineer,Machine Learning Engineer,DevOps Engineer
Forensics,0,0,1,0,1,0,0,0,0,0,1,0,0,0,0,0,67,51,62,67,59,90,73,53,52,91,Forensic Scientist,Criminologist,Crime Scene Investigator,Forensic Psychologist,Digital Forensics Analyst
Aviation,0,1,0,0,0,0,0,0,0,1,0,0,0,0,1,0,59,70,84,70,63,63,59,74,63,46,Pilot,Commercial Pilot,Air Traffic Controller,Flight Dispatcher,Aircraft Maintenance Engineer
all,1,0,0,0,0,0,0,0,0,0,0,0,0,1,0,1,41,56,49,38,72,65,70,50,50,55,Software Developer,Web Developer,Mobile App Developer,Network Engineer,Cloud Engineer
Fashion,0,0,1,0,0,1,0,0,0,0,0,0,0,0,0,0,63,80,72,69,85,63,67,75,95,56,Fashion Designer,Textile Designer,Makeup Artist,Cosmetologist,Fashion Stylist
all,0,0,1,0,0,0,0,1,0,0,0,0,0,1,0,0,85,78,78,73,67,70,77,83,65,76,IT Project Manager,Training Manager,Accountant,Chartered Accountant (CA),Marketing Manager
all,1,0,0,0,0,0,0,0,0,0,1,0,0,1,0,0,73,59,62,30,70,92,77,60,50,40,Software Developer,Web Developer,Mobile App Developer,Data Analyst,Data Scientist
all,0,0,0,0,0,0,0,1,1,0,0,0,0,0,0,0,69,73,66,54,59,81,60,66,82,71,Public Relations Manager,Doctor,Nurse,Pharmacist,Medical Lab Technologist
all,0,0,0,1,0,1,0,0,0,1,0,0,0,0,0,0,49,72,83,67,52,54,74,71,44,70,Public Relations Manager,Animator,Film Director,Video Editor,Journalist
Biotech,0,0,0,0,1,0,0,1,1,0,0,0,0,0,0,1,77,71,81,97,61,55,62,75,72,66,Tourism Manager,Real Estate Manager,Food Technologist,Biotechnologist,Microbiologist
Hospitality,0,0,0,0,0,1,0,0,0,1,0,0,0,0,1,0,58,51,65,91,52,42,76,76,61,85,Hotel Manager,Event Manager,Airline Manager,Wedding Planner,NGO Program Manager
all,0,0,1,1,0,1,0,0,0,0,0,0,0,0,0,0,44,55,60,67,63,69,58,69,52,75,Public Relations Manager,Animator,Film Director,Video Editor,Journalist
Research,0,0,1,1,1,0,0,0,0,0,0,1,0,0,0,0,96,100,50,50,98,72,89,60,96,75,Research Scientist,Data Scientist,Research Analyst,Laboratory Researcher,Scientific Writer
Fashion,0,0,0,0,0,1,0,0,1,0,0,0,1,0,0,0,52,64,74,75,76,61,50,72,88,70,Cosmetologist,Fashion Designer,Textile Designer,Makeup Artist,Fashion Stylist
IT & Computer,0,1,0,0,0,0,0,0,0,0,1,0,0,1,0,0,91,75,22,41,77,87,76,45,76,34,Software Developer,Web Developer,Mobile App Developer,Network Engineer,Cloud Engineer
Design,0,0,0,0,0,1,0,0,0,1,1,0,0,0,1,0,67,68,58,53,77,62,45,69,73,39,Architect,Urban Planner,Interior Designer,Industrial Designer,Graphic Designer
all,0,0,1,1,0,0,0,1,0,0,0,0,0,0,0,0,77,73,69,76,68,89,87,72,57,87,Public Relations Manager,IT Project Manager,Training Manager,Accountant,Chartered Accountant (CA)
Defense,0,1,0,0,0,0,1,0,0,1,0,0,0,0,0,0,63,43,75,78,58,51,64,78,66,56,Navy Officer,Army Officer,Air Force Officer,Defense Scientist,Coast Guard Officer
all,1,0,1,0,0,0,1,0,0,0,0,0,1,0,0,0,54,83,66,53,74,55,76,50,82,51,IT Support Specialist,Technical Consultant,Ethical Hacker,Game Tester,Esports Player
Healthcare,0,0,0,1,0,0,0,0,0,0,0,1,0,1,0,0,42,59,67,66,66,66,65,68,54,92,Doctor,Nurse,Pharmacist,Medical Lab Technologist,Medical Researcher
Forensics,0,1,0,0,0,0,0,0,0,1,1,0,1,0,0,0,73,52,77,60,75,45,67,81,83,48,Criminologist,Forensic Scientist,Crime Scene Investigator,Forensic Psychologist,Digital Forensics Analyst
Fashion,0,0,0,0,0,1,0,0,0,0,0,0,0,1,1,0,62,56,72,65,78,61,48,65,86,80,Cosmetologist,Fashion Designer,Textile Designer,Makeup Artist,Fashion Stylist
Space Science,1,0,0,0,0,0,0,0,1,0,1,0,0,0,0,0,87,82,47,73,84,83,86,69,77,62,Space Scientist,ISRO Scientist,DRDO Scientist,Astronomer,Aerospace Engineer
all,0,0,0,0,0,1,0,1,1,0,0,0,1,0,0,0,61,70,79,68,69,74,61,71,76,86,Public Relations Manager,Accountant,Chartered Accountant (CA),Marketing Manager,Human Resource Manager
Marine,0,0,0,0,0,0,0,0,0,1,0,1,0,0,0,0,49,74,79,58,51,52,78,77,57,58,Ship Captain,Marine Engineer,Marine Biologist,Naval Architect,Oceanographer
all,0,1,0,0,0,0,1,0,0,1,0,0,0,0,0,0,90,81,58,69,79,74,89,62,63,80,IT Project Manager,Network Engineer,Cloud Engineer,AI Engineer,Machine Learning Engineer
Research,0,0,1,1,0,0,0,0,0,0,1,0,0,0,1,0,74,56,92,69,49,82,84,92,54,47,Research Scientist,Data Scientist,Research Analyst,Laboratory Researcher,Scientific Writer
all,0,0,0,0,1,0,0,0,0,0,0,0,0,1,0,0,100,89,77,78,57,90,89,74,71,58,Data Analyst,Data Scientist,Cybersecurity Analyst,Database Administrator,Systems Analyst
Biotech,1,0,0,0,0,0,0,1,0,0,1,0,0,0,0,0,74,67,51,67,93,90,58,57,96,76,Biomedical Engineer,Food Technologist,Biotechnologist,Microbiologist,Geneticist
Hospitality,0,0,0,1,1,0,0,1,0,0,0,0,1,0,0,0,77,60,77,99,63,70,65,79,58,88,Hotel Manager,Event Manager,Airline Manager,Wedding Planner,NGO Program Manager
Aviation,0,0,0,1,0,0,0,1,0,1,0,0,0,0,0,0,73,68,53,50,41,73,90,48,39,48,Aircraft Maintenance Engineer,Pilot,Commercial Pilot,Air Traffic Controller,Flight Dispatcher
all,1,0,0,0,0,0,1,0,0,1,0,0,0,1,0,0,100,61,49,84,70,78,83,55,55,49,Software Developer,Web Developer,Mobile App Developer,Network Engineer,Cloud Engineer
all,0,1,0,1,0,0,0,0,0,1,0,0,0,0,0,0,96,76,53,63,67,76,76,66,81,60,Network Engineer,Cloud Engineer,AI Engineer,Machine Learning Engineer,DevOps Engineer
all,0,0,1,0,0,1,1,0,0,0,0,1,0,0,0,0,66,65,59,58,95,71,78,65,80,77,Public Relations Manager,IT Project Manager,Training Manager,Accountant,Chartered Accountant (CA)
IT & Computer,1,0,0,0,0,0,0,0,0,0,0,0,1,0,0,0,70,91,97,49,73,64,76,99,89,10,Software Developer,Web Developer,Mobile App Developer,Game Developer,Software Tester / QA Engineer
Forensics,0,0,1,0,0,0,0,0,0,0,1,0,0,1,0,0,55,58,100,79,44,54,67,91,49,74,Criminologist,Forensic Scientist,Crime Scene Investigator,Forensic Psychologist,Digital Forensics Analyst
all,1,0,0,0,0,0,0,1,0,0,0,0,1,0,0,0,38,60,54,74,78,67,54,76,58,56,IT Support Specialist,Technical Consultant,Ethical Hacker,Game Tester,Esports Player
Space Science,1,1,0,0,0,0,0,0,0,0,1,0,0,1,0,0,91,82,81,47,59,83,81,65,60,64,Space Scientist,ISRO Scientist,DRDO Scientist,Astronomer,Aerospace Engineer
Hospitality,0,0,0,0,0,1,0,1,0,0,0,0,0,0,0,0,49,55,64,80,74,63,71,70,47,82,Hotel Manager,Event Manager,Airline Manager,Wedding Planner,NGO Program Manager
Hospitality,1,0,0,0,1,0,0,1,1,0,0,0,0,0,0,0,54,74,69,75,68,79,56,74,70,76,Hotel Manager,Event Manager,Airline Manager,NGO Program Manager,Wedding Planner
Science,0,0,1,0,0,0,0,0,0,1,1,1,0,0,0,0,79,100,63,44,95,90,89,63,89,39,Physicist,Chemist,Mathematician,Statistician,Geologist
Sports / Fitness,0,0,1,0,0,0,1,0,0,1,0,0,0,0,0,0,64,64,100,97,61,65,63,93,75,88,Sports Coach,Fitness Trainer,Yoga Instructor,Sports Physiotherapist,Sports Psychologist
Design,0,0,0,0,1,0,0,0,0,0,0,0,0,0,1,0,58,66,65,64,51,38,57,58,82,70,Interior Designer,Industrial Designer,Graphic Designer,Architect,Urban Planner
all,0,0,0,0,0,0,1,0,1,0,0,0,0,1,0,0,75,58,81,63,54,72,71,87,47,71,IT Project Manager,Public Relations Manager,Training Manager,Accountant,Chartered Accountant (CA)
all,1,0,0,0,0,0,0,1,0,0,0,0,0,1,0,0,76,78,68,76,100,77,55,77,97,74,IT Project Manager,Software Developer,Web Developer,Mobile App Developer,UI/UX Designer
Aviation,0,0,0,0,0,0,0,1,0,1,0,0,0,0,0,0,60,61,79,63,69,77,54,79,64,54,Pilot,Commercial Pilot,Air Traffic Controller,Flight Dispatcher,Aircraft Maintenance Engineer
all,0,0,1,1,0,0,0,0,1,0,1,0,0,0,0,0,75,47,46,62,79,90,55,59,50,39,Animator,Film Director,Video Editor,Journalist,Content Writer
Marine,0,0,0,1,0,0,1,0,0,1,0,0,1,0,0,0,86,66,62,63,59,75,87,60,42,69,Marine Engineer,Ship Captain,Marine Biologist,Naval Architect,Oceanographer
Space Science,1,0,0,0,0,0,0,1,0,0,0,0,0,1,1,0,72,87,76,60,51,72,84,82,51,49,Space Scientist,ISRO Scientist,DRDO Scientist,Astronomer,Aerospace Engineer
Forensics,0,0,1,0,0,0,0,1,1,0,1,0,0,0,0,0,79,66,97,83,95,81,64,92,78,81,Criminologist,Forensic Scientist,Crime Scene Investigator,Forensic Psychologist,Digital Forensics Analyst
Biotech,0,0,0,0,0,0,1,1,0,0,1,0,1,0,0,0,67,53,71,27,67,71,56,48,60,41,Biomedical Engineer,Food Technologist,Biotechnologist,Microbiologist,Geneticist
Marine,0,0,0,0,0,1,0,0,0,1,0,0,0,0,0,0,61,46,62,41,57,62,54,70,45,53,Ship Captain,Marine Engineer,Marine Biologist,Naval Architect,Oceanographer
IT & Computer,0,0,0,1,0,0,0,0,1,0,1,0,0,1,0,0,72,78,73,42,63,82,79,66,81,55,Network Engineer,Cloud Engineer,AI Engineer,Machine Learning Engineer,DevOps Engineer
IT & Computer,0,0,0,0,1,0,0,0,0,0,1,0,0,1,0,0,91,66,86,83,80,96,78,85,66,71,IT Project Manager,Software Developer,Web Developer,Mobile App Developer,Network Engineer
Research,0,0,1,0,0,0,1,1,0,0,0,0,0,0,0,0,72,67,63,52,76,83,75,53,54,42,Research Scientist,Data Scientist,Research Analyst,Laboratory Researcher,Scientific Writer
all,0,0,1,0,0,0,0,1,0,0,1,0,0,0,0,0,66,49,59,58,83,80,44,60,67,46,Software Developer,Web Developer,Mobile App Developer,IT Support Specialist,Game Developer
all,0,0,0,0,0,1,0,0,1,0,1,0,0,0,0,1,58,54,68,76,74,50,65,69,79,79,Animator,Film Director,Video Editor,Journalist,Content Writer
Healthcare,0,0,1,0,0,0,0,0,1,0,0,1,0,0,0,0,77,35,63,89,53,74,49,57,24,75,Doctor,Nurse,Pharmacist,Medical Lab Technologist,Medical Researcher
Hospitality,0,0,0,0,1,0,0,0,1,0,0,0,0,0,0,0,45,65,88,70,65,47,24,88,83,95,Wedding Planner,Hotel Manager,Event Manager,Airline Manager,NGO Program Manager
all,0,0,0,0,0,0,0,1,0,0,0,1,0,0,1,0,55,80,75,77,69,71,63,79,72,91,Doctor,Nurse,Pharmacist,Medical Lab Technologist,Medical Researcher
Education,0,0,1,0,0,0,0,0,0,0,0,1,1,0,0,0,90,71,72,85,76,67,91,79,62,67,Training Manager,School Teacher,Professor,Special Education Teacher,Curriculum Developer
all,0,0,1,0,0,1,0,0,0,0,0,0,1,0,0,0,36,34,54,61,70,69,19,63,87,74,Graphic Designer,Fashion Designer,Interior Designer,Social Media Manager,VFX Artist
Engineering,1,0,0,0,0,1,0,1,0,0,1,0,0,0,0,0,80,74,62,47,61,69,94,80,44,48,Civil Engineer,Mechanical Engineer,Electrical Engineer,Electronics Engineer,Chemical Engineer
Business & Finance,1,0,0,0,0,0,0,0,0,0,0,0,0,1,0,1,67,61,40,80,78,85,69,47,57,84,Accountant,Chartered Accountant (CA),Marketing Manager,Human Resource Manager,Operations Manager
Engineering,0,0,0,0,0,0,0,0,0,0,1,0,0,1,0,0,72,78,74,66,71,47,70,79,74,74,Civil Engineer,Mechanical Engineer,Electrical Engineer,Electronics Engineer,Chemical Engineer
Sports / Fitness,0,1,0,0,1,0,1,0,0,1,0,0,0,0,0,0,46,58,51,86,48,38,45,59,73,84,Sports Coach,Fitness Trainer,Yoga Instructor,Sports Physiotherapist,Sports Psychologist
all,0,0,1,0,0,0,0,1,0,0,0,0,0,0,0,0,83,70,81,66,93,94,82,71,75,62,IT Project Manager,Training Manager,Accountant,Chartered Accountant (CA),Marketing Manager
all,0,0,0,0,0,0,0,1,0,0,0,1,0,0,0,0,80,62,76,79,71,77,72,75,50,79,IT Project Manager,Training Manager,Accountant,Chartered Accountant (CA),Marketing Manager
all,0,0,0,0,0,1,1,0,1,1,0,0,0,0,0,0,53,90,75,91,77,53,69,75,86,88,Public Relations Manager,Animator,Film Director,Video Editor,Journalist
all,0,1,0,0,0,1,1,0,0,0,0,0,0,0,0,0,80,60,66,63,39,62,90,62,52,59,Network Engineer,Cloud Engineer,AI Engineer,Machine Learning Engineer,DevOps Engineer
all,0,0,0,1,0,0,0,0,0,0,0,0,1,0,0,0,65,79,52,46,87,100,82,56,73,70,Accountant,Chartered Accountant (CA),Marketing Manager,Human Resource Manager,Operations Manager
Forensics,0,0,1,0,0,0,0,1,0,0,1,0,0,0,0,0,63,51,65,56,49,62,69,65,50,54,Criminologist,Forensic Scientist,Crime Scene Investigator,Forensic Psychologist,Digital Forensics Analyst
IT & Computer,1,1,0,0,0,0,0,0,0,1,0,0,0,0,1,0,92,58,51,65,61,82,75,51,57,60,Software Developer,Web Developer,Mobile App Developer,Network Engineer,Cloud Engineer
Hospitality,0,0,0,1,0,0,1,1,0,0,0,0,0,0,0,0,61,71,93,86,45,23,72,74,61,88,Hotel Manager,Event Manager,Airline Manager,Wedding Planner,NGO Program Manager
Biotech,0,0,0,0,1,0,0,0,1,0,1,0,0,0,0,0,72,56,54,72,71,80,73,70,68,61,Biomedical Engineer,Tourism Manager,Real Estate Manager,Agricultural Scientist,Environmental Scientist
Media & Creative,0,0,1,1,0,0,1,0,0,0,0,0,0,0,0,0,56,66,81,51,100,89,40,66,88,63,Graphic Designer,Fashion Designer,Interior Designer,Social Media Manager,VFX Artist
all,0,1,1,1,0,0,0,0,0,0,0,0,0,0,0,0,53,81,87,78,44,58,84,74,48,70,IT Project Manager,Public Relations Manager,Training Manager,Accountant,Chartered Accountant (CA)
IT & Computer,1,0,0,0,0,0,0,0,0,0,0,0,0,1,0,0,80,85,88,61,90,77,84,87,86,52,IT Project Manager,Network Engineer,Cloud Engineer,AI Engineer,Machine Learning Engineer
IT & Computer,1,1,0,0,0,0,0,0,0,0,0,0,1,0,0,0,93,61,45,46,72,98,84,62,70,27,Software Developer,Web Developer,Mobile App Developer,Data Analyst,Data Scientist
Forensics,0,0,1,1,0,0,0,0,0,0,1,1,0,0,0,0,76,68,30,63,65,100,49,50,68,86,Criminologist,Forensic Scientist,Crime Scene Investigator,Forensic Psychologist,Digital Forensics Analyst
all,0,1,0,0,0,1,0,1,0,0,1,0,0,0,0,0,66,52,66,86,87,83,55,70,77,51,Software Developer,Web Developer,Mobile App Developer,Game Developer,Software Tester / QA Engineer
all,0,0,0,0,0,0,0,1,0,0,0,1,1,0,0,0,90,58,79,80,54,75,71,68,43,66,Accountant,Chartered Accountant (CA),Marketing Manager,Human Resource Manager,Operations Manager
Law & Government,0,0,0,1,0,1,0,0,0,0,0,0,1,0,0,0,52,80,98,78,71,72,81,81,81,66,Social Welfare Officer,Policy Analyst,Lawyer / Advocate,Judge,Legal Advisor
Science,0,0,1,0,0,0,0,0,0,0,1,0,0,1,0,0,68,78,54,33,82,99,76,52,69,58,Physicist,Chemist,Mathematician,Statistician,Geologist
Marine,0,0,0,1,0,0,0,0,0,1,0,0,0,0,0,0,66,67,62,47,82,58,74,45,68,46,Marine Engineer,Ship Captain,Marine Biologist,Naval Architect,Oceanographer
all,0,0,1,1,0,0,1,0,0,0,1,0,0,0,0,0,64,61,36,74,76,52,55,61,72,81,Animator,Film Director,Video Editor,Journalist,Content Writer
Research,0,0,1,0,0,0,0,0,0,0,1,0,1,0,0,0,99,80,51,50,87,85,84,61,67,34,Research Scientist,Data Scientist,Research Analyst,Laboratory Researcher,Scientific Writer
Forensics,1,0,0,0,0,0,0,0,0,0,1,1,0,0,0,1,73,51,43,51,53,76,70,58,38,45,Forensic Scientist,Criminologist,Crime Scene Investigator,Forensic Psychologist,Digital Forensics Analyst
Engineering,1,0,0,1,0,0,0,0,0,0,1,0,0,0,0,0,56,87,51,64,68,63,88,55,62,63,Civil Engineer,Mechanical Engineer,Electrical Engineer,Electronics Engineer,Chemical Engineer
Engineering,1,0,0,0,0,0,0,1,0,0,0,1,0,1,0,0,92,71,50,71,65,76,81,52,54,78,Civil Engineer,Mechanical Engineer,Electrical Engineer,Electronics Engineer,Chemical Engineer
Design,0,0,0,1,0,1,0,1,0,0,0,0,0,0,0,0,69,44,54,57,70,77,62,42,80,71,Architect,Urban Planner,Interior Designer,Industrial Designer,Graphic Designer
Business & Finance,0,0,0,0,0,0,0,0,0,0,0,0,1,1,0,1,70,73,54,78,83,75,70,60,45,92,Accountant,Chartered Accountant (CA),Marketing Manager,Human Resource Manager,Operations Manager
Aviation,0,1,1,0,0,0,0,0,0,1,0,0,0,1,0,0,82,70,63,78,84,72,71,55,88,89,Aircraft Maintenance Engineer,Pilot,Commercial Pilot,Air Traffic Controller,Flight Dispatcher
Research,0,0,0,1,1,0,0,0,0,0,0,1,0,0,0,1,95,74,65,64,98,100,77,76,63,68,Research Scientist,Data Scientist,Research Analyst,Laboratory Researcher,Scientific Writer
Design,0,0,0,0,0,1,0,0,0,0,0,0,0,0,1,0,34,56,64,79,72,66,25,64,79,66,Interior Designer,Industrial Designer,Graphic Designer,Architect,Urban Planner
Defense,0,0,1,0,1,1,0,0,0,1,0,0,0,0,0,0,58,65,73,61,47,61,96,64,51,72,Defense Scientist,Navy Officer,Army Officer,Air Force Officer,Coast Guard Officer
all,1,0,0,0,0,0,0,1,1,0,1,0,0,0,0,0,62,46,65,41,85,63,65,57,52,44,Network Engineer,Cloud Engineer,AI Engineer,Machine Learning Engineer,IT Support Specialist
all,1,0,0,0,0,0,1,0,0,0,0,0,0,0,1,0,59,57,57,66,86,79,60,56,70,64,Software Developer,Web Developer,Mobile App Developer,Game Developer,Software Tester / QA Engineer
all,0,0,0,0,1,0,0,0,0,0,1,1,0,0,0,1,89,78,73,57,71,77,79,80,81,40,Accountant,Chartered Accountant (CA),Marketing Manager,Human Resource Manager,Operations Manager
all,0,1,0,0,0,0,1,0,1,1,0,0,0,0,0,0,84,75,51,54,70,78,72,53,63,65,Software Developer,Web Developer,Mobile App Developer,Network Engineer,Cloud Engineer
Marine,0,0,0,0,0,1,1,0,0,0,0,1,0,0,0,0,53,56,65,69,56,41,71,71,56,72,Ship Captain,Marine Engineer,Marine Biologist,Naval Architect,Oceanographer
Education,0,1,1,0,0,0,0,0,0,0,0,0,0,0,0,0,54,59,66,53,64,37,70,59,68,77,College Lecturer,Academic Counselor,Education Consultant,Librarian,Online Course Instructor
all,0,1,0,0,0,0,0,0,0,0,1,0,0,0,0,0,55,77,52,47,76,59,77,50,64,58,Network Engineer,Cloud Engineer,AI Engineer,Machine Learning Engineer,DevOps Engineer
Law & Government,0,0,0,0,0,0,0,0,0,0,0,1,1,1,0,0,51,52,90,83,33,65,54,85,34,74,Social Welfare Officer,Lawyer / Advocate,Judge,Legal Advisor,Public Prosecutor
all,0,1,1,0,1,0,0,0,0,0,0,0,0,0,0,0,83,88,65,77,44,58,95,72,55,76,IT Project Manager,Public Relations Manager,Training Manager,Accountant,Chartered Accountant (CA)
all,0,0,1,1,0,1,0,0,0,0,0,0,0,0,0,1,91,72,58,50,90,98,56,69,82,52,Animator,Film Director,Video Editor,Journalist,Content Writer
Space Science,1,0,0,0,0,0,0,0,0,0,0,1,1,0,0,0,71,67,64,47,65,67,88,54,46,34,Space Scientist,ISRO Scientist,DRDO Scientist,Astronomer,Aerospace Engineer
Business & Finance,1,0,0,1,0,0,0,0,0,0,0,0,0,0,0,1,75,69,77,72,76,86,64,78,75,79,Accountant,Chartered Accountant (CA),Marketing Manager,Human Resource Manager,Operations Manager
all,0,0,1,0,0,0,0,0,0,1,1,0,0,0,0,0,89,53,70,74,64,70,79,79,42,66,IT Project Manager,Training Manager,Accountant,Chartered Accountant (CA),Marketing Manager
all,0,0,0,0,0,0,1,0,1,1,0,0,0,1,0,0,64,61,93,84,73,74,34,81,81,100,Social Worker,School Teacher,Professor,Special Education Teacher,Social Welfare Officer
Engineering,0,0,0,0,0,0,0,1,1,0,1,0,0,1,0,0,72,74,76,56,64,76,71,79,67,44,Civil Engineer,Mechanical Engineer,Electrical Engineer,Electronics Engineer,Chemical Engineer
Sports / Fitness,1,1,0,0,0,0,0,0,0,1,0,0,0,0,0,0,77,51,74,53,38,63,67,76,38,93,Sports Coach,Fitness Trainer,Yoga Instructor,Sports Physiotherapist,Sports Psychologist
all,1,0,0,0,0,0,1,0,0,1,0,0,0,0,1,0,63,73,58,68,66,57,85,40,78,69,Network Engineer,Cloud Engineer,AI Engineer,Machine Learning Engineer,DevOps Engineer
all,0,0,0,0,0,0,1,1,0,0,0,0,0,0,0,0,85,60,70,53,55,85,82,64,62,75,IT Project Manager,Training Manager,Accountant,Chartered Accountant (CA),Marketing Manager
all,0,0,0,0,0,1,1,0,0,0,0,1,0,0,1,0,65,94,100,86,83,49,73,96,100,70,Public Relations Manager,IT Project Manager,Training Manager,Accountant,Chartered Accountant (CA)
Engineering,1,0,0,0,0,0,0,0,0,1,1,0,0,1,0,0,73,71,61,50,65,77,74,59,55,71,Civil Engineer,Mechanical Engineer,Electrical Engineer,Electronics Engineer,Chemical Engineer
all,0,0,1,0,0,0,1,1,0,0,1,0,0,0,0,0,44,46,81,70,31,68,81,71,24,77,IT Project Manager,Training Manager,Accountant,Chartered Accountant (CA),Marketing Manager
Forensics,0,1,1,1,0,0,0,0,0,0,1,0,0,0,0,0,53,38,68,64,53,69,44,52,60,34,Criminologist,Forensic Scientist,Crime Scene Investigator,Forensic Psychologist,Digital Forensics Analyst
Design,0,0,0,0,0,0,0,0,1,0,0,1,0,0,1,0,59,35,69,75,82,71,46,68,86,71,Architect,Urban Planner,Interior Designer,Industrial Designer,Graphic Designer
all,1,0,0,0,0,0,0,0,0,0,0,0,1,1,0,0,87,70,33,67,93,86,80,46,70,54,Software Developer,Web Developer,Mobile App Developer,Network Engineer,Cloud Engineer
all,0,0,1,0,0,0,0,0,1,1,0,0,0,0,0,0,50,56,68,90,72,58,29,80,87,65,Graphic Designer,Fashion Designer,Interior Designer,Social Media Manager,VFX Artist
Space Science,0,1,0,0,0,0,0,0,0,0,0,0,0,1,1,0,95,86,85,89,83,83,89,73,69,60,Space Scientist,ISRO Scientist,DRDO Scientist,Astronomer,Aerospace Engineer
all,0,0,0,0,0,0,0,0,0,1,1,0,1,0,0,0,81,100,60,63,80,87,74,52,85,43,Software Developer,Web Developer,Mobile App Developer,Game Developer,Software Tester / QA Engineer
Engineering,0,0,0,0,0,0,1,0,0,0,1,1,0,0,0,0,76,65,91,47,74,66,77,76,62,31,Civil Engineer,Mechanical Engineer,Electrical Engineer,Electronics Engineer,Chemical Engineer
Defense,0,0,0,0,0,0,0,0,0,1,1,0,1,0,0,0,68,79,49,64,52,62,76,53,63,80,Navy Officer,Army Officer,Air Force Officer,Defense Scientist,Coast Guard Officer
Hospitality,0,1,0,0,0,0,0,1,0,0,0,0,0,0,0,0,80,73,75,77,50,67,57,76,53,73,Hotel Manager,Event Manager,Airline Manager,Wedding Planner,NGO Program Manager
Fashion,0,0,0,1,0,0,0,0,0,0,0,0,0,1,1,0,48,79,55,67,73,44,49,63,98,69,Fashion Designer,Textile Designer,Makeup Artist,Cosmetologist,Fashion Stylist
all,0,0,1,0,0,1,0,0,0,0,0,0,0,0,0,0,69,87,86,70,71,90,85,79,68,39,Data Analyst,Data Scientist,Cybersecurity Analyst,Database Administrator,Systems Analyst
all,0,0,1,1,0,0,0,0,0,0,0,0,0,1,1,0,66,60,51,86,81,68,54,78,54,96,IT Project Manager,Public Relations Manager,Doctor,Nurse,Pharmacist
Biotech,0,0,0,0,0,0,0,1,1,0,1,0,0,1,0,0,79,57,36,60,88,98,47,40,59,60,Food Technologist,Biotechnologist,Microbiologist,Geneticist,Marine Biologist
Defense,0,0,0,0,0,0,1,0,0,1,0,0,1,0,0,1,73,64,68,41,56,82,75,65,46,59,Defense Scientist,Navy Officer,Army Officer,Air Force Officer,Coast Guard Officer
Sports / Fitness,0,0,0,0,0,1,1,0,0,1,1,0,0,0,0,0,83,66,64,73,98,92,87,58,97,89,Sports Coach,Fitness Trainer,Yoga Instructor,Sports Physiotherapist,Sports Psychologist
all,0,0,0,0,0,0,1,0,0,0,0,1,0,0,1,0,82,81,86,72,100,78,80,77,91,70,IT Project Manager,Training Manager,Accountant,Chartered Accountant (CA),Marketing Manager
all,1,0,0,0,0,0,0,0,0,0,0,1,0,0,0,0,74,59,58,83,63,90,61,64,41,87,IT Project Manager,Doctor,Nurse,Pharmacist,Medical Lab Technologist
all,0,0,0,0,0,0,0,0,0,1,0,0,0,0,0,1,62,74,56,72,50,52,78,65,48,68,Accountant,Chartered Accountant (CA),Marketing Manager,Human Resource Manager,Operations Manager
Aviation,0,1,0,0,1,0,0,0,0,1,0,0,0,0,0,1,75,56,54,68,44,62,68,63,58,64,Pilot,Commercial Pilot,Air Traffic Controller,Flight Dispatcher,Aircraft Maintenance Engineer
all,0,0,1,0,0,0,0,0,0,0,0,0,0,1,0,0,83,71,66,59,56,73,69,70,77,63,IT Project Manager,Software Developer,Web Developer,Mobile App Developer,Game Developer
Media & Creative,0,0,0,0,0,1,0,0,1,0,0,0,0,0,1,0,47,77,78,79,62,40,54,75,100,72,Graphic Designer,Fashion Designer,Interior Designer,Social Media Manager,VFX Artist
Sports / Fitness,0,0,0,0,0,1,0,0,0,1,0,0,0,0,0,0,51,25,42,62,29,47,56,52,6,72,Sports Coach,Fitness Trainer,Yoga Instructor,Sports Physiotherapist,Sports Psychologist
Fashion,1,0,0,0,0,1,0,1,0,0,0,0,0,1,0,0,50,100,55,51,73,50,42,52,100,77,Fashion Designer,Textile Designer,Makeup Artist,Cosmetologist,Fashion Stylist
all,0,0,0,0,1,1,0,0,0,0,0,0,0,0,0,0,69,83,46,40,93,70,60,44,100,47,Animator,Film Director,Video Editor,Journalist,Content Writer
Law & Government,1,0,1,0,0,0,0,0,0,0,1,0,1,0,0,0,66,58,99,74,47,76,51,78,57,65,Social Welfare Officer,Lawyer / Advocate,Judge,Legal Advisor,Public Prosecutor
Law & Government,0,0,0,1,0,0,0,0,1,1,0,0,1,0,0,0,53,61,66,88,79,84,44,75,65,76,Social Welfare Officer,Lawyer / Advocate,Judge,Legal Advisor,Public Prosecutor
Aviation,0,1,0,1,1,0,0,0,0,0,0,0,1,0,0,0,71,58,60,80,54,77,77,60,36,68,Aircraft Maintenance Engineer,Pilot,Commercial Pilot,Air Traffic Controller,Flight Dispatcher
Defense,0,0,0,0,0,0,1,0,0,1,0,1,0,0,0,0,76,57,60,63,57,85,84,71,51,69,Defense Scientist,Navy Officer,Army Officer,Air Force Officer,Coast Guard Officer
Business & Finance,0,0,1,1,0,1,0,0,0,0,0,0,0,0,0,1,64,71,71,80,77,65,85,78,70,67,Accountant,Chartered Accountant (CA),Marketing Manager,Human Resource Manager,Operations Manager
all,0,1,0,0,1,0,0,0,0,0,0,0,0,0,0,0,50,29,82,100,59,61,40,87,35,77,Social Worker,School Teacher,Professor,Special Education Teacher,Social Welfare Officer
IT & Computer,0,0,0,0,1,0,0,1,0,0,0,0,0,1,0,0,67,62,27,35,59,60,74,28,59,58,Network Engineer,Cloud Engineer,AI Engineer,Machine Learning Engineer,IT Support Specialist
all,0,0,0,0,1,0,0,0,0,0,1,0,0,0,0,0,74,78,72,50,72,78,79,62,66,38,Network Engineer,Cloud Engineer,AI Engineer,Machine Learning Engineer,DevOps Engineer
Engineering,1,0,1,1,0,0,0,0,0,0,0,0,0,0,0,0,87,71,47,45,89,65,95,47,68,42,Civil Engineer,Mechanical Engineer,Electrical Engineer,Electronics Engineer,Chemical Engineer
Science,0,0,0,0,0,0,1,0,0,0,1,0,0,0,0,1,91,70,58,63,81,88,84,68,75,60,Physicist,Chemist,Mathematician,Statistician,Geologist
all,1,0,0,0,1,0,0,0,1,0,0,0,0,1,0,0,70,77,79,43,75,80,90,68,52,43,Data Analyst,Data Scientist,Cybersecurity Analyst,Network Engineer,Cloud Engineer
Engineering,0,1,0,0,0,1,0,0,0,0,1,0,0,1,0,0,62,77,24,34,55,65,78,37,76,53,Civil Engineer,Mechanical Engineer,Electrical Engineer,Electronics Engineer,Chemical Engineer
all,0,0,1,0,0,0,0,0,0,0,1,0,0,1,0,0,42,36,64,70,59,61,63,64,50,75,IT Project Manager,IT Support Specialist,Technical Consultant,Ethical Hacker,Game Tester
Biotech,0,1,0,0,0,0,0,1,0,0,0,0,0,1,0,0,64,60,64,79,48,61,58,62,57,65,Food Technologist,Biotechnologist,Microbiologist,Geneticist,Marine Biologist
all,0,0,1,1,0,0,0,0,0,0,0,0,0,0,0,0,68,54,61,58,68,91,79,51,72,69,Public Relations Manager,Software Developer,Web Developer,Mobile App Developer,Network Engineer
all,0,0,0,0,1,0,1,0,0,0,0,0,0,0,0,0,62,63,68,68,91,72,45,57,100,55,Graphic Designer,Fashion Designer,Interior Designer,Social Media Manager,VFX Artist
all,0,0,1,0,0,0,0,0,1,0,0,0,1,0,0,0,90,62,79,94,92,95,79,89,62,74,Accountant,Chartered Accountant (CA),Marketing Manager,Human Resource Manager,Operations Manager
Defense,0,0,0,0,0,0,1,0,0,1,0,0,0,0,1,0,44,52,68,60,59,70,73,74,45,67,Navy Officer,Army Officer,Air Force Officer,Defense Scientist,Coast Guard Officer
Space Science,1,0,0,0,0,0,0,1,0,0,1,1,0,0,0,0,82,70,62,69,93,85,82,59,78,70,Space Scientist,ISRO Scientist,DRDO Scientist,Astronomer,Aerospace Engineer
all,0,1,0,0,0,0,1,0,0,0,0,1,0,0,0,0,68,59,79,80,70,82,65,76,44,84,IT Project Manager,Doctor,Nurse,Pharmacist,Medical Lab Technologist
Design,0,0,0,0,0,1,1,0,0,0,0,0,0,0,0,0,62,70,69,62,70,86,56,65,98,72,Architect,Urban Planner,Interior Designer,Industrial Designer,Graphic Designer
all,0,0,1,0,0,0,0,0,0,0,1,0,1,0,0,0,79,46,97,89,54,71,70,85,42,87,Accountant,Chartered Accountant (CA),Marketing Manager,Human Resource Manager,Operations Manager
Healthcare,0,0,0,0,0,0,0,0,1,0,1,1,0,0,0,0,81,85,81,78,73,63,80,79,66,80,Doctor,Nurse,Pharmacist,Medical Lab Technologist,Medical Researcher
Fashion,1,0,0,0,0,1,0,1,0,0,0,0,0,1,0,0,39,68,73,68,53,50,59,68,73,63,Cosmetologist,Fashion Designer,Textile Designer,Makeup Artist,Fashion Stylist
all,0,0,1,1,0,0,0,0,0,0,1,0,0,1,0,0,80,85,59,76,70,72,87,60,69,58,Network Engineer,Cloud Engineer,AI Engineer,Machine Learning Engineer,DevOps Engineer
all,0,0,1,0,0,1,0,0,1,0,0,0,0,0,1,0,42,77,92,65,81,53,45,84,83,53,Graphic Designer,Animator,Film Director,Video Editor,Journalist
all,0,1,0,0,1,0,0,0,0,0,1,0,0,0,0,0,69,75,50,70,94,75,65,64,100,63,Software Developer,Web Developer,Mobile App Developer,Game Developer,Software Tester / QA Engineer
all,1,1,0,0,0,0,0,0,0,0,0,0,0,0,0,0,100,77,79,24,85,90,84,67,75,23,Data Analyst,Data Scientist,Cybersecurity Analyst,Database Administrator,Systems Analyst
Marine,0,0,0,0,0,1,0,0,0,1,0,0,0,1,0,0,41,73,54,52,58,57,60,53,80,60,Ship Captain,Marine Engineer,Marine Biologist,Naval Architect,Oceanographer
Sports / Fitness,0,0,0,0,0,0,1,0,0,1,0,1,0,0,0,0,59,39,85,93,69,69,54,88,58,84,Sports Coach,Fitness Trainer,Yoga Instructor,Sports Physiotherapist,Sports Psychologist
Design,0,0,0,0,0,1,0,0,1,0,0,0,1,0,1,0,60,68,69,73,81,67,69,58,84,71,Architect,Urban Planner,Interior Designer,Industrial Designer,Graphic Designer
Aviation,1,1,0,0,0,0,1,0,0,1,0,0,0,0,0,0,75,84,88,60,52,69,77,70,41,69,Aircraft Maintenance Engineer,Pilot,Commercial Pilot,Air Traffic Controller,Flight Dispatcher
Defense,0,0,0,0,0,0,1,0,0,0,0,0,0,1,0,0,90,69,37,73,75,78,69,49,55,88,Navy Officer,Army Officer,Air Force Officer,Defense Scientist,Coast Guard Officer
Law & Government,0,0,0,1,0,0,0,0,1,0,0,0,1,0,0,0,79,63,100,89,94,87,58,100,80,65,Social Welfare Officer,Lawyer / Advocate,Judge,Legal Advisor,Public Prosecutor
Law & Government,0,0,1,0,0,0,0,0,0,1,0,0,1,0,0,0,75,61,51,57,66,80,68,55,53,81,Lawyer / Advocate,Judge,Legal Advisor,Public Prosecutor,Civil Services Officer
Research,0,0,1,0,1,0,0,0,0,0,0,0,0,0,0,0,90,65,71,44,89,94,77,83,55,53,Research Scientist,Data Scientist,Research Analyst,Laboratory Researcher,Scientific Writer
all,0,0,0,0,0,0,1,0,0,1,0,0,1,0,1,0,63,82,72,59,73,74,77,56,73,53,Network Engineer,Cloud Engineer,AI Engineer,Machine Learning Engineer,DevOps Engineer
all,0,0,0,0,0,0,0,1,1,0,0,0,0,0,1,0,61,79,59,55,100,66,58,65,89,64,Animator,Film Director,Video Editor,Journalist,Content Writer
Design,0,0,0,0,0,1,1,0,0,0,0,0,0,0,1,0,55,53,99,83,64,59,53,91,70,60,Architect,Urban Planner,Interior Designer,Industrial Designer,Graphic Designer
all,0,0,1,0,0,0,0,0,0,0,0,1,0,0,1,0,58,54,73,79,45,57,59,68,41,79,Doctor,Nurse,Pharmacist,Medical Lab Technologist,Medical Researcher
all,0,0,1,0,1,0,0,0,0,0,1,0,0,1,0,0,70,52,41,73,60,82,77,73,55,75,IT Project Manager,Public Relations Manager,Training Manager,Accountant,Chartered Accountant (CA)
IT & Computer,0,0,0,0,0,0,0,0,0,0,1,0,0,1,0,0,86,81,22,49,99,77,91,32,84,41,Network Engineer,Cloud Engineer,AI Engineer,Machine Learning Engineer,DevOps Engineer
all,0,1,0,1,0,0,0,0,0,0,1,1,0,0,0,0,69,62,91,45,81,84,58,74,73,38,Software Developer,Web Developer,Mobile App Developer,Game Developer,Software Tester / QA Engineer
all,0,0,0,0,0,0,0,1,0,0,0,0,1,0,0,1,69,57,63,89,75,99,55,68,44,67,Accountant,Chartered Accountant (CA),Marketing Manager,Human Resource Manager,Operations Manager
Sports / Fitness,0,0,0,1,0,0,1,0,1,0,0,0,0,0,0,0,40,52,70,64,56,53,57,70,43,72,Sports Coach,Fitness Trainer,Yoga Instructor,Sports Physiotherapist,Sports Psychologist
Aviation,0,0,0,0,0,0,0,1,0,1,0,0,0,1,1,0,81,69,80,85,85,72,80,81,82,71,Aircraft Maintenance Engineer,Pilot,Commercial Pilot,Air Traffic Controller,Flight Dispatcher
all,1,0,1,0,0,0,1,1,0,0,0,0,0,0,0,0,41,74,90,63,45,53,65,91,56,71,IT Project Manager,Social Worker,School Teacher,Professor,Special Education Teacher
Hospitality,0,0,0,1,0,0,0,1,0,0,0,0,0,0,1,0,41,39,60,84,61,48,45,67,76,91,Wedding Planner,Hotel Manager,Event Manager,Airline Manager,NGO Program Manager
Hospitality,0,1,0,0,0,0,0,0,0,1,1,0,0,0,0,0,72,61,69,85,62,68,64,74,53,96,Hotel Manager,Event Manager,Airline Manager,Wedding Planner,NGO Program Manager
all,0,0,0,0,0,1,0,0,0,1,1,0,1,0,0,0,78,75,58,78,87,63,65,59,83,86,Accountant,Chartered Accountant (CA),Marketing Manager,Human Resource Manager,Operations Manager
Law & Government,0,0,0,0,0,0,0,1,1,0,0,0,1,0,0,0,62,63,92,52,98,100,57,84,86,53,Social Welfare Officer,Lawyer / Advocate,Judge,Legal Advisor,Public Prosecutor
Engineering,1,0,0,1,0,0,0,0,0,0,0,0,0,1,0,1,77,97,41,88,69,49,99,54,68,76,Civil Engineer,Mechanical Engineer,Electrical Engineer,Electronics Engineer,Chemical Engineer
Space Science,0,0,0,0,0,0,0,0,0,1,1,0,0,1,0,0,83,82,31,43,85,75,90,41,68,46,Space Scientist,ISRO Scientist,DRDO Scientist,Astronomer,Aerospace Engineer
Healthcare,0,1,0,1,0,0,0,0,0,0,0,1,0,0,0,0,65,72,74,73,81,72,64,77,71,76,Doctor,Nurse,Pharmacist,Medical Lab Technologist,Medical Researcher
Biotech,1,0,1,0,0,0,0,1,0,0,1,0,0,0,0,0,71,71,59,73,82,84,78,76,50,90,Tourism Manager,Real Estate Manager,Biomedical Engineer,Agricultural Scientist,Environmental Scientist
all,0,0,0,0,1,0,0,1,0,0,0,0,0,0,1,0,81,94,82,71,75,67,86,62,70,86,Public Relations Manager,IT Project Manager,Training Manager,Accountant,Chartered Accountant (CA)
Science,0,0,1,0,0,0,0,0,1,0,1,1,0,0,0,0,84,68,52,49,72,72,82,49,67,32,Physicist,Chemist,Mathematician,Statistician,Geologist
all,0,0,0,0,0,0,1,0,0,1,0,0,0,0,0,0,70,56,62,72,63,64,38,48,56,84,Social Worker,School Teacher,Professor,Special Education Teacher,Social Welfare Officer
Fashion,0,0,0,0,0,0,0,0,1,0,0,1,0,0,0,0,41,50,72,75,88,54,44,65,83,91,Fashion Designer,Textile Designer,Makeup Artist,Cosmetologist,Fashion Stylist
Education,0,0,1,0,0,0,0,0,0,0,0,1,0,0,0,0,48,51,83,74,58,59,45,85,78,76,School Teacher,Professor,Special Education Teacher,Training Manager,College Lecturer
all,0,1,0,0,0,0,0,0,0,0,1,0,0,0,0,0,74,82,50,64,52,75,98,59,55,48,Network Engineer,Cloud Engineer,AI Engineer,Machine Learning Engineer,DevOps Engineer
all,0,1,0,0,0,0,0,0,0,0,1,0,0,1,0,0,81,91,67,58,79,84,77,66,72,50,Software Developer,Web Developer,Mobile App Developer,Network Engineer,Cloud Engineer
Law & Government,0,0,0,1,1,0,0,1,0,0,0,0,1,0,0,0,50,71,72,66,73,68,55,74,66,62,Lawyer / Advocate,Judge,Legal Advisor,Public Prosecutor,Civil Services Officer
Research,0,1,0,0,0,0,0,0,0,0,1,0,0,0,0,0,76,82,86,83,97,87,90,90,75,70,Research Scientist,Data Scientist,Research Analyst,Laboratory Researcher,Scientific Writer
IT & Computer,0,0,1,0,0,0,0,0,0,0,1,0,0,1,0,0,80,69,54,48,89,100,57,68,76,49,Software Developer,Web Developer,Mobile App Developer,Game Developer,Software Tester / QA Engineer
Design,0,0,1,0,0,0,0,0,0,1,1,0,0,0,1,0,47,78,53,55,50,44,60,48,78,52,Architect,Urban Planner,Interior Designer,Industrial Designer,Graphic Designer
all,0,0,0,1,0,0,0,0,0,0,0,0,0,0,1,0,67,63,79,88,62,65,64,87,67,84,Public Relations Manager,Doctor,Nurse,Pharmacist,Medical Lab Technologist
all,0,0,0,0,1,1,0,1,0,0,0,1,0,0,0,0,58,39,63,73,58,32,65,72,54,72,Public Relations Manager,Animator,Film Director,Video Editor,Journalist
Hospitality,0,0,0,0,1,0,0,1,0,0,0,0,0,0,1,0,25,64,60,67,46,12,50,66,79,78,Wedding Planner,Hotel Manager,Event Manager,Airline Manager,NGO Program Manager
Fashion,0,0,0,0,0,1,0,1,1,0,0,0,1,0,0,0,55,57,82,81,61,61,26,71,78,61,Fashion Designer,Textile Designer,Makeup Artist,Cosmetologist,Fashion Stylist
Design,0,0,0,0,0,0,0,0,0,0,0,0,0,0,1,1,64,66,74,62,76,64,36,61,87,58,Interior Designer,Industrial Designer,Graphic Designer,Architect,Urban Planner
all,0,1,1,0,0,0,0,1,0,0,0,1,0,0,0,0,54,52,61,81,58,82,63,75,35,63,IT Project Manager,Doctor,Nurse,Pharmacist,Medical Lab Technologist
all,0,0,0,1,0,0,0,0,0,1,0,0,0,0,0,0,32,64,52,71,57,43,44,57,83,90,Graphic Designer,Fashion Designer,Interior Designer,Social Media Manager,VFX Artist
all,0,0,1,0,1,0,0,0,0,0,1,0,0,0,0,0,64,83,57,53,87,82,85,53,87,48,Network Engineer,Cloud Engineer,AI Engineer,Machine Learning Engineer,DevOps Engineer
Media & Creative,0,0,0,0,1,1,0,0,0,0,0,0,0,0,0,1,80,86,67,83,59,63,80,73,84,85,Public Relations Manager,Animator,Film Director,Video Editor,Journalist
Hospitality,0,0,0,0,1,0,0,1,0,0,0,0,0,0,1,0,62,79,84,75,64,59,67,77,55,85,Hotel Manager,Event Manager,Airline Manager,Wedding Planner,NGO Program Manager
Fashion,0,1,0,0,0,0,0,0,1,0,0,0,0,0,0,0,62,79,67,61,39,47,64,82,83,63,Cosmetologist,Fashion Designer,Textile Designer,Makeup Artist,Fashion Stylist
all,0,0,0,0,0,0,0,1,0,0,0,0,1,0,1,0,57,82,79,48,50,63,70,61,45,45,Investment Banker,Auditor,Management Consultant,Banking Officer,Digital Marketing Specialist
all,0,0,0,1,0,0,0,0,1,1,0,0,0,0,0,0,63,58,46,48,70,57,75,52,80,100,Animator,Film Director,Video Editor,Journalist,Content Writer
all,0,0,1,0,0,1,0,0,0,0,0,0,0,0,0,0,71,57,88,61,85,93,84,93,65,34,Data Analyst,Data Scientist,Cybersecurity Analyst,Database Administrator,Systems Analyst
all,0,1,0,0,1,0,0,0,0,1,0,0,0,1,0,0,45,61,65,97,71,61,51,76,90,98,IT Project Manager,UI/UX Designer,IT Support Specialist,Technical Consultant,Ethical Hacker
Fashion,0,0,0,0,0,0,0,0,1,0,0,1,0,0,1,0,62,52,82,60,80,71,43,76,90,55,Fashion Designer,Textile Designer,Makeup Artist,Cosmetologist,Fashion Stylist
Biotech,0,0,0,0,0,0,1,1,0,0,1,0,0,0,0,0,100,70,51,89,76,96,87,61,79,89,Agricultural Scientist,Environmental Scientist,Biomedical Engineer,Tourism Manager,Real Estate Manager
all,0,1,0,0,0,0,0,0,0,0,1,0,1,0,0,1,76,71,53,64,53,77,64,64,55,73,Accountant,Chartered Accountant (CA),Marketing Manager,Human Resource Manager,Operations Manager
Sports / Fitness,0,0,0,1,0,0,1,0,0,0,0,0,1,0,0,0,68,44,59,72,50,66,48,55,56,90,Sports Coach,Fitness Trainer,Yoga Instructor,Sports Physiotherapist,Sports Psychologist
all,1,0,0,0,0,0,1,0,0,0,0,0,0,1,0,0,75,71,96,94,59,82,73,89,53,78,IT Project Manager,Network Engineer,Cloud Engineer,AI Engineer,Machine Learning Engineer
Defense,0,0,0,0,0,0,1,0,0,1,0,0,0,1,0,0,64,45,39,53,45,78,66,41,38,87,Navy Officer,Army Officer,Air Force Officer,Defense Scientist,Coast Guard Officer
all,0,0,0,0,0,0,0,0,0,0,1,1,1,1,0,0,76,41,80,82,46,82,69,83,49,57,IT Project Manager,Accountant,Chartered Accountant (CA),Marketing Manager,Human Resource Manager
Engineering,0,0,1,0,0,0,0,0,1,0,1,0,1,0,0,0,75,71,51,44,67,78,71,54,60,45,Civil Engineer,Mechanical Engineer,Electrical Engineer,Electronics Engineer,Chemical Engineer
Forensics,0,1,0,0,0,0,0,0,0,0,1,0,0,0,0,0,79,63,50,58,73,95,72,63,62,46,Forensic Scientist,Criminologist,Crime Scene Investigator,Forensic Psychologist,Digital Forensics Analyst
all,0,0,0,1,0,0,0,0,1,0,0,0,0,0,0,0,34,76,45,63,69,36,42,59,100,82,Graphic Designer,Fashion Designer,Interior Designer,Social Media Manager,VFX Artist
Forensics,1,0,1,0,0,0,0,0,0,1,0,0,0,0,0,1,44,67,75,66,70,71,71,70,69,71,Criminologist,Forensic Scientist,Crime Scene Investigator,Forensic Psychologist,Digital Forensics Analyst
all,1,1,0,1,0,0,0,0,0,0,0,1,0,0,0,0,64,42,67,62,40,75,64,48,26,54,Network Engineer,Cloud Engineer,AI Engineer,Machine Learning Engineer,DevOps Engineer
all,0,0,0,0,1,0,1,0,0,1,0,0,0,0,0,0,63,52,29,61,89,69,53,39,76,63,Animator,Film Director,Video Editor,Journalist,Content Writer
all,1,0,1,0,0,0,0,0,0,0,1,0,0,0,0,0,65,90,86,55,60,67,93,75,70,49,IT Project Manager,Network Engineer,Cloud Engineer,AI Engineer,Machine Learning Engineer
all,0,0,1,0,0,0,1,1,0,0,0,0,0,0,0,0,53,43,74,72,82,67,59,72,61,83,Doctor,Nurse,Pharmacist,Medical Lab Technologist,Medical Researcher
all,0,0,1,0,0,1,0,0,0,0,1,0,0,0,0,0,83,62,82,76,70,93,68,81,49,83,Public Relations Manager,Doctor,Nurse,Pharmacist,Medical Lab Technologist
Fashion,0,0,1,0,0,0,0,0,1,0,0,0,0,0,1,0,40,75,53,73,70,50,50,58,80,90,Cosmetologist,Fashion Designer,Textile Designer,Makeup Artist,Fashion Stylist
IT & Computer,1,1,0,0,0,0,0,0,0,0,0,1,1,0,0,0,85,84,42,68,70,95,80,47,77,88,Network Engineer,Cloud Engineer,AI Engineer,Machine Learning Engineer,DevOps Engineer
Sports / Fitness,1,0,0,0,0,1,1,0,0,1,0,0,0,0,0,0,87,45,77,75,78,83,57,71,50,70,Sports Coach,Fitness Trainer,Yoga Instructor,Sports Physiotherapist,Sports Psychologist
all,0,0,0,1,1,0,0,0,0,1,0,0,0,0,0,0,82,79,62,71,71,80,81,60,61,69,Public Relations Manager,Network Engineer,Cloud Engineer,AI Engineer,Machine Learning Engineer
all,0,0,0,1,0,1,1,0,0,0,0,1,0,0,0,0,58,69,68,62,81,75,75,76,86,69,Public Relations Manager,IT Project Manager,Training Manager,Accountant,Chartered Accountant (CA)
all,0,0,1,0,1,1,0,0,0,0,1,0,0,0,0,0,70,74,25,47,93,84,73,31,81,75,Public Relations Manager,Animator,Film Director,Video Editor,Journalist
Business & Finance,0,0,1,0,0,0,0,0,0,0,1,0,1,0,0,0,76,56,68,86,58,69,60,71,60,88,Accountant,Chartered Accountant (CA),Marketing Manager,Human Resource Manager,Operations Manager
Media & Creative,0,1,0,0,0,1,1,0,1,0,0,0,0,0,0,0,44,75,66,70,77,46,58,66,100,71,Graphic Designer,Fashion Designer,Interior Designer,Social Media Manager,VFX Artist
Space Science,1,0,0,0,0,0,0,0,1,0,0,0,0,1,0,0,77,83,46,42,83,87,87,38,66,57,Space Scientist,ISRO Scientist,DRDO Scientist,Astronomer,Aerospace Engineer
all,0,1,0,0,0,1,0,0,0,0,0,0,0,0,1,1,55,57,79,65,66,61,33,71,91,87,UI/UX Designer,Graphic Designer,Fashion Designer,Interior Designer,Social Media Manager
Healthcare,1,0,0,0,0,0,1,0,0,0,0,1,0,0,0,0,65,56,53,73,62,69,73,69,46,92,Doctor,Nurse,Pharmacist,Medical Lab Technologist,Medical Researcher
Hospitality,0,0,0,0,1,0,0,1,0,1,0,0,0,0,0,0,77,62,78,92,63,67,70,92,64,83,Hotel Manager,Event Manager,Airline Manager,NGO Program Manager,Wedding Planner
Fashion,0,0,0,0,0,1,0,0,0,1,0,0,0,0,1,0,61,53,66,70,99,61,44,71,99,69,Fashion Designer,Textile Designer,Makeup Artist,Cosmetologist,Fashion Stylist
all,1,1,0,0,0,0,0,0,0,0,1,0,0,0,0,0,90,68,26,36,97,80,93,49,80,55,Network Engineer,Cloud Engineer,AI Engineer,Machine Learning Engineer,DevOps Engineer
Business & Finance,0,0,1,0,0,0,0,0,0,0,0,0,1,1,0,0,72,65,66,77,81,83,70,61,52,77,Accountant,Chartered Accountant (CA),Marketing Manager,Human Resource Manager,Operations Manager
all,0,0,1,1,0,0,0,1,0,0,0,0,0,0,0,0,74,54,57,66,67,90,59,76,71,60,Public Relations Manager,Animator,Film Director,Video Editor,Journalist
all,0,1,0,1,1,0,0,0,0,0,0,1,0,0,0,0,79,49,96,91,82,69,52,84,80,65,Public Relations Manager,Animator,Film Director,Video Editor,Journalist
all,0,0,0,0,0,0,0,0,0,0,1,0,1,0,1,0,58,69,82,75,82,76,63,72,50,68,Accountant,Chartered Accountant (CA),Marketing Manager,Human Resource Manager,Operations Manager
Biotech,0,0,0,0,1,1,0,1,0,0,0,0,0,0,0,1,60,65,45,62,48,70,74,57,51,54,Biomedical Engineer,Food Technologist,Biotechnologist,Microbiologist,Geneticist
Hospitality,0,0,0,0,1,0,0,0,0,0,0,0,0,0,0,1,43,37,84,92,68,71,43,81,55,85,Hotel Manager,Event Manager,Airline Manager,Wedding Planner,NGO Program Manager
all,1,1,0,0,0,0,0,0,1,0,0,0,0,1,0,0,65,64,68,55,46,77,69,63,57,52,Software Developer,Web Developer,Mobile App Developer,Data Analyst,Data Scientist
Education,0,0,1,0,0,0,0,1,0,0,0,1,0,0,0,0,83,54,67,76,71,74,75,83,71,85,Training Manager,School Teacher,Professor,Special Education Teacher,Curriculum Developer
all,0,1,0,0,0,0,0,0,0,1,1,0,0,1,0,0,81,84,63,39,66,88,85,59,35,32,Software Developer,Web Developer,Mobile App Developer,Data Analyst,Data Scientist
Media & Creative,0,0,0,1,0,0,0,0,1,0,0,1,0,0,0,0,61,81,68,70,61,48,55,67,79,69,Animator,Film Director,Video Editor,Journalist,Content Writer
all,1,0,0,0,0,0,0,0,0,0,0,0,1,1,0,0,89,68,80,87,71,78,93,74,55,63,IT Project Manager,Network Engineer,Cloud Engineer,AI Engineer,Machine Learning Engineer
all,1,0,1,0,0,0,0,0,1,0,0,0,0,0,1,0,60,100,95,75,83,37,85,96,100,87,IT Project Manager,Public Relations Manager,UI/UX Designer,Social Worker,School Teacher
Marine,0,1,0,0,0,0,1,0,0,1,1,0,0,0,0,0,99,52,94,63,95,79,74,88,74,52,Marine Engineer,Ship Captain,Marine Biologist,Naval Architect,Oceanographer
Hospitality,0,0,0,0,1,0,0,0,1,1,0,0,1,0,0,0,61,60,67,92,65,44,76,72,69,69,Hotel Manager,Event Manager,Airline Manager,Wedding Planner,NGO Program Manager
all,1,1,0,0,0,0,0,0,0,0,0,1,0,0,0,0,62,81,50,54,77,67,66,54,95,34,Software Developer,Web Developer,Mobile App Developer,Game Developer,Software Tester / QA Engineer
Design,0,0,0,0,0,1,0,1,0,0,0,0,0,0,1,0,67,74,39,49,87,73,50,43,90,73,Architect,Urban Planner,Interior Designer,Industrial Designer,Graphic Designer
Healthcare,0,0,0,0,0,0,1,0,1,0,0,1,0,1,0,0,72,46,54,74,51,51,78,55,51,85,Dentist,Physiotherapist,Occupational Therapist,Radiologist,Dietitian
Engineering,0,1,0,0,1,0,0,1,0,0,1,0,0,0,0,0,90,69,63,51,76,74,78,75,85,33,Civil Engineer,Mechanical Engineer,Electrical Engineer,Electronics Engineer,Chemical Engineer
Defense,0,0,1,0,0,0,1,1,0,0,0,0,0,0,0,0,57,61,58,63,47,73,55,61,47,79,Navy Officer,Army Officer,Air Force Officer,Defense Scientist,Coast Guard Officer
all,0,0,0,0,0,0,0,0,0,0,0,1,0,1,1,0,62,82,63,67,83,59,54,65,94,84,UI/UX Designer,IT Support Specialist,Technical Consultant,Ethical Hacker,Game Tester
Defense,0,0,0,0,0,1,1,0,0,0,0,0,0,0,0,0,68,82,64,79,63,63,81,61,74,77,Navy Officer,Army Officer,Air Force Officer,Defense Scientist,Coast Guard Officer
all,0,1,1,1,0,0,0,0,0,1,0,0,0,0,0,0,73,81,59,58,83,92,72,63,79,54,Software Developer,Web Developer,Mobile App Developer,Game Developer,Software Tester / QA Engineer
Engineering,0,0,0,0,0,0,0,0,0,0,1,0,1,1,1,0,92,64,42,28,92,99,74,69,61,50,Civil Engineer,Mechanical Engineer,Electrical Engineer,Electronics Engineer,Chemical Engineer
all,0,1,0,0,0,0,0,0,0,1,0,0,0,0,0,1,82,79,63,61,71,76,85,61,70,80,IT Project Manager,Accountant,Chartered Accountant (CA),Marketing Manager,Human Resource Manager
Forensics,0,0,0,0,1,0,0,0,0,0,1,0,0,0,0,0,64,73,85,89,79,80,70,93,66,79,Forensic Scientist,Criminologist,Crime Scene Investigator,Forensic Psychologist,Digital Forensics Analyst
Science,0,0,0,1,0,0,0,0,0,0,1,0,0,0,0,0,79,55,43,59,62,73,81,41,74,81,Physicist,Chemist,Mathematician,Statistician,Geologist
Fashion,0,0,0,0,0,1,0,0,0,0,1,0,0,0,1,0,56,65,96,99,81,62,58,100,92,85,Fashion Designer,Textile Designer,Makeup Artist,Cosmetologist,Fashion Stylist
Space Science,0,0,0,1,0,0,0,0,0,0,0,1,0,1,0,0,84,98,14,39,85,80,91,27,76,47,Space Scientist,ISRO Scientist,DRDO Scientist,Astronomer,Aerospace Engineer
Defense,0,0,0,0,0,1,0,0,0,1,1,0,0,0,0,0,58,46,58,56,67,67,66,63,79,57,Navy Officer,Army Officer,Air Force Officer,Defense Scientist,Coast Guard Officer
Forensics,0,0,1,0,1,0,1,0,0,0,1,0,0,0,0,0,64,62,75,26,78,79,56,64,87,54,Criminologist,Forensic Scientist,Crime Scene Investigator,Forensic Psychologist,Digital Forensics Analyst
all,1,0,0,1,0,0,0,0,0,1,0,1,0,0,0,0,78,58,73,75,72,74,65,77,52,80,IT Project Manager,Public Relations Manager,Doctor,Nurse,Pharmacist
Fashion,0,0,0,0,0,1,0,0,0,0,0,0,0,1,1,0,63,76,68,69,91,71,66,78,73,85,Cosmetologist,Fashion Designer,Textile Designer,Makeup Artist,Fashion Stylist
all,0,1,0,0,0,0,0,0,0,1,0,0,1,0,0,0,95,45,54,69,72,100,76,68,43,70,IT Project Manager,Accountant,Chartered Accountant (CA),Marketing Manager,Human Resource Manager
Hospitality,0,1,0,0,1,0,1,0,0,1,0,0,0,0,0,0,69,76,86,67,73,49,58,88,76,70,Hotel Manager,Event Manager,Airline Manager,Wedding Planner,NGO Program Manager
all,1,0,0,0,0,0,0,0,0,1,0,0,0,1,0,0,72,58,79,50,54,78,61,71,58,48,Software Developer,Web Developer,Mobile App Developer,Game Developer,Software Tester / QA Engineer
all,0,0,1,0,1,0,0,0,0,0,0,0,1,0,0,1,64,66,71,55,34,61,67,78,47,70,Accountant,Chartered Accountant (CA),Marketing Manager,Human Resource Manager,Operations Manager
Marine,1,0,0,0,0,0,1,0,0,1,0,0,0,0,0,0,70,81,66,76,53,65,83,70,62,59,Marine Engineer,Ship Captain,Marine Biologist,Naval Architect,Oceanographer
Hospitality,0,1,0,0,0,0,0,1,0,1,0,0,0,0,0,1,84,82,78,79,76,68,73,71,58,81,Hotel Manager,Event Manager,Airline Manager,NGO Program Manager,Wedding Planner
Fashion,0,0,0,0,0,0,1,0,1,0,1,0,0,0,0,0,45,54,70,60,73,55,16,67,81,83,Fashion Designer,Textile Designer,Makeup Artist,Cosmetologist,Fashion Stylist
all,0,0,1,0,0,0,0,0,0,1,1,0,0,0,1,0,83,85,73,71,63,70,86,64,60,82,IT Project Manager,Training Manager,Accountant,Chartered Accountant (CA),Marketing Manager
Design,1,0,0,1,0,0,0,0,1,0,0,0,0,0,1,0,51,64,63,55,71,70,35,51,81,54,Architect,Urban Planner,Interior Designer,Industrial Designer,Graphic Designer
Biotech,0,1,0,0,0,0,0,0,0,0,1,0,0,0,0,0,77,57,58,79,73,74,85,67,66,80,Tourism Manager,Real Estate Manager,Biomedical Engineer,Agricultural Scientist,Environmental Scientist
all,0,1,0,0,0,0,1,1,0,0,1,0,0,0,0,0,84,82,81,72,70,56,75,79,78,93,IT Project Manager,Training Manager,Accountant,Chartered Accountant (CA),Marketing Manager
all,0,0,1,0,0,0,1,0,0,0,1,0,0,0,1,0,73,72,91,79,75,83,76,71,62,63,IT Project Manager,Training Manager,Accountant,Chartered Accountant (CA),Marketing Manager
Law & Government,0,0,0,1,0,1,0,0,0,0,0,0,1,0,0,0,81,64,74,77,35,63,75,95,34,78,Social Welfare Officer,Lawyer / Advocate,Judge,Legal Advisor,Public Prosecutor
all,0,0,1,0,0,0,0,0,1,1,1,0,0,0,0,0,74,49,88,73,47,61,70,88,53,82,Public Relations Manager,Social Worker,School Teacher,Professor,Special Education Teacher
Engineering,1,1,0,0,0,0,1,0,0,0,1,0,0,0,0,0,96,60,73,74,71,92,100,57,42,48,Civil Engineer,Mechanical Engineer,Electrical Engineer,Electronics Engineer,Chemical Engineer
Media & Creative,0,0,0,1,1,0,0,0,0,0,0,0,1,0,0,0,57,77,62,78,76,44,74,69,100,61,Graphic Designer,Fashion Designer,Interior Designer,Social Media Manager,VFX Artist
Education,0,0,1,1,0,0,0,0,0,0,0,0,0,0,0,0,93,72,71,74,66,86,57,75,83,86,School Teacher,Professor,Special Education Teacher,Training Manager,Curriculum Developer
all,0,0,0,0,0,0,0,1,0,1,0,0,0,0,0,0,40,72,90,65,68,55,39,78,85,75,Social Worker,School Teacher,Professor,Special Education Teacher,Social Welfare Officer
all,0,1,1,0,0,0,0,0,0,1,0,0,0,0,0,0,73,75,63,55,54,64,80,62,39,52,IT Project Manager,Network Engineer,Cloud Engineer,AI Engineer,Machine Learning Engineer
all,1,0,0,0,0,0,0,1,0,0,1,0,0,0,0,0,94,76,76,58,82,96,92,60,73,50,Data Analyst,Data Scientist,Cybersecurity Analyst,Database Administrator,Systems Analyst
all,0,0,0,1,0,1,0,0,0,0,0,0,1,0,0,1,91,63,98,82,61,91,78,97,61,71,Accountant,Chartered Accountant (CA),Marketing Manager,Human Resource Manager,Operations Manager
Law & Government,0,1,1,0,0,0,0,0,0,0,0,0,1,0,0,0,62,48,71,66,92,68,50,86,56,77,Social Welfare Officer,Lawyer / Advocate,Judge,Legal Advisor,Public Prosecutor
all,0,0,0,0,0,1,0,0,1,0,0,0,0,1,0,0,68,73,70,72,56,68,63,66,62,82,Public Relations Manager,IT Project Manager,Animator,Film Director,Video Editor
Forensics,0,0,1,1,0,0,0,0,0,0,1,0,0,1,0,0,81,63,47,40,68,75,65,57,66,57,Criminologist,Forensic Scientist,Crime Scene Investigator,Forensic Psychologist,Digital Forensics Analyst
all,1,0,0,0,0,0,1,1,0,0,0,1,0,0,0,0,46,34,82,80,32,71,51,74,26,82,Doctor,Nurse,Pharmacist,Medical Lab Technologist,Medical Researcher
Sports / Fitness,0,0,0,0,0,0,0,0,1,1,0,0,0,0,0,0,83,55,80,71,83,75,67,77,62,96,Sports Coach,Fitness Trainer,Yoga Instructor,Sports Physiotherapist,Sports Psychologist
all,0,0,0,0,0,0,1,1,0,0,1,0,0,0,1,0,67,76,73,65,72,71,87,72,66,69,IT Project Manager,Training Manager,Accountant,Chartered Accountant (CA),Marketing Manager
Hospitality,0,0,0,0,0,0,0,0,0,1,0,0,0,0,1,0,50,51,66,67,58,60,39,71,54,83,Wedding Planner,Hotel Manager,Event Manager,Airline Manager,NGO Program Manager
all,1,0,0,0,0,0,1,0,0,0,0,1,0,0,0,0,100,73,70,73,79,94,91,58,63,88,Data Analyst,Data Scientist,Cybersecurity Analyst,Database Administrator,Systems Analyst
all,0,0,0,0,0,0,0,0,0,1,0,0,1,0,0,0,49,60,36,54,59,53,46,60,73,79,Investment Banker,Auditor,Management Consultant,Banking Officer,Digital Marketing Specialist
all,1,0,1,1,0,0,0,0,0,0,1,0,0,0,0,0,74,65,69,63,82,100,54,72,75,51,Software Developer,Web Developer,Mobile App Developer,Game Developer,Software Tester / QA Engineer
Education,0,0,1,0,0,0,0,0,0,0,0,1,0,1,0,0,58,66,86,75,53,58,51,79,69,96,School Teacher,Professor,Special Education Teacher,Training Manager,College Lecturer
all,0,0,0,0,0,0,0,1,0,0,1,0,0,0,0,0,59,75,60,61,78,77,80,61,61,61,Network Engineer,Cloud Engineer,AI Engineer,Machine Learning Engineer,DevOps Engineer
Business & Finance,0,0,1,0,0,0,0,0,1,0,0,0,1,0,0,0,75,57,76,79,58,96,67,66,61,86,Accountant,Chartered Accountant (CA),Marketing Manager,Human Resource Manager,Operations Manager
Design,0,0,0,0,0,0,0,0,1,1,0,0,0,0,0,0,60,71,56,59,71,52,67,68,84,57,Architect,Urban Planner,Interior Designer,Industrial Designer,Graphic Designer
all,0,0,1,1,0,0,0,0,1,1,0,0,0,0,0,0,95,76,49,67,68,77,81,53,54,61,Public Relations Manager,Animator,Film Director,Video Editor,Journalist
Science,0,0,0,0,1,1,0,0,0,0,1,1,0,0,0,0,86,68,99,77,90,94,79,88,66,49,Physicist,Chemist,Mathematician,Statistician,Geologist
Space Science,1,0,0,0,0,0,1,0,0,0,1,0,0,0,0,0,89,75,51,55,67,85,90,56,52,86,Space Scientist,ISRO Scientist,DRDO Scientist,Astronomer,Aerospace Engineer
Sports / Fitness,0,0,0,0,0,0,1,0,0,1,0,0,0,0,1,0,47,62,95,72,71,67,66,87,47,78,Sports Coach,Fitness Trainer,Yoga Instructor,Sports Physiotherapist,Sports Psychologist
all,1,0,0,0,0,1,1,0,0,0,0,0,1,0,0,0,62,89,72,56,69,72,56,59,80,89,IT Support Specialist,IT Project Manager,Technical Consultant,Ethical Hacker,Game Tester
Sports / Fitness,1,1,0,0,0,0,0,0,0,0,0,0,0,0,0,0,42,35,77,79,75,55,36,72,68,88,Sports Coach,Fitness Trainer,Yoga Instructor,Sports Physiotherapist,Sports Psychologist
all,0,0,0,0,0,0,0,1,0,0,0,0,1,0,0,0,72,71,86,90,97,76,50,85,83,81,Social Worker,School Teacher,Professor,Special Education Teacher,Social Welfare Officer
all,0,0,1,0,0,0,0,0,1,0,0,0,0,1,0,1,85,90,78,58,98,64,100,68,100,79,IT Project Manager,Accountant,Chartered Accountant (CA),Marketing Manager,Human Resource Manager
Biotech,1,1,0,0,0,0,0,1,0,0,0,1,0,0,0,0,62,69,79,31,75,78,72,69,67,38,Biomedical Engineer,Agricultural Scientist,Environmental Scientist,Tourism Manager,Real Estate Manager
all,1,0,0,0,1,0,0,0,0,0,0,0,0,1,1,0,63,61,66,61,72,69,72,72,46,63,IT Project Manager,Public Relations Manager,Network Engineer,Cloud Engineer,AI Engineer
all,1,1,0,1,0,0,0,0,0,0,0,0,1,0,0,0,60,73,61,93,67,70,81,66,62,63,IT Project Manager,Network Engineer,Cloud Engineer,AI Engineer,Machine Learning Engineer
Aviation,0,1,0,0,0,0,0,1,0,1,0,0,0,0,0,0,53,64,96,83,52,60,66,93,45,78,Pilot,Commercial Pilot,Air Traffic Controller,Flight Dispatcher,Aircraft Maintenance Engineer
Media & Creative,0,0,0,1,1,0,0,0,0,0,0,0,0,0,0,0,51,82,65,44,61,67,52,71,79,60,Animator,Film Director,Video Editor,Journalist,Content Writer
all,0,0,0,0,1,0,0,1,0,0,0,0,0,1,0,0,68,66,80,67,49,69,77,82,53,75,IT Project Manager,Public Relations Manager,Training Manager,Accountant,Chartered Accountant (CA)
all,1,0,1,0,0,0,0,0,0,0,1,0,0,0,0,0,43,52,49,63,39,30,67,41,57,91,IT Support Specialist,Technical Consultant,Ethical Hacker,Game Tester,Esports Player
Education,0,0,0,1,0,0,1,0,0,0,0,1,0,0,0,0,70,67,81,72,74,71,60,67,59,70,Training Manager,School Teacher,College Lecturer,Professor,Special Education Teacher
Media & Creative,0,0,0,0,1,0,1,0,0,0,0,0,0,1,0,0,67,78,82,85,63,75,70,85,91,93,Public Relations Manager,Graphic Designer,Animator,Film Director,Video Editor
all,1,0,1,0,0,0,0,0,0,0,0,0,0,1,0,0,61,80,62,49,61,54,77,60,68,52,IT Support Specialist,Technical Consultant,Ethical Hacker,Game Tester,Esports Player
all,0,0,1,0,0,0,0,0,1,0,0,0,0,0,0,0,100,89,71,77,93,100,74,74,74,70,Public Relations Manager,IT Project Manager,Training Manager,Accountant,Chartered Accountant (CA)
all,0,0,0,0,0,0,0,1,0,0,0,1,0,0,1,0,88,89,59,65,55,67,100,65,61,68,IT Project Manager,Training Manager,Accountant,Chartered Accountant (CA),Marketing Manager
Research,0,0,0,1,1,0,0,0,0,1,1,0,0,0,0,0,82,71,87,54,77,83,93,88,78,43,Research Scientist,Data Scientist,Research Analyst,Laboratory Researcher,Scientific Writer
Media & Creative,0,0,0,0,0,1,0,0,0,0,0,0,0,1,0,0,63,53,57,66,77,72,34,56,85,74,Graphic Designer,Fashion Designer,Interior Designer,Social Media Manager,VFX Artist
all,0,0,0,1,0,0,1,1,0,0,0,0,0,1,0,0,60,72,70,69,41,64,59,75,54,73,IT Project Manager,Public Relations Manager,Doctor,Nurse,Pharmacist
all,0,0,1,0,0,0,0,0,0,1,1,0,0,1,0,0,81,100,58,46,67,84,90,58,80,49,Network Engineer,Cloud Engineer,AI Engineer,Machine Learning Engineer,DevOps Engineer
all,0,0,1,1,0,0,0,0,0,0,0,0,0,0,0,0,68,69,85,93,51,57,83,83,45,80,Public Relations Manager,IT Project Manager,Training Manager,Accountant,Chartered Accountant (CA)
all,1,0,0,0,0,1,0,0,0,0,0,1,0,0,0,0,55,92,59,85,79,56,58,66,93,90,UI/UX Designer,IT Support Specialist,Technical Consultant,Ethical Hacker,Game Tester
Research,0,1,1,0,0,0,0,0,0,1,1,0,0,0,0,0,74,79,71,49,80,84,69,60,85,73,Research Scientist,Data Scientist,Research Analyst,Laboratory Researcher,Scientific Writer
Business & Finance,1,1,1,0,0,0,0,0,0,0,0,0,0,0,0,1,50,50,82,94,45,55,70,80,24,87,Accountant,Chartered Accountant (CA),Marketing Manager,Human Resource Manager,Operations Manager
Aviation,0,1,1,0,0,0,0,0,0,1,0,1,0,0,0,0,80,61,73,72,59,69,71,70,49,73,Aircraft Maintenance Engineer,Pilot,Commercial Pilot,Air Traffic Controller,Flight Dispatcher
Science,0,0,1,0,1,0,0,0,0,0,1,0,0,0,0,0,88,80,66,44,53,71,100,46,48,58,Physicist,Chemist,Mathematician,Statistician,Geologist
Design,0,0,0,0,0,1,0,0,0,1,0,0,0,0,0,0,21,59,49,58,55,38,49,51,100,75,Interior Designer,Industrial Designer,Graphic Designer,Architect,Urban Planner
all,0,0,0,0,1,0,1,0,0,0,1,0,0,0,0,0,52,77,85,83,63,47,39,72,74,72,Animator,Film Director,Video Editor,Journalist,Content Writer
Marine,0,0,0,0,0,0,1,1,0,1,0,0,0,0,0,0,91,60,26,71,69,84,78,61,36,65,Marine Engineer,Ship Captain,Marine Biologist,Naval Architect,Oceanographer
Business & Finance,0,1,1,0,0,0,0,0,1,0,0,0,0,0,0,1,88,94,78,81,59,73,85,86,53,88,Accountant,Chartered Accountant (CA),Marketing Manager,Human Resource Manager,Operations Manager
all,0,1,0,0,1,0,1,0,0,0,0,0,0,0,0,0,100,77,57,92,66,72,90,78,70,74,IT Project Manager,Public Relations Manager,Training Manager,Accountant,Chartered Accountant (CA)
all,0,0,0,0,0,1,1,0,1,0,0,0,0,0,0,0,56,57,56,50,36,35,48,54,73,58,Animator,Film Director,Video Editor,Journalist,Content Writer
all,1,0,0,0,0,0,0,1,1,0,0,0,0,0,0,0,59,63,75,84,74,71,58,73,51,75,IT Project Manager,Public Relations Manager,Doctor,Nurse,Pharmacist
Marine,0,1,0,1,0,0,0,0,0,1,0,0,1,0,0,0,62,59,57,72,44,63,87,68,36,97,Marine Engineer,Ship Captain,Marine Biologist,Naval Architect,Oceanographer
Design,0,1,0,0,0,0,0,0,0,0,0,1,1,0,1,0,73,79,67,76,80,78,62,68,82,63,Architect,Urban Planner,Interior Designer,Industrial Designer,Graphic Designer
all,0,0,1,0,0,1,0,0,1,0,1,0,0,0,0,0,100,89,58,55,90,81,85,58,88,55,Public Relations Manager,Network Engineer,Cloud Engineer,AI Engineer,Machine Learning Engineer
Sports / Fitness,1,0,0,0,0,0,0,0,0,1,0,1,0,0,0,0,91,80,98,100,53,63,94,89,70,93,Sports Coach,Fitness Trainer,Yoga Instructor,Sports Physiotherapist,Sports Psychologist
Engineering,1,0,0,0,1,0,0,0,0,0,1,0,0,0,0,0,92,67,49,45,68,76,93,54,59,36,Civil Engineer,Mechanical Engineer,Electrical Engineer,Electronics Engineer,Chemical Engineer
all,0,0,0,1,0,0,0,0,0,0,1,0,0,1,0,0,87,73,86,47,87,87,81,72,72,16,Software Developer,Web Developer,Mobile App Developer,Game Developer,Software Tester / QA Engineer
Engineering,0,0,0,0,0,0,0,0,1,0,0,0,0,1,0,0,69,76,50,62,76,77,68,63,61,83,Civil Engineer,Mechanical Engineer,Electrical Engineer,Electronics Engineer,Chemical Engineer
all,0,0,0,1,0,0,0,0,0,1,1,0,0,0,0,0,100,69,71,67,69,76,78,65,65,55,Public Relations Manager,Network Engineer,Cloud Engineer,AI Engineer,Machine Learning Engineer
all,1,0,0,1,0,0,0,0,0,1,0,0,0,0,0,0,62,61,57,77,45,56,57,68,60,77,IT Support Specialist,Technical Consultant,Ethical Hacker,Game Tester,Esports Player
all,0,1,0,0,1,0,0,0,0,0,0,0,0,0,0,0,61,58,53,88,100,44,66,61,86,88,UI/UX Designer,IT Support Specialist,Technical Consultant,Ethical Hacker,Game Tester
Marine,0,0,0,0,0,0,1,0,1,0,0,0,1,0,0,0,71,28,52,64,50,71,33,54,29,58,Ship Captain,Marine Engineer,Marine Biologist,Naval Architect,Oceanographer
all,0,0,0,0,1,0,1,0,1,0,0,0,1,0,0,0,59,39,100,93,54,42,53,97,73,77,Animator,Film Director,Video Editor,Journalist,Content Writer
all,0,0,1,1,0,1,0,0,0,0,0,0,0,0,1,0,89,84,82,58,90,85,84,74,94,62,Public Relations Manager,IT Project Manager,Training Manager,Accountant,Chartered Accountant (CA)
Law & Government,1,0,1,0,0,0,0,0,0,1,0,0,0,0,0,0,83,62,91,93,57,83,63,90,49,82,Social Welfare Officer,Lawyer / Advocate,Judge,Legal Advisor,Public Prosecutor
Space Science,0,0,0,0,1,0,0,0,0,0,0,0,0,1,0,0,94,68,56,58,77,85,88,55,63,58,Space Scientist,ISRO Scientist,DRDO Scientist,Astronomer,Aerospace Engineer
Fashion,1,0,0,0,0,0,0,0,1,0,0,0,0,0,1,1,46,77,76,77,55,60,70,84,84,74,Cosmetologist,Fashion Designer,Textile Designer,Makeup Artist,Fashion Stylist
all,0,0,1,1,1,0,0,0,0,1,0,0,0,0,0,0,86,78,82,56,100,93,80,74,96,50,Public Relations Manager,Network Engineer,Cloud Engineer,AI Engineer,Machine Learning Engineer
all,0,0,0,0,0,0,0,0,0,1,1,0,0,0,0,0,96,72,81,65,57,77,88,80,46,55,IT Project Manager,Training Manager,Accountant,Chartered Accountant (CA),Marketing Manager
all,0,0,0,0,0,0,0,1,0,0,0,0,1,0,1,0,66,39,72,79,61,73,65,85,55,62,Accountant,Chartered Accountant (CA),Marketing Manager,Human Resource Manager,Operations Manager
IT & Computer,0,0,0,0,0,0,0,0,1,0,1,0,0,1,0,0,66,88,59,65,65,59,79,62,78,64,IT Project Manager,Network Engineer,Cloud Engineer,AI Engineer,Machine Learning Engineer
all,1,0,0,0,0,0,0,0,0,0,0,0,0,0,1,0,56,53,65,74,72,55,49,77,79,56,IT Support Specialist,Technical Consultant,Ethical Hacker,Game Tester,Esports Player
all,1,0,1,0,1,0,0,0,0,0,0,0,0,0,1,0,60,63,77,66,64,83,56,68,77,66,Software Developer,Web Developer,Mobile App Developer,Game Developer,Software Tester / QA Engineer
Forensics,0,0,1,0,0,0,0,0,1,0,0,0,0,0,1,0,57,64,53,53,54,70,79,65,37,36,Forensic Scientist,Criminologist,Crime Scene Investigator,Forensic Psychologist,Digital Forensics Analyst
Forensics,0,0,0,0,0,0,0,1,0,0,1,0,0,0,1,0,65,59,60,43,54,77,58,62,69,46,Criminologist,Forensic Scientist,Crime Scene Investigator,Forensic Psychologist,Digital Forensics Analyst
all,0,0,0,0,0,0,0,1,1,0,1,0,0,0,0,0,62,65,60,36,69,62,42,62,65,53,Animator,Film Director,Video Editor,Journalist,Content Writer
all,1,0,0,0,0,0,0,0,0,0,0,1,0,1,0,0,94,72,71,65,67,88,97,67,60,63,Data Analyst,Data Scientist,Cybersecurity Analyst,Database Administrator,Systems Analyst
all,0,0,1,0,1,0,0,0,0,0,1,0,0,0,0,0,85,58,65,63,75,88,89,65,62,52,Data Analyst,Data Scientist,Cybersecurity Analyst,Database Administrator,Systems Analyst
Design,0,0,0,0,0,1,0,0,0,0,0,0,0,1,1,0,62,86,71,50,66,66,65,48,87,71,Architect,Urban Planner,Interior Designer,Industrial Designer,Graphic Designer
all,0,0,0,0,0,0,1,0,0,1,0,0,0,0,0,0,77,89,62,57,45,53,88,68,77,72,IT Project Manager,Training Manager,Accountant,Chartered Accountant (CA),Marketing Manager
all,0,1,0,0,0,0,0,0,0,1,0,0,0,1,0,0,76,69,61,62,82,90,75,76,73,54,Software Developer,Web Developer,Mobile App Developer,Game Developer,Software Tester / QA Engineer
Research,0,0,0,1,1,0,0,0,0,0,1,0,0,0,0,1,93,99,81,84,67,86,91,81,79,50,Research Scientist,Data Scientist,Research Analyst,Laboratory Researcher,Scientific Writer
all,0,1,0,0,0,0,0,0,0,1,0,1,0,0,0,1,81,80,55,69,82,86,77,61,65,61,Software Developer,Web Developer,Mobile App Developer,Network Engineer,Cloud Engineer
Marine,0,0,0,0,0,1,1,0,0,1,0,0,0,0,0,0,84,54,55,49,59,69,64,66,47,60,Ship Captain,Marine Engineer,Marine Biologist,Naval Architect,Oceanographer
Marine,0,0,1,1,0,0,1,0,0,1,0,0,0,0,0,0,72,68,82,71,44,77,70,81,46,59,Marine Engineer,Ship Captain,Marine Biologist,Naval Architect,Oceanographer
Education,0,0,1,1,0,0,0,0,0,0,0,1,1,0,0,0,61,69,80,74,94,79,76,67,69,73,Training Manager,Curriculum Developer,School Teacher,Professor,Special Education Teacher
Science,0,0,1,0,0,0,0,0,0,0,1,0,0,0,1,0,90,80,79,63,71,80,87,67,55,53,Physicist,Chemist,Mathematician,Statistician,Geologist
all,0,0,0,0,1,0,0,1,0,1,0,0,0,0,1,0,59,76,71,84,61,30,65,73,78,81,Graphic Designer,Fashion Designer,Interior Designer,Social Media Manager,VFX Artist
all,0,1,0,0,0,0,0,1,1,1,0,0,0,0,0,0,71,58,73,31,57,67,63,62,64,49,IT Support Specialist,Technical Consultant,Ethical Hacker,Game Tester,Esports Player
Biotech,0,0,0,0,0,1,0,1,0,0,1,0,0,1,0,0,81,52,88,51,38,78,81,75,38,34,Agricultural Scientist,Environmental Scientist,Biomedical Engineer,Tourism Manager,Real Estate Manager
Defense,0,0,0,0,0,0,1,1,0,0,0,0,0,0,0,0,60,85,71,60,58,55,62,72,66,63,Navy Officer,Army Officer,Air Force Officer,Defense Scientist,Coast Guard Officer
Sports / Fitness,0,0,0,0,0,0,0,0,0,1,0,0,0,1,0,1,64,45,61,82,43,68,63,72,51,91,Sports Coach,Fitness Trainer,Yoga Instructor,Sports Physiotherapist,Sports Psychologist
all,1,0,0,0,0,0,0,1,1,0,1,0,0,0,0,0,52,60,41,28,59,73,58,41,64,60,Software Developer,Web Developer,Mobile App Developer,IT Support Specialist,Game Developer
Space Science,1,0,0,0,0,0,0,0,0,1,0,0,0,1,0,0,76,73,74,75,71,93,75,74,70,69,Space Scientist,ISRO Scientist,DRDO Scientist,Astronomer,Aerospace Engineer
all,0,0,1,0,0,0,0,1,1,1,0,0,0,0,0,0,68,64,62,86,31,53,78,65,41,99,Public Relations Manager,IT Project Manager,Training Manager,Accountant,Chartered Accountant (CA)
all,0,0,0,0,0,0,0,0,0,0,1,0,1,0,0,1,78,75,63,52,79,100,96,65,70,54,Financial Analyst,Business Analyst,Risk Analyst,Credit Analyst,Accountant
Aviation,0,1,0,0,0,1,0,0,0,1,0,1,0,0,0,0,76,54,63,62,68,77,67,63,52,53,Aircraft Maintenance Engineer,Pilot,Commercial Pilot,Air Traffic Controller,Flight Dispatcher
Healthcare,0,0,0,0,0,0,0,1,0,0,0,1,0,0,1,0,74,60,98,77,70,83,77,72,48,79,Doctor,Nurse,Pharmacist,Medical Lab Technologist,Medical Researcher
Sports / Fitness,0,0,1,0,0,0,0,0,0,1,0,1,0,0,0,0,21,58,70,52,42,34,27,62,60,69,Sports Coach,Fitness Trainer,Yoga Instructor,Sports Physiotherapist,Sports Psychologist
Hospitality,0,0,0,0,1,0,1,1,0,1,0,0,0,0,0,0,67,61,93,84,65,74,43,80,60,81,Hotel Manager,Event Manager,Airline Manager,Wedding Planner,NGO Program Manager
Design,1,0,0,0,0,1,0,0,0,0,0,0,0,0,0,1,42,72,64,62,81,46,62,63,88,77,Interior Designer,Industrial Designer,Graphic Designer,Architect,Urban Planner
Business & Finance,0,0,1,0,0,0,1,0,0,0,0,0,1,0,0,1,89,61,57,79,77,81,78,74,62,72,Accountant,Chartered Accountant (CA),Marketing Manager,Human Resource Manager,Operations Manager
all,0,0,0,0,0,1,0,0,0,1,0,0,1,0,0,0,61,68,54,95,94,77,52,83,96,86,Accountant,Chartered Accountant (CA),Marketing Manager,Human Resource Manager,Operations Manager
Forensics,1,0,1,0,0,0,0,0,0,0,1,0,0,0,0,0,82,50,64,82,43,73,72,67,36,90,Forensic Scientist,Criminologist,Crime Scene Investigator,Forensic Psychologist,Digital Forensics Analyst
Science,0,0,1,0,0,0,0,0,1,1,1,0,0,0,0,0,74,93,78,70,80,75,82,72,74,67,Physicist,Chemist,Mathematician,Statistician,Geologist
all,0,0,0,0,0,0,0,0,0,1,1,1,0,0,1,0,97,58,62,75,74,85,77,65,54,78,IT Project Manager,Training Manager,Accountant,Chartered Accountant (CA),Marketing Manager
Research,0,0,1,1,0,0,1,0,0,0,0,0,0,0,0,0,78,85,67,62,69,84,96,65,63,47,Research Scientist,Data Scientist,Research Analyst,Laboratory Researcher,Scientific Writer
Space Science,0,0,0,0,0,0,0,0,1,0,1,0,0,0,0,0,100,89,85,76,61,82,93,75,79,69,Space Scientist,ISRO Scientist,DRDO Scientist,Astronomer,Aerospace Engineer
all,0,0,1,0,0,0,0,1,0,0,0,1,0,1,0,0,66,78,63,67,71,65,72,77,89,78,IT Project Manager,Training Manager,Accountant,Chartered Accountant (CA),Marketing Manager
Defense,0,0,0,0,0,0,1,1,1,1,0,0,0,0,0,0,55,74,78,86,67,51,76,88,68,89,Navy Officer,Army Officer,Air Force Officer,Defense Scientist,Coast Guard Officer
all,0,0,1,0,0,0,0,0,0,0,1,1,0,0,1,0,86,67,89,73,96,88,100,83,82,41,Data Analyst,Data Scientist,Cybersecurity Analyst,Database Administrator,Systems Analyst
Business & Finance,0,0,0,0,0,0,1,1,0,0,0,0,0,0,0,1,59,76,100,70,60,59,63,90,63,68,Accountant,Chartered Accountant (CA),Marketing Manager,Human Resource Manager,Operations Manager
Research,1,0,1,0,0,0,0,0,0,0,1,0,0,0,0,0,70,66,73,58,81,93,77,68,84,44,Research Scientist,Data Scientist,Research Analyst,Laboratory Researcher,Scientific Writer
Law & Government,1,0,0,0,0,0,0,0,0,0,1,0,1,0,1,0,78,68,85,89,68,82,55,90,61,90,Social Welfare Officer,Lawyer / Advocate,Judge,Legal Advisor,Public Prosecutor
all,0,0,0,0,0,0,1,0,0,1,1,0,0,0,0,1,60,71,47,29,62,65,58,56,62,30,Investment Banker,Auditor,Management Consultant,Banking Officer,Digital Marketing Specialist
all,0,0,0,0,0,0,0,1,0,0,0,0,0,0,1,0,73,48,79,87,72,71,67,80,72,56,IT Project Manager,Training Manager,Accountant,Chartered Accountant (CA),Marketing Manager
Design,0,0,0,1,0,1,0,0,1,0,0,0,0,0,0,0,43,61,53,68,49,20,44,64,85,67,Interior Designer,Industrial Designer,Graphic Designer,Architect,Urban Planner
Engineering,0,0,0,0,0,0,0,0,1,1,1,0,0,1,0,0,89,52,55,43,59,91,72,58,41,52,Civil Engineer,Mechanical Engineer,Electrical Engineer,Electronics Engineer,Chemical Engineer
Sports / Fitness,0,0,0,0,1,0,0,1,0,1,0,0,0,0,0,0,62,58,57,68,51,67,64,78,57,58,Sports Coach,Fitness Trainer,Yoga Instructor,Sports Physiotherapist,Sports Psychologist
all,0,0,0,0,0,0,0,0,0,0,1,0,0,1,1,1,92,100,70,76,83,99,83,92,74,57,IT Project Manager,Accountant,Chartered Accountant (CA),Marketing Manager,Human Resource Manager
Education,0,0,0,1,0,0,0,0,0,1,0,0,0,0,0,0,37,37,54,75,58,59,35,67,50,80,School Teacher,Professor,Special Education Teacher,College Lecturer,Academic Counselor
Science,0,0,1,0,0,0,0,1,0,0,1,0,0,1,0,0,81,65,45,30,69,85,92,51,43,24,Physicist,Chemist,Mathematician,Statistician,Geologist
Forensics,0,1,1,0,0,0,0,0,1,0,1,0,0,0,0,0,57,41,63,86,46,60,51,74,33,83,Criminologist,Forensic Scientist,Crime Scene Investigator,Forensic Psychologist,Digital Forensics Analyst
all,1,0,0,0,0,1,0,0,1,0,0,0,0,0,0,0,54,75,72,61,80,53,62,57,85,70,Animator,Film Director,Video Editor,Journalist,Content Writer
Space Science,1,0,0,0,0,0,0,0,0,0,0,1,0,1,1,0,93,100,57,61,93,98,87,63,78,42,Space Scientist,ISRO Scientist,DRDO Scientist,Astronomer,Aerospace Engineer
IT & Computer,1,1,0,0,0,0,0,1,1,0,0,0,0,0,0,0,62,54,100,58,74,78,57,94,66,62,IT Project Manager,Software Developer,Web Developer,Mobile App Developer,Game Developer
Biotech,0,0,0,0,0,0,0,0,0,0,1,0,0,1,0,0,77,57,40,49,63,89,66,54,74,74,Biomedical Engineer,Tourism Manager,Real Estate Manager,Food Technologist,Biotechnologist
Science,0,0,1,0,0,0,0,0,0,0,1,0,0,1,0,0,78,67,75,57,74,84,84,56,54,55,Physicist,Chemist,Mathematician,Statistician,Geologist
all,1,0,0,0,0,0,1,0,0,0,0,0,0,0,0,1,60,63,39,72,69,49,60,33,61,90,IT Support Specialist,Technical Consultant,Ethical Hacker,Game Tester,Esports Player
all,1,0,0,0,0,0,1,0,0,1,0,0,0,0,0,0,62,46,54,52,54,72,72,48,34,61,Network Engineer,Cloud Engineer,AI Engineer,Machine Learning Engineer,DevOps Engineer
Healthcare,0,1,0,0,0,0,1,1,0,0,0,0,0,0,0,0,70,62,53,62,48,62,60,70,45,71,Doctor,Nurse,Pharmacist,Medical Lab Technologist,Medical Researcher
Space Science,0,0,0,1,0,0,0,0,0,0,1,0,0,1,0,0,100,66,43,70,93,89,80,49,74,81,Space Scientist,ISRO Scientist,DRDO Scientist,Astronomer,Aerospace Engineer
Engineering,0,0,0,0,0,0,0,0,0,0,1,0,0,1,0,1,85,87,67,46,93,82,99,69,80,45,Civil Engineer,Mechanical Engineer,Electrical Engineer,Electronics Engineer,Chemical Engineer
all,0,0,0,1,0,0,1,0,0,1,0,0,0,0,0,1,57,82,81,81,57,61,74,80,54,61,Accountant,Chartered Accountant (CA),Marketing Manager,Human Resource Manager,Operations Manager
Design,0,0,0,0,0,0,0,1,1,0,0,0,0,1,1,0,22,24,43,56,50,35,34,54,78,68,Interior Designer,Industrial Designer,Graphic Designer,Architect,Urban Planner
Law & Government,0,1,1,0,1,0,0,0,1,0,0,0,0,0,0,0,49,65,83,84,73,78,61,87,60,67,Social Welfare Officer,Lawyer / Advocate,Judge,Legal Advisor,Public Prosecutor
Biotech,0,0,1,0,0,0,0,1,0,0,1,0,0,0,0,0,74,69,87,68,86,85,61,81,83,64,Tourism Manager,Real Estate Manager,Biomedical Engineer,Food Technologist,Biotechnologist
all,0,0,0,0,0,0,0,0,0,1,1,0,0,0,0,0,65,77,77,81,84,51,85,75,62,86,IT Project Manager,Training Manager,Accountant,Chartered Accountant (CA),Marketing Manager
all,0,1,0,0,1,0,0,1,0,0,0,1,0,0,0,0,93,67,68,48,54,72,91,59,52,51,Network Engineer,Cloud Engineer,AI Engineer,Machine Learning Engineer,DevOps Engineer
Education,0,0,0,1,0,0,0,0,0,0,1,1,0,0,0,1,31,47,88,93,43,55,35,81,45,69,School Teacher,Professor,Special Education Teacher,Training Manager,College Lecturer
Biotech,0,0,0,0,0,0,1,1,0,0,1,0,0,0,0,0,67,48,24,46,69,74,63,54,43,63,Biomedical Engineer,Tourism Manager,Real Estate Manager,Food Technologist,Biotechnologist
Fashion,0,0,0,0,1,1,0,0,0,0,0,0,0,0,1,0,49,68,71,82,63,69,33,73,89,83,Fashion Designer,Textile Designer,Makeup Artist,Cosmetologist,Fashion Stylist
Media & Creative,0,0,0,0,1,0,1,0,0,0,0,0,0,0,0,0,82,58,59,46,100,98,49,57,85,59,Animator,Film Director,Video Editor,Journalist,Content Writer
Healthcare,0,1,0,0,0,0,1,0,0,0,0,1,1,0,0,0,60,58,48,63,48,63,49,49,56,84,Dentist,Physiotherapist,Occupational Therapist,Radiologist,Dietitian
all,1,0,0,0,0,0,0,1,0,0,1,0,1,0,0,0,80,63,68,68,88,75,71,66,93,39,Software Developer,Web Developer,Mobile App Developer,Game Developer,Software Tester / QA Engineer
Research,0,0,0,1,1,0,0,1,0,0,0,0,0,0,0,0,80,89,89,53,91,98,85,74,100,58,Research Scientist,Data Scientist,Research Analyst,Laboratory Researcher,Scientific Writer
Forensics,1,1,1,0,0,0,0,0,0,0,1,0,0,0,0,0,43,74,49,33,73,55,66,54,81,44,Criminologist,Forensic Scientist,Crime Scene Investigator,Forensic Psychologist,Digital Forensics Analyst
Business & Finance,0,0,1,0,0,1,0,0,0,0,0,0,1,0,0,1,84,66,59,80,62,85,70,62,52,88,Accountant,Chartered Accountant (CA),Marketing Manager,Human Resource Manager,Operations Manager
Business & Finance,0,0,1,0,0,1,0,0,0,1,0,0,1,0,0,0,43,60,100,71,59,59,82,86,75,65,Accountant,Chartered Accountant (CA),Marketing Manager,Human Resource Manager,Operations Manager
all,1,0,1,0,0,0,0,0,0,0,1,0,0,1,0,0,70,63,36,29,78,71,80,41,70,41,Software Developer,Web Developer,Mobile App Developer,Network Engineer,Cloud Engineer
Defense,0,0,1,0,0,0,0,0,0,1,0,0,0,0,0,0,72,81,72,70,93,73,78,68,91,89,Defense Scientist,Navy Officer,Army Officer,Air Force Officer,Coast Guard Officer
all,0,0,1,0,0,0,0,1,0,0,1,0,1,0,0,0,88,91,63,63,83,77,90,69,79,46,Financial Analyst,Business Analyst,Risk Analyst,Credit Analyst,Network Engineer
all,1,0,0,1,0,0,0,0,0,0,1,0,0,0,0,0,82,74,52,49,87,71,49,51,71,66,IT Support Specialist,Technical Consultant,Ethical Hacker,Game Tester,Esports Player
Biotech,0,0,0,0,0,0,1,1,0,1,1,0,0,0,0,0,56,71,39,54,67,78,65,66,66,39,Biomedical Engineer,Agricultural Scientist,Environmental Scientist,Food Technologist,Biotechnologist
all,0,1,0,0,0,0,1,0,1,1,0,0,0,0,0,0,73,61,75,39,48,60,68,54,68,63,IT Support Specialist,Technical Consultant,Ethical Hacker,Game Tester,Esports Player
all,0,1,0,0,0,1,0,0,0,0,0,0,1,0,0,0,28,39,97,91,68,58,46,80,77,62,IT Support Specialist,Technical Consultant,Ethical Hacker,Game Tester,Esports Player
Business & Finance,0,0,1,0,1,0,1,0,0,0,0,0,0,0,0,0,46,44,83,74,47,52,56,70,42,66,Investment Banker,Auditor,Management Consultant,Banking Officer,Digital Marketing Specialist
Marine,0,0,0,0,0,0,0,0,0,1,0,1,0,0,0,1,52,55,51,50,65,63,64,50,65,70,Ship Captain,Marine Engineer,Marine Biologist,Naval Architect,Oceanographer
Science,0,0,1,0,0,0,0,0,0,0,1,0,1,0,0,0,67,73,72,76,78,76,86,75,85,76,Physicist,Chemist,Mathematician,Statistician,Geologist
Sports / Fitness,0,0,0,1,1,0,1,0,0,0,1,0,0,0,0,0,64,70,71,89,69,59,100,81,70,70,Sports Coach,Fitness Trainer,Yoga Instructor,Sports Physiotherapist,Sports Psychologist
all,0,0,1,0,0,0,0,0,0,0,1,1,0,0,1,0,77,93,75,62,61,76,87,64,62,41,Network Engineer,Cloud Engineer,AI Engineer,Machine Learning Engineer,DevOps Engineer
Space Science,0,0,1,0,0,0,0,0,1,0,1,0,0,1,0,0,93,59,93,54,80,79,82,73,65,48,Space Scientist,ISRO Scientist,DRDO Scientist,Astronomer,Aerospace Engineer
Hospitality,0,1,0,0,0,1,0,1,0,0,1,0,0,0,0,0,75,61,80,74,81,63,51,91,71,74,Hotel Manager,Event Manager,Airline Manager,Wedding Planner,NGO Program Manager
all,0,0,1,0,0,0,0,0,1,0,1,0,0,0,0,0,67,52,69,65,67,82,56,74,44,26,Software Developer,Web Developer,Mobile App Developer,Game Developer,Software Tester / QA Engineer
Marine,0,0,0,0,1,1,0,0,0,1,0,0,0,1,0,0,70,61,46,75,67,66,87,61,62,78,Marine Engineer,Ship Captain,Marine Biologist,Naval Architect,Oceanographer
Defense,0,0,0,0,1,0,0,0,0,1,0,0,0,0,1,1,36,74,95,79,60,53,66,68,85,73,Navy Officer,Army Officer,Air Force Officer,Defense Scientist,Coast Guard Officer
Science,0,0,1,0,0,0,0,0,0,0,0,0,0,0,1,0,92,100,95,64,93,85,95,71,87,63,Physicist,Chemist,Mathematician,Statistician,Geologist
Forensics,0,0,1,0,1,0,0,0,0,0,1,1,0,0,0,0,63,60,85,74,98,86,57,64,74,84,Criminologist,Forensic Scientist,Crime Scene Investigator,Forensic Psychologist,Digital Forensics Analyst
Research,1,0,1,1,0,0,0,0,0,0,0,0,0,0,0,0,70,83,50,49,93,88,76,58,95,40,Research Scientist,Data Scientist,Research Analyst,Laboratory Researcher,Scientific Writer
Business & Finance,0,0,1,0,0,0,0,0,0,0,1,0,1,0,0,1,49,58,60,66,59,76,60,60,60,77,Accountant,Chartered Accountant (CA),Marketing Manager,Human Resource Manager,Operations Manager
all,0,0,0,0,0,0,0,1,0,0,1,0,0,1,0,0,80,83,40,55,77,99,82,42,57,31,Software Developer,Web Developer,Mobile App Developer,Game Developer,Software Tester / QA Engineer
all,0,1,0,0,0,0,0,1,0,1,0,0,0,0,1,0,74,82,58,79,77,82,84,68,74,73,IT Project Manager,Network Engineer,Cloud Engineer,AI Engineer,Machine Learning Engineer
all,0,0,0,0,0,0,1,1,0,0,1,0,0,0,0,0,76,87,55,54,52,83,75,56,64,57,Software Developer,Web Developer,Mobile App Developer,Network Engineer,Cloud Engineer
Engineering,1,0,0,0,1,0,0,0,0,0,0,0,1,0,0,0,90,48,58,37,57,97,76,51,43,38,Civil Engineer,Mechanical Engineer,Electrical Engineer,Electronics Engineer,Chemical Engineer
Sports / Fitness,0,0,0,0,0,0,1,0,0,1,0,0,0,1,1,0,67,65,27,57,96,75,60,42,74,65,Sports Coach,Fitness Trainer,Yoga Instructor,Sports Physiotherapist,Sports Psychologist
Healthcare,0,0,1,0,0,0,1,1,0,0,0,0,0,0,0,0,36,58,90,81,58,75,55,89,50,72,Social Worker,Doctor,Nurse,Pharmacist,Medical Lab Technologist
all,0,0,1,0,0,0,0,1,0,0,1,0,0,0,0,0,76,75,68,55,67,82,81,59,72,29,Software Developer,Web Developer,Mobile App Developer,Game Developer,Software Tester / QA Engineer
Research,0,0,1,0,0,0,0,0,0,0,0,0,1,0,0,0,85,78,83,86,89,84,88,78,65,89,Research Scientist,Data Scientist,Research Analyst,Laboratory Researcher,Scientific Writer
Space Science,0,1,0,0,0,1,0,0,0,0,1,0,0,1,0,0,79,74,43,57,100,91,87,53,89,38,Space Scientist,ISRO Scientist,DRDO Scientist,Astronomer,Aerospace Engineer
Marine,0,0,0,0,1,0,1,1,0,1,0,0,0,0,0,0,47,82,58,47,52,54,76,55,61,47,Ship Captain,Marine Engineer,Marine Biologist,Naval Architect,Oceanographer
Marine,0,0,0,0,0,0,1,0,0,1,0,1,0,0,0,1,48,34,72,57,56,85,46,59,58,68,Ship Captain,Marine Engineer,Marine Biologist,Naval Architect,Oceanographer
Media & Creative,1,0,0,0,0,1,0,0,0,0,1,0,0,0,0,0,60,45,77,62,63,78,59,81,71,93,Public Relations Manager,Animator,Film Director,Video Editor,Journalist
Law & Government,0,0,1,1,0,0,0,0,0,0,0,0,0,1,0,0,35,49,99,81,46,61,58,88,49,79,Social Welfare Officer,Lawyer / Advocate,Judge,Legal Advisor,Public Prosecutor
Space Science,0,0,0,0,1,0,0,0,0,0,1,0,0,1,0,0,69,99,87,78,84,81,92,69,77,77,Space Scientist,ISRO Scientist,DRDO Scientist,Astronomer,Aerospace Engineer
all,0,0,0,1,1,0,0,0,1,0,0,0,0,0,0,0,60,80,76,71,95,83,55,73,81,63,Public Relations Manager,Animator,Film Director,Video Editor,Journalist
Media & Creative,0,0,0,0,1,0,0,1,0,0,0,0,0,0,0,0,53,97,55,37,76,44,75,55,100,47,Graphic Designer,Fashion Designer,Interior Designer,Social Media Manager,VFX Artist
Hospitality,0,0,0,0,1,0,0,0,0,1,0,0,0,0,0,0,55,55,66,63,45,48,67,67,66,70,Wedding Planner,Hotel Manager,Event Manager,Airline Manager,NGO Program Manager
all,0,0,0,0,0,1,0,0,1,0,1,0,0,1,0,0,78,58,81,59,86,76,94,71,74,58,Public Relations Manager,IT Project Manager,Network Engineer,Cloud Engineer,AI Engineer
IT & Computer,0,1,0,0,0,0,0,0,0,0,1,0,0,0,1,0,76,61,76,59,67,74,85,76,66,37,Network Engineer,Cloud Engineer,AI Engineer,Machine Learning Engineer,DevOps Engineer
Space Science,0,0,1,0,0,0,0,0,0,0,0,0,0,1,0,0,62,75,73,71,60,80,79,70,60,77,Space Scientist,ISRO Scientist,DRDO Scientist,Astronomer,Aerospace Engineer
Research,0,0,1,0,0,0,0,0,0,0,1,0,1,0,0,0,79,68,55,69,98,81,69,57,75,82,Research Scientist,Data Scientist,Research Analyst,Laboratory Researcher,Scientific Writer
Science,0,0,1,0,0,0,0,0,0,0,1,1,0,1,0,0,79,79,74,76,82,79,97,69,48,71,Physicist,Chemist,Mathematician,Statistician,Geologist
all,0,0,0,0,0,0,1,0,0,1,0,0,1,0,0,0,53,74,81,66,35,55,91,69,52,67,Accountant,Chartered Accountant (CA),Marketing Manager,Human Resource Manager,Operations Manager
all,1,0,0,0,0,0,0,1,0,0,0,0,0,0,0,0,78,56,52,60,68,82,78,51,41,56,Network Engineer,Cloud Engineer,AI Engineer,Machine Learning Engineer,DevOps Engineer
all,0,0,0,1,0,0,0,0,1,0,1,0,0,0,1,0,87,85,52,42,55,86,81,49,68,53,Network Engineer,Cloud Engineer,AI Engineer,Machine Learning Engineer,DevOps Engineer
all,0,1,0,0,1,0,0,0,0,0,0,0,0,0,0,0,85,78,60,62,72,82,80,63,46,51,Network Engineer,Cloud Engineer,AI Engineer,Machine Learning Engineer,DevOps Engineer
all,0,0,1,0,0,0,0,0,1,0,1,0,0,0,1,0,78,81,50,51,78,65,93,49,61,60,Animator,Film Director,Video Editor,Journalist,Content Writer
Science,0,0,1,0,0,0,1,0,0,0,1,0,0,0,0,0,89,90,65,73,88,86,90,63,83,51,Physicist,Chemist,Mathematician,Statistician,Geologist
Business & Finance,0,0,0,0,0,0,0,0,0,1,1,0,1,0,0,1,62,78,84,89,73,80,80,83,60,84,Accountant,Chartered Accountant (CA),Marketing Manager,Human Resource Manager,Operations Manager
Engineering,1,0,0,0,0,0,0,0,0,0,1,0,1,1,0,0,69,80,51,50,73,75,75,52,87,64,Civil Engineer,Mechanical Engineer,Electrical Engineer,Electronics Engineer,Chemical Engineer
Marine,0,0,0,0,0,0,1,0,0,1,1,0,0,0,0,0,87,53,66,66,67,78,66,63,64,55,Marine Engineer,Ship Captain,Marine Biologist,Naval Architect,Oceanographer
Media & Creative,0,0,0,0,1,1,0,0,0,0,0,0,0,0,1,0,52,49,89,71,59,56,62,89,84,68,Public Relations Manager,Animator,Film Director,Video Editor,Journalist
all,0,1,0,0,0,0,0,0,0,0,1,0,0,1,0,0,77,45,69,62,62,65,65,70,53,59,IT Project Manager,IT Support Specialist,Technical Consultant,Ethical Hacker,Game Tester
Marine,0,0,0,0,0,0,1,0,0,0,0,1,0,0,0,0,100,78,66,31,81,84,95,57,80,26,Marine Engineer,Ship Captain,Marine Biologist,Naval Architect,Oceanographer
Law & Government,0,0,1,1,1,0,0,0,0,0,0,0,0,0,0,0,65,30,87,98,51,55,60,90,37,75,Social Welfare Officer,Lawyer / Advocate,Judge,Legal Advisor,Public Prosecutor
all,0,0,0,1,0,0,0,0,0,0,0,1,1,0,0,0,55,60,57,45,100,88,58,45,67,71,Investment Banker,Auditor,Management Consultant,Banking Officer,Digital Marketing Specialist
Education,0,0,0,1,1,0,1,0,0,0,0,0,0,0,0,0,51,75,99,90,62,69,37,83,100,78,School Teacher,Professor,Special Education Teacher,Training Manager,College Lecturer
all,0,0,0,1,0,0,0,1,0,0,0,0,0,0,0,0,78,54,74,90,53,48,58,79,54,82,Social Worker,School Teacher,Professor,Special Education Teacher,Social Welfare Officer
Law & Government,0,0,0,1,0,0,1,1,0,0,0,1,0,0,0,0,65,79,78,59,65,63,72,79,50,62,Social Welfare Officer,Lawyer / Advocate,Judge,Legal Advisor,Public Prosecutor
Marine,0,0,0,1,0,0,1,0,0,1,0,0,0,0,0,0,77,65,98,80,58,65,84,91,60,61,Marine Engineer,Ship Captain,Marine Biologist,Naval Architect,Oceanographer
all,0,0,0,0,0,0,0,1,0,1,0,1,0,0,0,0,67,67,66,78,94,80,60,71,72,62,Software Developer,Web Developer,Mobile App Developer,Game Developer,Software Tester / QA Engineer
all,1,0,0,0,1,0,0,0,0,0,1,1,0,0,0,0,71,74,58,42,76,85,62,71,69,36,Software Developer,Web Developer,Mobile App Developer,Game Developer,Software Tester / QA Engineer
Sports / Fitness,1,0,1,0,0,0,1,0,0,0,0,0,0,0,0,0,43,34,81,63,61,55,39,61,65,61,Sports Coach,Fitness Trainer,Yoga Instructor,Sports Physiotherapist,Sports Psychologist
all,1,0,0,0,0,0,0,0,0,0,1,0,0,1,0,0,81,44,47,66,46,84,85,59,20,80,IT Project Manager,Data Analyst,Data Scientist,Cybersecurity Analyst,Database Administrator
Media & Creative,0,0,1,0,0,1,0,0,1,0,0,0,0,0,0,0,33,49,87,77,54,41,53,95,76,68,Animator,Film Director,Video Editor,Journalist,Content Writer
Marine,0,0,0,0,1,0,1,0,1,1,0,0,0,0,0,0,52,78,74,65,60,52,63,68,86,50,Ship Captain,Marine Engineer,Marine Biologist,Naval Architect,Oceanographer
Media & Creative,0,0,0,1,0,1,0,0,0,1,0,0,0,0,0,1,58,58,69,45,83,57,49,73,87,63,Animator,Film Director,Video Editor,Journalist,Content Writer
Research,0,1,0,1,0,0,0,0,0,0,0,0,1,0,0,0,68,59,46,39,70,87,60,54,65,54,Research Scientist,Data Scientist,Research Analyst,Laboratory Researcher,Scientific Writer
Law & Government,0,0,0,1,0,1,0,0,0,0,0,1,1,0,0,0,70,70,60,64,68,75,67,65,67,75,Social Welfare Officer,Lawyer / Advocate,Judge,Legal Advisor,Public Prosecutor
Sports / Fitness,0,0,0,0,0,0,1,0,1,0,0,0,0,1,0,0,45,97,54,73,57,31,91,66,75,75,Sports Coach,Fitness Trainer,Yoga Instructor,Sports Physiotherapist,Sports Psychologist
all,0,0,0,0,0,1,1,1,0,0,0,1,0,0,0,0,57,62,91,100,85,84,45,83,59,83,Social Worker,School Teacher,Professor,Special Education Teacher,Social Welfare Officer
Research,0,1,1,0,0,0,0,0,0,0,0,0,0,0,0,0,98,86,65,50,72,74,100,69,76,43,Research Scientist,Data Scientist,Research Analyst,Laboratory Researcher,Scientific Writer
Space Science,1,0,0,0,0,1,0,0,0,0,1,0,0,0,0,0,78,93,58,66,76,64,89,70,84,45,Space Scientist,ISRO Scientist,DRDO Scientist,Astronomer,Aerospace Engineer
Fashion,0,0,0,0,0,0,1,0,1,0,0,0,0,0,0,0,37,81,72,74,59,33,76,69,90,67,Fashion Designer,Textile Designer,Makeup Artist,Cosmetologist,Fashion Stylist
Engineering,1,0,0,0,0,0,0,0,1,0,0,0,0,1,0,0,79,76,55,49,85,87,85,53,66,54,Civil Engineer,Mechanical Engineer,Electrical Engineer,Electronics Engineer,Chemical Engineer
Healthcare,0,0,0,0,0,0,1,1,0,0,0,0,0,0,0,1,47,59,66,71,76,59,63,60,67,58,Dentist,Physiotherapist,Occupational Therapist,Radiologist,Dietitian
Space Science,0,0,1,0,0,0,0,1,0,0,1,0,0,1,0,0,89,90,94,62,65,87,97,87,64,77,Space Scientist,ISRO Scientist,DRDO Scientist,Astronomer,Aerospace Engineer
all,0,0,1,0,0,0,0,1,0,0,0,1,0,0,0,1,92,79,69,75,64,84,91,82,42,72,Accountant,Chartered Accountant (CA),Marketing Manager,Human Resource Manager,Operations Manager
all,1,1,0,0,0,0,0,0,0,0,1,0,0,1,0,0,79,55,57,59,57,82,77,58,45,58,Software Developer,Web Developer,Mobile App Developer,Data Analyst,Data Scientist
all,0,0,0,1,0,0,0,0,0,0,0,1,0,1,0,0,77,74,78,100,72,79,69,77,78,100,IT Project Manager,Public Relations Manager,Doctor,Nurse,Pharmacist
all,0,0,0,0,1,0,1,0,0,1,0,0,1,0,0,0,54,52,88,95,63,51,54,77,46,77,Accountant,Chartered Accountant (CA),Marketing Manager,Human Resource Manager,Operations Manager
all,0,0,1,0,0,0,1,0,0,0,0,0,1,0,0,0,99,67,68,71,83,91,64,79,81,68,Accountant,Chartered Accountant (CA),Marketing Manager,Human Resource Manager,Operations Manager
all,0,0,0,1,0,0,0,0,0,0,1,0,0,0,0,1,80,68,88,92,64,70,95,77,38,75,Accountant,Chartered Accountant (CA),Marketing Manager,Human Resource Manager,Operations Manager
IT & Computer,0,1,0,0,0,0,0,1,0,1,0,0,0,1,0,0,65,39,71,46,71,85,48,70,63,50,Software Developer,Web Developer,Mobile App Developer,Game Developer,Software Tester / QA Engineer
Design,0,0,0,0,1,1,0,0,0,0,0,0,0,0,0,0,61,100,84,78,75,74,47,74,94,77,Interior Designer,Industrial Designer,Graphic Designer,Architect,Urban Planner
all,0,0,0,0,0,1,0,0,0,1,0,0,0,0,0,0,41,71,88,87,57,31,67,90,71,76,Public Relations Manager,Social Worker,School Teacher,Professor,Special Education Teacher
all,0,0,0,1,0,0,0,0,0,0,0,1,0,1,1,0,77,50,64,62,66,61,70,64,62,82,IT Project Manager,Public Relations Manager,Software Developer,Web Developer,Mobile App Developer
IT & Computer,0,1,0,0,1,0,0,1,0,0,0,0,0,0,0,0,84,87,88,65,81,89,81,88,63,55,IT Project Manager,Network Engineer,Cloud Engineer,AI Engineer,Machine Learning Engineer
Research,0,0,1,1,0,0,0,0,0,0,0,0,0,0,1,0,73,52,92,80,72,82,82,90,65,64,Research Scientist,Data Scientist,Research Analyst,Laboratory Researcher,Scientific Writer
all,0,0,0,0,0,0,0,0,1,0,1,1,0,0,1,0,62,61,80,66,64,69,50,71,63,67,Public Relations Manager,Animator,Film Director,Video Editor,Journalist
Space Science,0,0,0,0,0,0,0,0,1,0,0,0,1,1,1,0,81,73,54,36,96,92,80,56,89,26,Space Scientist,ISRO Scientist,DRDO Scientist,Astronomer,Aerospace Engineer
all,0,1,0,0,0,0,1,0,0,0,0,0,0,0,0,1,66,78,82,70,44,57,95,74,31,35,Data Analyst,Data Scientist,Cybersecurity Analyst,Database Administrator,Systems Analyst
Design,0,0,0,0,0,1,0,1,0,0,0,1,1,0,0,0,61,69,52,47,71,64,42,46,78,64,Architect,Urban Planner,Interior Designer,Industrial Designer,Graphic Designer
all,0,0,0,0,0,0,0,0,1,0,1,1,0,0,0,0,84,57,66,53,99,94,78,55,64,60,Software Developer,Web Developer,Mobile App Developer,Network Engineer,Cloud Engineer
all,0,1,0,1,1,0,0,0,0,1,0,0,0,0,0,0,79,55,95,65,49,51,80,73,40,59,Public Relations Manager,IT Project Manager,Animator,Film Director,Video Editor
all,0,0,0,0,1,0,0,0,0,0,0,1,0,0,0,0,60,46,79,79,36,58,80,63,18,99,Public Relations Manager,IT Project Manager,Doctor,Nurse,Pharmacist
Education,0,0,1,0,0,0,0,1,0,0,0,1,0,0,1,0,37,82,61,68,64,41,80,50,76,79,College Lecturer,Academic Counselor,Education Consultant,Librarian,Online Course Instructor
IT & Computer,0,1,0,0,0,1,0,0,0,0,0,0,0,1,0,0,65,65,71,50,69,76,62,71,61,45,Software Developer,Web Developer,Mobile App Developer,Game Developer,Software Tester / QA Engineer
Fashion,0,0,0,0,0,0,0,0,1,0,0,0,0,0,1,1,39,73,72,73,83,58,49,76,89,74,Fashion Designer,Textile Designer,Makeup Artist,Cosmetologist,Fashion Stylist
all,0,0,1,0,0,0,0,0,0,0,1,0,1,0,1,0,83,82,65,58,69,78,85,59,75,52,Financial Analyst,Business Analyst,Risk Analyst,Credit Analyst,Network Engineer
Research,0,0,1,1,0,0,0,0,0,0,0,0,1,0,0,0,81,67,62,52,98,87,82,77,75,62,Research Scientist,Data Scientist,Research Analyst,Laboratory Researcher,Scientific Writer
Science,1,0,1,0,0,0,0,0,1,0,1,0,0,0,0,0,100,85,51,43,100,88,93,42,81,48,Physicist,Chemist,Mathematician,Statistician,Geologist
Media & Creative,1,0,0,0,0,0,0,0,1,0,0,1,0,0,0,0,57,71,52,56,79,59,55,55,100,66,Animator,Film Director,Video Editor,Journalist,Content Writer
Forensics,1,0,1,0,0,0,0,0,1,0,1,0,0,0,0,0,65,63,57,62,65,85,49,52,67,77,Criminologist,Forensic Scientist,Crime Scene Investigator,Forensic Psychologist,Digital Forensics Analyst
all,0,0,0,1,0,0,0,1,0,0,0,0,0,0,0,0,0,38,68,58,61,39,17,70,77,59,Graphic Designer,Fashion Designer,Interior Designer,Social Media Manager,VFX Artist
all,0,0,0,1,0,0,1,0,0,0,0,0,0,0,0,0,50,55,93,84,75,53,61,93,83,72,Social Worker,School Teacher,Professor,Special Education Teacher,Social Welfare Officer
all,0,1,0,0,0,0,0,0,1,0,1,0,0,1,0,0,75,93,67,66,64,60,95,68,73,55,IT Project Manager,Network Engineer,Cloud Engineer,AI Engineer,Machine Learning Engineer
all,0,1,0,0,0,1,0,0,0,1,0,0,0,0,0,0,77,73,36,47,62,73,64,51,67,72,Software Developer,Web Developer,Mobile App Developer,Game Developer,Software Tester / QA Engineer
Fashion,0,1,0,0,0,0,0,0,0,0,0,0,0,0,1,0,41,79,78,69,83,53,59,78,89,70,Fashion Designer,Textile Designer,Makeup Artist,Cosmetologist,Fashion Stylist
all,0,0,1,0,0,1,0,0,0,0,1,0,0,0,0,0,51,63,73,55,63,59,53,68,78,52,Animator,Film Director,Video Editor,Journalist,Content Writer
Defense,0,0,0,0,0,0,1,0,1,1,0,0,0,0,0,0,63,79,64,72,74,51,70,67,83,63,Navy Officer,Army Officer,Air Force Officer,Defense Scientist,Coast Guard Officer
all,0,0,0,0,0,1,0,0,0,0,0,0,0,0,1,1,64,71,55,72,83,43,65,62,81,65,Investment Banker,Auditor,Management Consultant,Banking Officer,Digital Marketing Specialist
Space Science,1,0,1,0,0,0,0,0,0,0,1,0,0,0,0,0,75,93,55,67,89,89,94,68,75,54,Space Scientist,ISRO Scientist,DRDO Scientist,Astronomer,Aerospace Engineer
IT & Computer,0,1,0,0,1,0,0,0,0,1,0,0,1,0,0,0,62,61,58,40,80,94,66,44,64,38,Software Developer,Web Developer,Mobile App Developer,Game Developer,Software Tester / QA Engineer
Healthcare,0,0,0,0,0,0,0,0,0,0,0,1,0,0,1,0,63,65,66,74,53,67,57,62,48,93,Doctor,Nurse,Pharmacist,Medical Lab Technologist,Medical Researcher
Space Science,0,0,1,0,0,0,0,0,0,0,1,0,0,0,0,0,85,73,65,65,78,93,95,75,68,48,Space Scientist,ISRO Scientist,DRDO Scientist,Astronomer,Aerospace Engineer
Engineering,1,0,0,0,0,0,1,0,0,1,0,0,0,1,0,0,97,86,5,47,68,77,88,17,65,54,Civil Engineer,Mechanical Engineer,Electrical Engineer,Electronics Engineer,Chemical Engineer
all,1,0,0,0,0,0,0,0,0,0,1,1,0,0,1,0,87,90,70,51,84,100,85,66,72,63,Data Analyst,Data Scientist,Cybersecurity Analyst,Network Engineer,Cloud Engineer
Education,0,0,0,0,1,0,0,0,0,0,1,1,0,0,1,0,66,73,91,94,70,88,74,87,58,77,Training Manager,School Teacher,Professor,Special Education Teacher,Curriculum Developer
all,0,0,0,0,0,0,0,0,0,1,1,0,0,0,0,0,62,81,44,70,75,80,77,64,84,61,Network Engineer,Cloud Engineer,AI Engineer,Machine Learning Engineer,DevOps Engineer
Healthcare,1,0,0,0,0,1,0,0,0,1,0,1,0,0,0,0,80,76,89,100,61,71,75,80,56,89,Doctor,Nurse,Pharmacist,Medical Lab Technologist,Medical Researcher
Media & Creative,0,0,1,0,1,0,0,0,1,1,0,0,0,0,0,0,53,62,67,77,57,59,34,70,91,61,Graphic Designer,Fashion Designer,Interior Designer,Social Media Manager,VFX Artist
all,0,0,0,0,0,0,0,0,0,0,0,0,0,1,0,1,68,85,35,63,52,66,77,43,60,56,Network Engineer,Cloud Engineer,AI Engineer,Machine Learning Engineer,DevOps Engineer
all,1,0,0,0,0,0,0,0,0,0,0,0,0,0,0,1,79,67,65,79,58,75,84,71,44,60,IT Project Manager,Accountant,Chartered Accountant (CA),Marketing Manager,Human Resource Manager
all,1,1,0,0,0,0,0,0,0,1,0,0,0,0,0,0,72,48,73,67,68,77,56,70,69,72,IT Project Manager,Software Developer,Web Developer,Mobile App Developer,IT Support Specialist
Fashion,0,0,0,0,0,0,0,0,1,0,0,0,0,0,1,0,53,33,69,83,69,47,53,79,71,65,Cosmetologist,Fashion Designer,Textile Designer,Makeup Artist,Fashion Stylist
Science,0,1,1,1,0,0,0,1,0,0,0,0,0,0,0,0,100,73,60,55,66,91,94,56,52,60,Physicist,Chemist,Mathematician,Statistician,Geologist
Research,0,1,0,1,0,0,0,0,0,0,1,1,0,0,0,0,78,66,81,60,71,76,74,73,69,54,Research Scientist,Data Scientist,Research Analyst,Laboratory Researcher,Scientific Writer
Defense,0,0,0,0,0,0,1,0,0,1,0,0,0,0,1,0,80,55,56,64,37,72,80,57,48,74,Navy Officer,Army Officer,Air Force Officer,Defense Scientist,Coast Guard Officer
all,0,0,0,1,0,1,0,0,0,0,0,0,1,0,0,0,35,75,58,67,45,50,74,60,79,59,Animator,Film Director,Video Editor,Journalist,Content Writer
Hospitality,0,0,0,0,0,1,0,0,0,1,0,1,1,0,0,0,57,65,92,77,68,60,52,88,69,86,Hotel Manager,Event Manager,Airline Manager,Wedding Planner,NGO Program Manager
Hospitality,1,0,0,0,0,0,0,1,0,1,0,0,0,1,0,0,56,72,87,54,68,49,75,70,74,63,Hotel Manager,Event Manager,Airline Manager,Wedding Planner,NGO Program Manager
Forensics,0,0,1,0,0,1,0,0,0,1,0,0,0,0,0,1,71,52,57,36,56,67,70,47,35,45,Criminologist,Forensic Scientist,Crime Scene Investigator,Forensic Psychologist,Digital Forensics Analyst
all,0,0,0,0,0,0,1,0,1,0,0,0,0,0,1,0,26,50,59,91,57,48,28,68,84,86,Graphic Designer,Fashion Designer,Interior Designer,Social Media Manager,VFX Artist
all,0,0,0,0,0,0,1,1,1,0,1,0,0,0,0,0,80,68,58,65,77,72,67,70,71,38,Software Developer,Web Developer,Mobile App Developer,Game Developer,Software Tester / QA Engineer
all,1,0,1,0,0,0,0,1,0,0,1,0,0,0,0,0,97,73,62,66,62,68,80,70,60,44,Network Engineer,Cloud Engineer,AI Engineer,Machine Learning Engineer,DevOps Engineer
all,0,0,0,0,0,0,1,0,0,0,0,0,0,0,1,1,48,58,77,55,63,65,73,75,42,59,Accountant,Chartered Accountant (CA),Marketing Manager,Human Resource Manager,Operations Manager
all,0,1,0,1,0,0,0,0,0,1,0,0,0,0,0,1,70,63,85,55,47,69,77,77,52,74,IT Project Manager,Accountant,Chartered Accountant (CA),Marketing Manager,Human Resource Manager
Healthcare,0,0,0,0,0,0,1,1,1,0,0,0,0,0,1,0,47,52,59,81,42,71,67,64,43,90,Doctor,Nurse,Pharmacist,Medical Lab Technologist,Medical Researcher
Business & Finance,0,0,1,0,0,0,0,0,0,1,0,0,0,0,0,0,56,76,38,71,60,62,61,38,53,79,Investment Banker,Auditor,Management Consultant,Banking Officer,Digital Marketing Specialist
Media & Creative,0,0,0,0,0,1,0,0,0,0,0,0,0,0,0,1,84,87,86,79,61,69,70,88,73,86,Public Relations Manager,Animator,Film Director,Video Editor,Journalist
all,0,0,0,0,1,0,0,0,0,0,1,0,0,0,0,0,90,69,67,52,70,85,89,73,64,34,Data Analyst,Data Scientist,Cybersecurity Analyst,Database Administrator,Systems Analyst
all,0,0,0,0,0,0,1,1,1,0,1,0,0,0,0,0,47,58,53,90,71,74,45,53,78,93,Animator,Film Director,Video Editor,Journalist,Content Writer
all,0,0,0,0,0,0,0,1,0,0,0,0,1,1,0,1,79,84,82,73,70,71,82,81,77,74,Accountant,Chartered Accountant (CA),Marketing Manager,Human Resource Manager,Operations Manager
Defense,0,0,0,0,1,0,1,0,0,1,0,0,0,1,0,0,79,84,43,51,100,84,68,47,93,71,Navy Officer,Army Officer,Air Force Officer,Defense Scientist,Coast Guard Officer
Science,0,0,1,0,0,0,0,0,0,0,0,0,0,1,0,0,99,81,76,34,82,100,95,58,94,43,Physicist,Chemist,Mathematician,Statistician,Geologist
Defense,0,0,0,0,0,1,1,0,1,1,0,0,0,0,0,0,89,64,52,54,65,86,97,59,38,45,Defense Scientist,Navy Officer,Army Officer,Air Force Officer,Coast Guard Officer
all,0,0,1,1,1,0,0,0,0,0,0,0,0,0,0,0,62,61,100,89,54,62,82,100,43,67,Public Relations Manager,IT Project Manager,Training Manager,Accountant,Chartered Accountant (CA)
Media & Creative,1,1,0,1,0,1,0,0,0,0,0,0,0,0,0,0,50,56,74,83,54,35,60,72,70,60,Animator,Film Director,Video Editor,Journalist,Content Writer
IT & Computer,1,0,0,0,0,0,0,1,0,0,0,0,1,1,0,0,66,74,37,43,62,80,73,40,83,70,Software Developer,Web Developer,Mobile App Developer,Network Engineer,Cloud Engineer
all,0,0,0,0,0,1,0,1,0,0,0,0,1,1,0,0,50,77,42,91,51,61,62,71,79,98,IT Project Manager,Accountant,Chartered Accountant (CA),Marketing Manager,Human Resource Manager
Media & Creative,0,0,1,0,1,0,0,0,1,0,1,0,0,0,0,0,53,70,58,74,68,70,40,70,79,79,Public Relations Manager,Graphic Designer,Animator,Film Director,Video Editor
Engineering,1,0,0,1,0,0,0,0,0,0,0,0,0,1,0,0,76,64,38,38,63,86,84,60,46,28,Civil Engineer,Mechanical Engineer,Electrical Engineer,Electronics Engineer,Chemical Engineer
Hospitality,1,0,0,0,0,0,0,1,0,1,0,0,0,0,0,1,65,66,88,82,57,57,53,85,55,90,Hotel Manager,Event Manager,Airline Manager,Wedding Planner,NGO Program Manager
all,0,1,0,0,0,0,1,0,0,0,0,0,1,0,1,0,95,60,64,85,74,90,70,72,62,97,IT Project Manager,Accountant,Chartered Accountant (CA),Marketing Manager,Human Resource Manager
Design,0,0,1,0,0,0,1,1,1,0,0,0,0,0,0,0,55,49,42,45,58,65,50,53,78,45,Architect,Urban Planner,Interior Designer,Industrial Designer,Graphic Designer
Space Science,0,0,0,0,1,0,0,1,0,0,1,0,0,0,1,0,99,92,97,69,92,92,99,85,75,25,Space Scientist,ISRO Scientist,DRDO Scientist,Astronomer,Aerospace Engineer
Aviation,0,0,0,0,0,0,0,0,0,1,1,0,0,0,1,0,67,77,74,79,53,54,83,92,60,63,Pilot,Commercial Pilot,Air Traffic Controller,Flight Dispatcher,Aircraft Maintenance Engineer
all,0,0,0,1,0,0,0,0,0,0,0,0,0,1,1,0,96,79,70,60,85,78,77,51,72,56,Network Engineer,Cloud Engineer,AI Engineer,Machine Learning Engineer,DevOps Engineer
all,0,1,0,0,0,0,0,0,0,0,1,0,0,0,0,1,65,56,40,60,70,76,63,42,62,58,Software Developer,Web Developer,Mobile App Developer,Game Developer,Software Tester / QA Engineer
IT & Computer,0,0,0,1,0,0,0,0,0,0,0,0,1,1,1,0,70,63,34,60,69,79,62,50,60,58,Software Developer,Web Developer,Mobile App Developer,Game Developer,Software Tester / QA Engineer
Hospitality,0,1,0,0,0,0,1,1,0,1,0,0,0,0,0,0,83,75,62,77,46,61,78,69,66,84,Hotel Manager,Event Manager,Airline Manager,Wedding Planner,NGO Program Manager
Design,0,0,1,0,1,0,1,0,0,0,0,0,0,0,1,0,74,85,70,72,77,56,70,67,77,48,Architect,Urban Planner,Interior Designer,Industrial Designer,Graphic Designer
Defense,0,1,0,0,0,0,1,1,0,1,0,0,0,0,0,0,73,60,49,65,65,64,86,60,68,54,Navy Officer,Army Officer,Air Force Officer,Defense Scientist,Coast Guard Officer
Biotech,0,0,0,1,0,0,0,1,0,0,1,1,0,0,0,0,59,66,75,64,52,88,68,57,50,44,Biomedical Engineer,Agricultural Scientist,Environmental Scientist,Food Technologist,Biotechnologist
Fashion,0,0,0,0,0,0,1,0,0,0,0,0,1,0,1,0,46,71,71,69,79,70,24,65,84,83,Fashion Designer,Textile Designer,Makeup Artist,Cosmetologist,Fashion Stylist
Business & Finance,0,0,1,0,1,1,0,0,0,0,0,0,1,0,0,0,72,92,69,77,58,61,60,87,69,82,Accountant,Chartered Accountant (CA),Marketing Manager,Human Resource Manager,Operations Manager
Fashion,0,0,0,0,0,1,0,0,1,0,0,0,0,0,1,0,50,54,69,68,91,63,48,68,74,58,Cosmetologist,Fashion Designer,Textile Designer,Makeup Artist,Fashion Stylist
Hospitality,0,0,0,0,0,0,0,0,0,1,0,0,0,0,0,1,58,58,90,90,60,66,61,81,49,86,Hotel Manager,Event Manager,Airline Manager,Wedding Planner,NGO Program Manager
Forensics,1,0,1,1,0,0,0,0,0,0,1,0,0,0,0,0,78,62,85,49,43,75,73,69,19,57,Forensic Scientist,Criminologist,Crime Scene Investigator,Forensic Psychologist,Digital Forensics Analyst
all,0,0,0,0,0,1,1,0,0,0,0,0,0,0,0,0,51,55,44,49,54,66,49,47,49,71,Animator,Film Director,Video Editor,Journalist,Content Writer
Science,0,0,1,0,0,0,0,0,0,0,1,0,0,1,0,0,84,74,52,55,72,71,78,52,61,54,Physicist,Chemist,Mathematician,Statistician,Geologist
all,1,0,0,0,0,0,0,0,0,0,1,1,0,0,0,0,83,53,71,48,67,71,71,73,47,44,Network Engineer,Cloud Engineer,AI Engineer,Machine Learning Engineer,DevOps Engineer
Science,0,0,1,1,0,0,0,0,1,0,1,0,0,0,0,0,70,68,65,55,79,65,76,72,66,63,Physicist,Chemist,Mathematician,Statistician,Geologist
Business & Finance,0,0,1,0,0,0,0,1,0,0,0,0,0,0,1,1,56,56,69,60,57,53,81,68,22,49,Accountant,Chartered Accountant (CA),Marketing Manager,Human Resource Manager,Operations Manager
Science,0,0,1,0,1,0,0,0,0,0,1,0,0,0,0,0,84,78,43,63,87,78,82,45,77,59,Physicist,Chemist,Mathematician,Statistician,Geologist
Healthcare,0,0,0,1,0,0,1,1,0,0,0,0,0,0,0,1,50,38,66,78,41,61,59,69,28,87,Doctor,Nurse,Pharmacist,Medical Lab Technologist,Medical Researcher
Law & Government,0,0,1,1,0,0,0,0,0,0,0,0,0,0,0,0,63,76,67,76,60,67,72,79,53,60,Social Welfare Officer,Lawyer / Advocate,Judge,Legal Advisor,Public Prosecutor
Science,0,1,1,0,0,0,0,0,0,0,1,0,0,0,0,0,87,81,83,43,83,76,98,83,75,26,Physicist,Chemist,Mathematician,Statistician,Geologist
all,0,0,0,0,1,1,0,0,0,1,0,0,0,0,0,0,65,77,87,76,73,59,67,77,92,69,Public Relations Manager,Graphic Designer,Animator,Film Director,Video Editor
all,0,0,0,1,0,1,0,1,0,0,0,0,0,0,0,1,77,72,60,78,70,76,47,56,90,86,Animator,Film Director,Video Editor,Journalist,Content Writer
all,1,0,0,0,0,0,1,0,0,0,0,0,0,0,0,0,80,70,55,62,39,64,90,54,45,83,IT Project Manager,Network Engineer,Cloud Engineer,AI Engineer,Machine Learning Engineer
all,0,0,0,0,0,0,0,0,1,1,0,0,0,0,0,0,44,70,43,68,76,60,49,61,96,76,Graphic Designer,Fashion Designer,Interior Designer,Social Media Manager,VFX Artist
Space Science,1,1,1,0,0,0,0,0,0,0,0,0,0,0,0,0,100,76,52,72,62,84,91,61,55,88,Space Scientist,ISRO Scientist,DRDO Scientist,Astronomer,Aerospace Engineer
all,0,0,1,0,1,0,0,0,0,0,0,0,0,0,0,0,65,61,72,84,44,52,59,71,54,91,Animator,Film Director,Video Editor,Journalist,Content Writer
Healthcare,0,0,0,0,0,0,1,0,0,0,1,1,0,0,0,0,92,81,100,53,52,70,80,79,70,44,Doctor,Nurse,Pharmacist,Medical Lab Technologist,Biomedical Scientist
Biotech,0,0,0,0,1,0,0,1,0,0,0,0,0,0,0,0,80,81,65,83,69,62,96,72,67,83,Tourism Manager,Real Estate Manager,Biomedical Engineer,Agricultural Scientist,Environmental Scientist
Biotech,0,0,0,0,0,0,0,0,0,0,1,0,0,0,0,1,81,99,46,59,67,81,71,64,69,49,Biomedical Engineer,Agricultural Scientist,Environmental Scientist,Food Technologist,Biotechnologist
Media & Creative,0,0,0,0,1,0,0,0,1,0,0,0,0,0,0,1,47,54,56,74,55,37,38,66,89,72,Graphic Designer,Fashion Designer,Interior Designer,Social Media Manager,VFX Artist
all,1,0,0,0,0,0,0,0,0,1,0,0,0,1,0,1,88,67,52,48,83,99,73,55,67,42,Software Developer,Web Developer,Mobile App Developer,Network Engineer,Cloud Engineer
all,0,0,0,0,0,0,1,0,0,1,0,1,1,0,0,0,71,92,82,70,78,74,71,73,83,74,Accountant,Chartered Accountant (CA),Marketing Manager,Human Resource Manager,Operations Manager
Engineering,0,0,0,0,0,0,0,0,0,0,1,0,1,1,1,0,100,96,49,48,81,79,94,48,73,55,Civil Engineer,Mechanical Engineer,Electrical Engineer,Electronics Engineer,Chemical Engineer
Media & Creative,0,0,0,0,1,0,0,0,1,0,0,0,0,0,1,0,73,83,87,64,73,73,69,83,89,74,Public Relations Manager,Graphic Designer,Animator,Film Director,Video Editor
all,1,1,0,0,0,0,0,0,0,0,0,1,0,1,0,0,91,67,32,55,64,83,96,48,43,42,Software Developer,Web Developer,Mobile App Developer,Data Analyst,Data Scientist
Space Science,0,0,0,0,0,0,0,0,0,0,1,0,0,1,0,1,100,100,94,97,99,99,86,91,95,99,Space Scientist,ISRO Scientist,DRDO Scientist,Astronomer,Aerospace Engineer
all,0,0,0,0,1,0,0,0,0,1,0,0,0,0,0,0,63,44,58,65,82,86,36,66,57,92,Social Worker,School Teacher,Professor,Special Education Teacher,Social Welfare Officer
Education,0,0,0,1,1,0,0,0,0,0,0,0,0,0,0,0,54,38,81,79,71,69,44,85,71,74,School Teacher,Professor,Special Education Teacher,Training Manager,College Lecturer
Marine,0,0,0,0,0,0,1,0,0,1,0,0,1,0,0,1,64,65,65,55,63,60,69,58,80,66,Ship Captain,Marine Engineer,Marine Biologist,Naval Architect,Oceanographer
Healthcare,0,1,0,0,0,0,1,0,0,0,0,1,0,0,1,0,47,54,49,79,60,57,48,68,60,81,Social Worker,Doctor,Dentist,Nurse,Pharmacist
all,0,0,0,0,1,0,1,1,0,0,0,0,0,1,0,0,66,64,100,96,59,63,63,92,70,84,Social Worker,School Teacher,Professor,Special Education Teacher,Social Welfare Officer
Marine,0,0,0,0,0,0,1,0,0,1,0,0,1,0,1,0,86,58,77,64,70,85,79,78,49,62,Marine Engineer,Ship Captain,Marine Biologist,Naval Architect,Oceanographer
Sports / Fitness,0,0,0,0,1,0,1,0,0,0,0,0,0,0,0,0,53,38,70,68,59,69,30,56,38,88,Sports Coach,Fitness Trainer,Yoga Instructor,Sports Physiotherapist,Sports Psychologist
Research,0,0,0,1,0,0,0,0,0,0,0,0,0,0,1,1,78,77,66,78,85,85,67,68,74,66,Research Scientist,Data Scientist,Research Analyst,Laboratory Researcher,Scientific Writer
Hospitality,0,0,0,0,0,0,0,0,1,1,1,0,0,0,0,0,51,65,89,93,57,42,64,87,67,77,Hotel Manager,Event Manager,Airline Manager,Wedding Planner,NGO Program Manager
Biotech,0,0,0,0,0,0,0,1,0,0,1,1,0,0,0,0,79,75,59,65,82,87,60,78,100,65,Tourism Manager,Real Estate Manager,Biomedical Engineer,Food Technologist,Biotechnologist
Aviation,0,1,1,0,0,0,0,0,0,1,0,0,0,0,0,0,40,65,73,61,68,44,78,68,64,87,Pilot,Commercial Pilot,Air Traffic Controller,Flight Dispatcher,Aircraft Maintenance Engineer
all,0,0,0,0,0,1,0,0,0,0,0,0,1,0,1,0,46,75,47,54,46,44,54,45,87,75,Investment Banker,Auditor,Management Consultant,Banking Officer,Digital Marketing Specialist
all,0,0,0,0,0,1,0,1,1,0,0,0,0,0,1,0,60,57,58,55,86,47,48,66,86,73,Graphic Designer,Animator,Film Director,Video Editor,Journalist
all,0,0,0,0,0,0,1,0,0,0,0,0,0,0,0,1,74,62,48,42,55,67,62,58,48,51,Investment Banker,Auditor,Management Consultant,Banking Officer,Digital Marketing Specialist
Media & Creative,0,0,1,0,1,1,0,0,0,0,0,0,0,0,0,0,47,81,58,89,71,35,41,66,77,81,Graphic Designer,Fashion Designer,Interior Designer,Social Media Manager,VFX Artist
Sports / Fitness,0,1,0,0,0,0,1,0,0,0,0,0,0,0,0,0,57,72,58,85,47,56,68,72,43,93,Sports Coach,Fitness Trainer,Yoga Instructor,Sports Physiotherapist,Sports Psychologist
Marine,0,0,0,0,0,0,0,0,0,1,0,0,0,1,0,0,86,58,68,76,58,83,86,73,32,41,Marine Engineer,Ship Captain,Marine Biologist,Naval Architect,Oceanographer
Aviation,0,0,1,0,0,0,0,0,0,1,0,0,0,1,0,0,82,77,79,90,36,62,79,74,48,79,Aircraft Maintenance Engineer,Pilot,Commercial Pilot,Air Traffic Controller,Flight Dispatcher
Law & Government,0,0,1,0,1,0,0,0,0,1,0,0,1,0,0,0,91,68,92,63,47,65,79,82,44,66,Social Welfare Officer,Lawyer / Advocate,Judge,Legal Advisor,Public Prosecutor
all,0,0,1,0,1,0,1,0,0,0,1,0,0,0,0,0,81,47,69,35,54,79,52,67,42,45,Animator,Film Director,Video Editor,Journalist,Content Writer
all,0,1,1,0,0,0,0,0,0,0,0,1,0,0,0,0,29,48,75,71,74,60,39,84,88,91,Social Worker,School Teacher,Professor,Special Education Teacher,Social Welfare Officer
Law & Government,0,0,0,1,0,1,0,0,0,0,0,0,0,0,0,0,46,55,64,82,54,73,55,65,56,94,Social Welfare Officer,Lawyer / Advocate,Judge,Legal Advisor,Public Prosecutor
Fashion,0,0,0,0,0,1,0,0,1,0,0,0,0,0,0,0,46,69,48,78,73,57,37,63,91,89,Fashion Designer,Textile Designer,Makeup Artist,Cosmetologist,Fashion Stylist
Business & Finance,0,0,0,0,0,1,0,0,0,0,0,0,0,0,0,1,87,56,44,75,24,57,90,51,38,88,Accountant,Chartered Accountant (CA),Marketing Manager,Human Resource Manager,Operations Manager
all,0,0,0,0,0,0,0,0,0,1,0,1,1,0,0,0,52,59,83,82,89,67,58,75,54,50,Investment Banker,Auditor,Management Consultant,Banking Officer,Digital Marketing Specialist
all,0,0,1,0,0,0,0,0,0,0,1,0,0,1,0,0,58,85,74,57,57,71,61,77,57,67,IT Project Manager,Doctor,Nurse,Pharmacist,Medical Lab Technologist
Education,1,0,1,0,0,0,0,0,0,0,0,1,0,0,0,0,69,55,71,66,73,67,61,86,71,50,Training Manager,School Teacher,College Lecturer,Professor,Special Education Teacher
all,0,0,0,0,0,0,0,0,0,1,0,0,0,1,0,0,66,35,62,44,57,70,55,59,39,56,IT Support Specialist,Technical Consultant,Ethical Hacker,Game Tester,Esports Player
Law & Government,0,0,0,1,0,0,1,1,0,0,0,0,1,0,0,0,69,37,77,57,36,72,44,81,23,53,Social Welfare Officer,Lawyer / Advocate,Judge,Legal Advisor,Public Prosecutor
Biotech,0,0,0,0,0,0,1,1,0,0,1,0,0,0,0,0,73,79,63,72,90,100,61,63,94,77,Tourism Manager,Real Estate Manager,Biomedical Engineer,Agricultural Scientist,Food Technologist
all,0,0,1,0,0,1,0,1,1,0,0,0,0,0,0,0,65,82,48,79,69,47,69,65,93,74,Graphic Designer,Fashion Designer,Interior Designer,Social Media Manager,VFX Artist
Aviation,0,1,0,0,0,0,0,0,0,1,0,0,0,0,1,0,83,70,56,47,68,76,91,69,67,43,Aircraft Maintenance Engineer,Pilot,Commercial Pilot,Air Traffic Controller,Flight Dispatcher
Engineering,1,0,0,1,0,0,0,0,0,0,1,0,0,0,0,0,79,88,54,80,97,93,91,53,73,56,Civil Engineer,Mechanical Engineer,Electrical Engineer,Electronics Engineer,Chemical Engineer
all,1,1,0,0,0,0,0,0,0,0,1,0,0,0,0,0,87,68,73,69,62,75,83,93,69,36,Network Engineer,Cloud Engineer,AI Engineer,Machine Learning Engineer,DevOps Engineer
Media & Creative,0,0,0,1,0,1,0,0,0,1,0,1,0,0,0,0,37,56,80,74,63,46,22,85,79,80,Graphic Designer,Fashion Designer,Interior Designer,Social Media Manager,VFX Artist
all,0,0,1,0,0,0,0,0,0,1,0,0,0,0,0,0,83,82,98,81,89,85,75,91,79,86,IT Project Manager,Training Manager,Accountant,Chartered Accountant (CA),Marketing Manager
Media & Creative,1,0,0,0,1,1,0,0,0,0,0,1,0,0,0,0,44,75,58,50,77,50,46,71,81,64,Animator,Film Director,Video Editor,Journalist,Content Writer
Fashion,0,0,0,0,0,1,0,1,0,0,0,0,0,0,0,0,48,71,56,92,63,35,53,81,81,64,Fashion Designer,Textile Designer,Makeup Artist,Cosmetologist,Fashion Stylist
all,1,0,1,0,0,0,0,0,0,0,0,0,1,0,0,0,76,92,68,64,61,64,100,85,64,66,IT Project Manager,Accountant,Chartered Accountant (CA),Marketing Manager,Human Resource Manager
all,0,1,0,1,0,0,0,0,0,0,1,0,0,0,0,1,77,93,59,67,94,86,78,61,79,53,Software Developer,Web Developer,Mobile App Developer,Network Engineer,Cloud Engineer
Sports / Fitness,0,0,0,0,1,0,1,0,0,0,0,0,1,0,0,0,33,71,89,45,76,56,42,74,81,60,Sports Coach,Fitness Trainer,Yoga Instructor,Sports Physiotherapist,Sports Psychologist
all,0,0,0,1,1,0,0,0,0,0,0,0,0,0,0,0,91,54,40,86,84,95,64,84,36,75,Public Relations Manager,Doctor,Nurse,Pharmacist,Medical Lab Technologist
Sports / Fitness,0,0,0,0,0,0,1,0,1,0,0,0,0,0,0,0,69,57,61,55,61,64,62,52,67,85,Sports Coach,Fitness Trainer,Yoga Instructor,Sports Physiotherapist,Sports Psychologist
Engineering,0,0,0,1,0,0,0,0,0,0,0,0,1,1,0,0,77,60,82,51,80,77,69,81,63,50,Civil Engineer,Mechanical Engineer,Electrical Engineer,Electronics Engineer,Chemical Engineer
Healthcare,0,1,0,0,0,0,1,0,0,0,0,1,0,0,0,0,70,51,82,74,78,83,44,67,47,89,Social Worker,Doctor,Nurse,Pharmacist,Medical Lab Technologist
all,0,1,0,0,0,0,0,1,1,0,1,0,0,0,0,0,71,34,55,49,51,90,65,51,35,56,Network Engineer,Cloud Engineer,AI Engineer,Machine Learning Engineer,DevOps Engineer
Space Science,0,0,0,0,0,1,0,0,0,0,1,0,0,1,0,0,93,90,43,47,82,86,92,36,66,61,Space Scientist,ISRO Scientist,DRDO Scientist,Astronomer,Aerospace Engineer
all,1,0,0,0,0,0,1,1,0,0,0,1,0,0,0,0,93,66,95,90,71,68,86,78,64,63,IT Project Manager,Training Manager,Accountant,Chartered Accountant (CA),Marketing Manager
all,1,0,1,0,1,0,0,0,0,0,0,0,0,0,0,0,88,70,42,59,71,71,85,53,62,65,Network Engineer,Cloud Engineer,AI Engineer,Machine Learning Engineer,DevOps Engineer
Media & Creative,0,0,0,0,0,1,0,0,1,0,1,0,0,1,0,0,68,72,69,62,76,75,53,82,92,63,Public Relations Manager,Graphic Designer,Animator,Film Director,Video Editor
all,0,0,1,0,0,0,0,0,1,0,0,0,0,1,0,1,81,80,33,47,100,77,78,61,100,50,Network Engineer,Cloud Engineer,AI Engineer,Machine Learning Engineer,DevOps Engineer
all,0,1,0,1,1,0,0,0,1,0,0,0,0,0,0,0,56,92,73,68,73,48,82,77,86,65,Public Relations Manager,Animator,Film Director,Video Editor,Journalist
Hospitality,0,0,0,0,0,0,0,1,0,1,0,1,0,0,1,0,69,91,68,94,61,61,89,77,73,86,Hotel Manager,Event Manager,Airline Manager,Wedding Planner,NGO Program Manager
Design,0,0,0,0,0,0,1,0,1,0,0,0,0,1,1,0,59,79,50,51,54,57,56,63,87,62,Architect,Urban Planner,Interior Designer,Industrial Designer,Graphic Designer
Research,1,0,1,1,0,0,0,0,0,0,0,0,0,0,0,0,71,80,50,92,90,75,94,79,93,87,Research Scientist,Data Scientist,Research Analyst,Laboratory Researcher,Scientific Writer
all,0,0,1,0,0,0,1,0,0,0,1,0,0,1,0,0,75,73,62,42,68,88,81,62,63,43,Network Engineer,Cloud Engineer,AI Engineer,Machine Learning Engineer,DevOps Engineer
all,0,0,1,0,1,1,0,0,0,0,0,0,0,0,0,0,63,59,63,50,63,57,57,62,82,86,Animator,Film Director,Video Editor,Journalist,Content Writer
Business & Finance,0,0,1,0,0,0,0,0,0,0,0,0,0,1,0,1,85,61,65,93,43,65,93,69,32,97,Accountant,Chartered Accountant (CA),Marketing Manager,Human Resource Manager,Operations Manager
all,0,0,0,0,0,0,0,0,0,1,0,0,0,0,1,0,80,59,81,64,59,82,59,68,50,64,IT Project Manager,Doctor,Nurse,Pharmacist,Medical Lab Technologist
all,0,0,1,1,0,0,0,0,0,0,1,0,0,0,0,0,54,82,100,81,90,63,84,91,66,86,Public Relations Manager,IT Project Manager,Training Manager,Accountant,Chartered Accountant (CA)
Design,0,0,1,0,1,0,0,0,1,0,0,0,0,0,0,0,86,79,70,82,98,74,81,67,85,74,Architect,Urban Planner,Interior Designer,Industrial Designer,Graphic Designer
IT & Computer,0,1,0,1,0,0,0,0,0,0,1,0,0,0,0,0,79,75,32,60,76,81,87,47,86,69,Network Engineer,Cloud Engineer,AI Engineer,Machine Learning Engineer,DevOps Engineer
Business & Finance,0,0,1,0,1,0,0,0,0,0,0,0,0,0,0,1,48,44,82,74,73,59,52,65,73,68,Investment Banker,Auditor,Management Consultant,Banking Officer,Digital Marketing Specialist
all,0,0,1,0,0,0,1,0,0,0,0,0,0,0,0,1,85,57,98,82,37,79,81,100,48,73,Accountant,Chartered Accountant (CA),Marketing Manager,Human Resource Manager,Operations Manager
IT & Computer,0,1,0,0,0,0,0,0,0,0,1,0,0,0,0,0,82,59,50,31,72,73,66,58,57,27,Software Developer,Web Developer,Mobile App Developer,Game Developer,Software Tester / QA Engineer
all,0,1,0,0,0,0,1,0,1,0,0,0,1,0,0,0,49,44,48,56,68,77,59,48,52,73,Network Engineer,Cloud Engineer,AI Engineer,Machine Learning Engineer,DevOps Engineer
Fashion,0,1,0,0,0,1,0,0,0,0,0,0,0,1,1,0,63,72,84,85,89,60,65,72,92,68,Fashion Designer,Textile Designer,Makeup Artist,Cosmetologist,Fashion Stylist
all,0,0,0,0,0,0,1,0,0,1,1,0,1,0,0,0,94,77,40,94,28,49,97,68,45,68,Accountant,Chartered Accountant (CA),Marketing Manager,Human Resource Manager,Operations Manager
Media & Creative,0,1,0,0,1,1,0,0,1,0,0,0,0,0,0,0,69,78,77,72,79,62,60,82,91,59,Public Relations Manager,Graphic Designer,Animator,Film Director,Video Editor
Defense,0,0,0,0,1,0,1,0,0,0,0,0,0,0,1,0,72,64,61,55,73,50,84,60,59,56,Navy Officer,Army Officer,Air Force Officer,Defense Scientist,Coast Guard Officer
all,0,0,0,0,0,0,0,1,1,1,1,0,0,0,0,0,60,62,67,63,82,58,44,56,93,81,Graphic Designer,Fashion Designer,Interior Designer,Social Media Manager,VFX Artist
Law & Government,0,1,1,0,0,0,0,0,0,0,0,0,1,0,0,0,61,88,77,73,60,70,90,84,73,70,Social Welfare Officer,Policy Analyst,Lawyer / Advocate,Judge,Legal Advisor
Science,0,0,1,0,0,1,0,0,0,0,1,0,0,0,0,0,86,79,86,80,68,67,97,72,66,61,Physicist,Chemist,Mathematician,Statistician,Geologist
Biotech,0,0,0,0,0,0,0,1,0,0,1,0,0,0,1,0,38,54,84,36,75,78,49,72,79,56,Food Technologist,Biotechnologist,Microbiologist,Geneticist,Marine Biologist
Science,1,0,1,0,0,0,1,0,0,0,1,0,0,0,0,0,75,85,31,54,77,71,91,32,72,55,Physicist,Chemist,Mathematician,Statistician,Geologist
Forensics,0,1,1,0,0,0,0,1,0,0,1,0,0,0,0,0,72,55,96,80,60,59,61,82,61,50,Criminologist,Forensic Scientist,Crime Scene Investigator,Forensic Psychologist,Digital Forensics Analyst
all,0,0,0,0,1,0,1,0,0,0,0,0,0,1,0,0,49,55,45,48,54,45,61,55,61,79,IT Support Specialist,Technical Consultant,Ethical Hacker,Game Tester,Esports Player
Marine,1,0,0,0,0,0,1,0,0,1,0,0,0,1,0,0,74,62,80,70,46,77,78,86,68,68,Marine Engineer,Ship Captain,Marine Biologist,Naval Architect,Oceanographer
Aviation,0,1,1,0,0,0,0,0,0,1,0,0,1,0,0,0,48,59,73,59,66,75,62,76,58,45,Aircraft Maintenance Engineer,Pilot,Commercial Pilot,Air Traffic Controller,Flight Dispatcher
Media & Creative,0,0,1,1,0,0,0,0,0,0,1,0,0,0,0,0,30,60,65,65,55,37,35,71,99,61,Graphic Designer,Fashion Designer,Interior Designer,Social Media Manager,VFX Artist
Defense,0,0,0,0,0,0,1,0,0,1,0,0,0,0,1,0,89,86,83,77,69,76,92,76,72,100,Defense Scientist,Navy Officer,Army Officer,Air Force Officer,Coast Guard Officer
IT & Computer,0,0,0,0,1,0,0,0,0,1,0,0,0,1,0,1,77,73,65,72,59,77,67,62,57,48,Software Developer,Web Developer,Mobile App Developer,Network Engineer,Cloud Engineer
Design,0,0,0,1,0,0,0,0,1,0,0,0,0,0,0,0,53,80,78,100,51,37,52,71,82,95,Interior Designer,Industrial Designer,Graphic Designer,Architect,Urban Planner
Biotech,0,0,0,1,0,0,1,1,0,0,1,0,0,0,0,0,64,44,39,29,85,88,69,62,57,20,Agricultural Scientist,Environmental Scientist,Biomedical Engineer,Food Technologist,Biotechnologist
Research,0,0,0,0,1,0,0,0,0,0,1,0,0,0,0,0,68,81,70,40,84,90,79,64,76,64,Research Scientist,Data Scientist,Research Analyst,Laboratory Researcher,Scientific Writer
Healthcare,0,0,0,1,0,0,0,1,0,0,0,0,0,0,0,0,91,59,41,65,66,79,88,49,35,68,Biomedical Scientist,Doctor,Nurse,Pharmacist,Medical Lab Technologist
all,0,0,1,1,0,0,0,0,0,0,1,0,1,0,0,0,73,62,100,89,62,84,83,100,46,63,Accountant,Chartered Accountant (CA),Marketing Manager,Human Resource Manager,Operations Manager
Hospitality,0,0,0,1,1,0,1,0,0,1,0,0,0,0,0,0,78,67,89,83,74,70,56,89,78,76,Hotel Manager,Event Manager,Airline Manager,Wedding Planner,NGO Program Manager
all,0,0,0,0,1,0,1,1,0,0,0,0,0,0,0,0,79,52,75,65,60,69,80,81,33,72,Public Relations Manager,IT Project Manager,Training Manager,Accountant,Chartered Accountant (CA)
all,0,0,1,1,0,0,0,1,0,0,0,0,1,0,0,0,35,67,84,57,68,74,57,81,54,64,Accountant,Chartered Accountant (CA),Marketing Manager,Human Resource Manager,Operations Manager
Forensics,0,0,1,0,0,1,0,0,0,0,1,0,0,0,0,0,67,86,47,66,59,80,77,61,59,79,Forensic Scientist,Criminologist,Crime Scene Investigator,Forensic Psychologist,Digital Forensics Analyst
all,0,0,0,0,0,0,1,0,1,1,0,0,0,0,0,0,78,75,49,69,55,91,82,66,37,65,Public Relations Manager,IT Project Manager,Training Manager,Accountant,Chartered Accountant (CA)
Hospitality,0,0,1,0,1,0,1,1,0,0,0,0,0,0,0,0,64,53,63,57,71,50,63,80,78,80,Hotel Manager,Event Manager,Airline Manager,Wedding Planner,NGO Program Manager
